{
"type": "FeatureCollection",
"name": "Geomorphology_GSI",
"crs": { "type": "name", "properties": { "name": "urn:ogc:def:crs:OGC:1.3:CRS84" } },
"features": [
{ "type": "Feature", "properties": { "OBJECTID": 156878.0, "SHAPE_LENG": 482618.159667, "DESCRIPTIO": "River", "LEGEND_SHO": "Waterbody - River" }, "geometry": { "type": "MultiPolygon", "coordinates": [ [ [ [ 77.945934601, 30.340621087999956, 0.0 ], [ 77.946227745, 30.340564598, 0.0 ], [ 77.946771513999963, 30.340423636999962, 0.0 ], [ 77.947145592000012, 30.340310208, 0.0 ], [ 77.947687249999973, 30.340316061000031, 0.0 ], [ 77.948396068, 30.340470560000025, 0.0 ], [ 77.948866649000038, 30.340710585999989, 0.0 ], [ 77.949438794000031, 30.340951707999956, 0.0 ], [ 77.949841671999977, 30.341191001000038, 0.0 ], [ 77.950345270999989, 30.341490116, 0.0 ], [ 77.950814599000012, 30.341818226999976, 0.0 ], [ 77.951068747999983, 30.341992197999982, 0.0 ], [ 77.951086509000035, 30.341994963000033, 0.0 ], [ 77.951324080999967, 30.342053922000026, 0.0 ], [ 77.951582786999978, 30.342150706000041, 0.0 ], [ 77.951710658999986, 30.342302478999986, 0.0 ], [ 77.951773249000013, 30.342472347, 0.0 ], [ 77.95183610899997, 30.342623417999985, 0.0 ], [ 77.951856165000038, 30.34273643, 0.0 ], [ 77.951878406, 30.342738426, 0.0 ], [ 77.951799133000023, 30.342987109999967, 0.0 ], [ 77.951816772999976, 30.343292861000041, 0.0 ], [ 77.951834414, 30.343598611000026, 0.0 ], [ 77.95189745, 30.343809362999966, 0.0 ], [ 77.952004791999983, 30.344001493999965, 0.0 ], [ 77.952112953999958, 30.34413634200002, 0.0 ], [ 77.952220022000034, 30.344347568, 0.0 ], [ 77.952239850999987, 30.344500560999958, 0.0 ], [ 77.952324630999982, 30.344730644999988, 0.0 ], [ 77.952366748, 30.344864780999984, 0.0 ], [ 77.952408318999971, 30.345037106000031, 0.0 ], [ 77.952471084000024, 30.345266952000042, 0.0 ], [ 77.952534398000012, 30.345458609, 0.0 ], [ 77.95262, 30.345631408, 0.0 ], [ 77.952639829000034, 30.345784401999957, 0.0 ], [ 77.952702869, 30.345995152999986, 0.0 ], [ 77.952853698999974, 30.346225946999986, 0.0 ], [ 77.952940122000015, 30.346341462000041, 0.0 ], [ 77.953091500000014, 30.346534067, 0.0 ], [ 77.953221681000045, 30.346669149999975, 0.0 ], [ 77.953286635, 30.346746238999959, 0.0 ], [ 77.95332245360008, 30.346771025989575, 0.0 ], [ 77.952615229388357, 30.340883090849772, 0.0 ], [ 77.952403177, 30.340862389000026, 0.0 ], [ 77.952012837000026, 30.340876984, 0.0 ], [ 77.951276571000037, 30.340831452000042, 0.0 ], [ 77.951059865000047, 30.340829117000027, 0.0 ], [ 77.950606129, 30.340730229000016, 0.0 ], [ 77.950346889000031, 30.340671034, 0.0 ], [ 77.949979027999973, 30.340629468000028, 0.0 ], [ 77.94982760299996, 30.340609035000025, 0.0 ], [ 77.94980874, 30.340608831, 0.0 ], [ 77.949310237999967, 30.340404108000033, 0.0 ], [ 77.948674565000047, 30.340206271, 0.0 ], [ 77.947950561, 30.340026573999971, 0.0 ], [ 77.947665747999977, 30.339928008999987, 0.0 ], [ 77.947330529000041, 30.339745307999969, 0.0 ], [ 77.947186617000028, 30.339811390000019, 0.0 ], [ 77.94684428500004, 30.340072005, 0.0 ], [ 77.94646936300002, 30.340244160000033, 0.0 ], [ 77.946096551999986, 30.340269496, 0.0 ], [ 77.945690308000039, 30.340265100999989, 0.0 ], [ 77.945286177, 30.340113886, 0.0 ], [ 77.944950177, 30.339934040000042, 0.0 ], [ 77.944375936, 30.339839716999965, 0.0 ], [ 77.943971386000015, 30.339717862, 0.0 ], [ 77.943599844, 30.339655100999966, 0.0 ], [ 77.943229572, 30.339504246, 0.0 ], [ 77.942858876999978, 30.339382755, 0.0 ], [ 77.942219898000047, 30.339082142999988, 0.0 ], [ 77.941815777, 30.338930917, 0.0 ], [ 77.941477669, 30.338897880000019, 0.0 ], [ 77.940867889, 30.338920630000036, 0.0 ], [ 77.940529357999964, 30.338916954, 0.0 ], [ 77.940023682000046, 30.33876462, 0.0 ], [ 77.93975625000003, 30.338526768000044, 0.0 ], [ 77.939657234, 30.33834948300003, 0.0 ], [ 77.939523943, 30.338201193000017, 0.0 ], [ 77.939323371000015, 30.338022804, 0.0 ], [ 77.939124497, 30.337726959000037, 0.0 ], [ 77.938823641000056, 30.337459373000012, 0.0 ], [ 77.938487237000018, 30.337308874, 0.0 ], [ 77.938221896, 30.337190166000031, 0.0 ], [ 77.937973587999977, 30.337187463999985, 0.0 ], [ 77.937576239999956, 30.337259531, 0.0 ], [ 77.937377565000048, 30.337295563999959, 0.0 ], [ 77.93722264100002, 30.33735117200003, 0.0 ], [ 77.936958201999985, 30.33736739000004, 0.0 ], [ 77.936782646000026, 30.337327285, 0.0 ], [ 77.936649594000031, 30.337302692000016, 0.0 ], [ 77.93656306299998, 30.337286698000025, 0.0 ], [ 77.936366046000018, 30.33720816100001, 0.0 ], [ 77.936168754000036, 30.337148719999977, 0.0 ], [ 77.936037225, 30.337109091999984, 0.0 ], [ 77.935795353000046, 30.337087359999963, 0.0 ], [ 77.935641534000027, 30.33706658600002, 0.0 ], [ 77.935531743, 30.337046293000029, 0.0 ], [ 77.93544369, 30.337045333000038, 0.0 ], [ 77.935333897999968, 30.337025038999958, 0.0 ], [ 77.935245843999965, 30.337024078999967, 0.0 ], [ 77.935135777000013, 30.337022879000045, 0.0 ], [ 77.934408776999987, 30.337053147999974, 0.0 ], [ 77.934254127999978, 30.337089655999975, 0.0 ], [ 77.933196648999967, 30.33713541100003, 0.0 ], [ 77.932778113999973, 30.337149939999989, 0.0 ], [ 77.932607607, 30.337118419000046, 0.0 ], [ 77.932558534000023, 30.337109348, 0.0 ], [ 77.932273466999973, 30.337029844, 0.0 ], [ 77.931901455, 30.336872999, 0.0 ], [ 77.931683816000032, 30.33669874299996, 0.0 ], [ 77.931508262999984, 30.336658630000017, 0.0 ], [ 77.931332154999978, 30.336656705000035, 0.0 ], [ 77.930803279, 30.336689118999963, 0.0 ], [ 77.93061061399996, 30.336833939000044, 0.0 ], [ 77.930263611000029, 30.336830144, 0.0 ], [ 77.929900806000035, 30.336797528999963, 0.0 ], [ 77.929439357000035, 30.336735188000045, 0.0 ], [ 77.928977491000012, 30.33670148600001, 0.0 ], [ 77.928648539999983, 30.336611945999973, 0.0 ], [ 77.928186675000049, 30.336578241000026, 0.0 ], [ 77.927724393999981, 30.336573176999963, 0.0 ], [ 77.927096177999971, 30.336623584999959, 0.0 ], [ 77.926465456, 30.336845840999963, 0.0 ], [ 77.925998997999955, 30.337127188999972, 0.0 ], [ 77.92576535, 30.337296505000037, 0.0 ], [ 77.92539920199998, 30.337493012000042, 0.0 ], [ 77.924898881999965, 30.337831277999964, 0.0 ], [ 77.924204615, 30.337880947999988, 0.0 ], [ 77.923776603000022, 30.337790307000038, 0.0 ], [ 77.923513275, 30.337730121000032, 0.0 ], [ 77.923116611000026, 30.337754408, 0.0 ], [ 77.922520569000014, 30.337862440999967, 0.0 ], [ 77.922287331999982, 30.33800310799997, 0.0 ], [ 77.921855551999968, 30.338170237000032, 0.0 ], [ 77.921796216803557, 30.338183085264529, 0.0 ], [ 77.921859821964162, 30.338525614940796, 0.0 ], [ 77.922014740999984, 30.338509024, 0.0 ], [ 77.922760793, 30.338429122999958, 0.0 ], [ 77.92344171000002, 30.338172292000024, 0.0 ], [ 77.92412091, 30.338032912000038, 0.0 ], [ 77.924389589000015, 30.338182704, 0.0 ], [ 77.924519429000014, 30.338565919, 0.0 ], [ 77.924378017000038, 30.338975522999959, 0.0 ], [ 77.923964062999985, 30.339499606999979, 0.0 ], [ 77.923384268999968, 30.339786920000037, 0.0 ], [ 77.922910750999961, 30.339752348000019, 0.0 ], [ 77.922135558000036, 30.339508878000036, 0.0 ], [ 77.922038922967616, 30.339490118577132, 0.0 ], [ 77.922135803495223, 30.340011844415574, 0.0 ], [ 77.922225003999984, 30.340007671, 0.0 ], [ 77.922753343, 30.340013481000042, 0.0 ], [ 77.92308313700002, 30.340045751999959, 0.0 ], [ 77.923644079999974, 30.340080563, 0.0 ], [ 77.924138980999984, 30.340114644999975, 0.0 ], [ 77.924667321, 30.340120447000011, 0.0 ], [ 77.925096597, 30.340125159999957, 0.0 ], [ 77.925394207000011, 30.340099779999989, 0.0 ], [ 77.925613964999982, 30.340054679999987, 0.0 ], [ 77.925791714000042, 30.340018201999989, 0.0 ], [ 77.926323812, 30.339766221000012, 0.0 ], [ 77.926854653999968, 30.339600163000039, 0.0 ], [ 77.927779662000034, 30.339581654000018, 0.0 ], [ 77.928506126, 30.339589610999965, 0.0 ], [ 77.928957091000015, 30.339619018, 0.0 ], [ 77.92913828, 30.33987768, 0.0 ], [ 77.929710818000032, 30.340133862999966, 0.0 ], [ 77.930229374000035, 30.340139536, 0.0 ], [ 77.930747929999953, 30.340145206000017, 0.0 ], [ 77.931439336999958, 30.34015276300002, 0.0 ], [ 77.932305048, 30.340062254, 0.0 ], [ 77.933054798000043, 30.340020456, 0.0 ], [ 77.933919057000054, 30.340029886999979, 0.0 ], [ 77.934437611999968, 30.340035543, 0.0 ], [ 77.934783316999983, 30.340039312999959, 0.0 ], [ 77.935242082000016, 30.340194264, 0.0 ], [ 77.935722538999968, 30.340339016999977, 0.0 ], [ 77.935873611000034, 30.340239717000021, 0.0 ], [ 77.936451159000043, 30.340214718, 0.0 ], [ 77.93699218600004, 30.340220608000038, 0.0 ], [ 77.937351513000024, 30.340318387999957, 0.0 ], [ 77.937672962999969, 30.340540914999984, 0.0 ], [ 77.937740771999984, 30.340565842, 0.0 ], [ 77.937783358000047, 30.340581495999967, 0.0 ], [ 77.937807900000038, 30.340732437000021, 0.0 ], [ 77.937811887, 30.340756951, 0.0 ], [ 77.937956359999973, 30.341110697999966, 0.0 ], [ 77.937960740999983, 30.341121422999965, 0.0 ], [ 77.9380243, 30.341293993000033, 0.0 ], [ 77.93810987199997, 30.341466802000031, 0.0 ], [ 77.938215252, 30.341792605999988, 0.0 ], [ 77.938278534999981, 30.341984270000037, 0.0 ], [ 77.938339886, 30.342309596000042, 0.0 ], [ 77.938381708, 30.34246283100002, 0.0 ], [ 77.938488193000012, 30.342712256999963, 0.0 ], [ 77.938594127999977, 30.342999872999957, 0.0 ], [ 77.938589988, 30.34328629000003, 0.0 ], [ 77.938586952, 30.343496331, 0.0 ], [ 77.938694544000029, 30.343669379000019, 0.0 ], [ 77.938780119, 30.343842187000018, 0.0 ], [ 77.938886884000041, 30.34407251799998, 0.0 ], [ 77.939030867999975, 30.344363268999967, 0.0 ], [ 77.939058038, 30.344418133999977, 0.0 ], [ 77.939054726999984, 30.344647269000017, 0.0 ], [ 77.939137269999975, 30.345030115999986, 0.0 ], [ 77.939151837000026, 30.34554590800003, 0.0 ], [ 77.939127339000052, 30.345717520000019, 0.0 ], [ 77.939211538, 30.345985801000012, 0.0 ], [ 77.939230518999963, 30.34619608, 0.0 ], [ 77.939228588, 30.346329741999959, 0.0 ], [ 77.939138043000042, 30.346500634999977, 0.0 ], [ 77.939070615999967, 30.34659539, 0.0 ], [ 77.939002914000056, 30.34670924, 0.0 ], [ 77.938890903000029, 30.346841705000042, 0.0 ], [ 77.938756049999967, 30.347031213, 0.0 ], [ 77.93875329, 30.347222159, 0.0 ], [ 77.938774005000028, 30.347254535, 0.0 ], [ 77.938623578000019, 30.347415923000035, 0.0 ], [ 77.938471245000031, 30.347672083, 0.0 ], [ 77.93833145100001, 30.347917636999981, 0.0 ], [ 77.938303888000036, 30.348110699999967, 0.0 ], [ 77.938238551999959, 30.348346321000012, 0.0 ], [ 77.938197673000047, 30.348603693, 0.0 ], [ 77.938206796, 30.348829382000012, 0.0 ], [ 77.93825244999995, 30.349098436999981, 0.0 ], [ 77.938212191, 30.349312846999958, 0.0 ], [ 77.938250703, 30.350075972000038, 0.0 ], [ 77.938282460000039, 30.350198446999958, 0.0 ], [ 77.938178598999968, 30.350344396000043, 0.0 ], [ 77.938209139, 30.350516606, 0.0 ], [ 77.93832182700001, 30.350718355999987, 0.0 ], [ 77.938352573999978, 30.350876244, 0.0 ], [ 77.938399833999981, 30.351034312000017, 0.0 ], [ 77.938513351000054, 30.35117877799998, 0.0 ], [ 77.938693332000014, 30.35129532000003, 0.0 ], [ 77.938723253, 30.351510492999981, 0.0 ], [ 77.938702393999975, 30.351811050999981, 0.0 ], [ 77.938683397, 30.351982721999974, 0.0 ], [ 77.938647888, 30.352154214000041, 0.0 ], [ 77.93864560999998, 30.352311743000019, 0.0 ], [ 77.938742202999975, 30.352484670000027, 0.0 ], [ 77.938840451000019, 30.352543030999971, 0.0 ], [ 77.939021469999986, 30.352587967999959, 0.0 ], [ 77.939266679000028, 30.352762511000012, 0.0 ], [ 77.939429116000056, 30.352950477000022, 0.0 ], [ 77.939674327, 30.353125017999986, 0.0 ], [ 77.939836766000042, 30.353312984, 0.0 ], [ 77.939983726000023, 30.353429165000016, 0.0 ], [ 77.940113968999967, 30.353559486999963, 0.0 ], [ 77.940358766999978, 30.353762668999988, 0.0 ], [ 77.940521623000038, 30.353921992000025, 0.0 ], [ 77.940652279, 30.354023672, 0.0 ], [ 77.940815549000021, 30.354154352999977, 0.0 ], [ 77.940880360999969, 30.35424099500004, 0.0 ], [ 77.940960653000033, 30.354399422, 0.0 ], [ 77.940991819000033, 30.354528668000039, 0.0 ], [ 77.940973031999988, 30.354686017, 0.0 ], [ 77.940821519999986, 30.354884896000026, 0.0 ], [ 77.94080294000004, 30.355027925999959, 0.0 ], [ 77.940784153, 30.355185276000011, 0.0 ], [ 77.940798187, 30.355357306000034, 0.0 ], [ 77.94083018, 30.355429269000037, 0.0 ], [ 77.940845038999967, 30.355544015000028, 0.0 ], [ 77.940874551000022, 30.35578782900004, 0.0 ], [ 77.940871657999949, 30.355988320000019, 0.0 ], [ 77.940885897999976, 30.356146029000012, 0.0 ], [ 77.940883004, 30.356346522, 0.0 ], [ 77.940979397, 30.35653376800003, 0.0 ], [ 77.941109438, 30.356678411, 0.0 ], [ 77.941190352000035, 30.356793873999969, 0.0 ], [ 77.941287573, 30.356923835999975, 0.0 ], [ 77.941401101999972, 30.357068299000026, 0.0 ], [ 77.941447956000033, 30.357255008000021, 0.0 ], [ 77.941528251, 30.357413432999984, 0.0 ], [ 77.941640954, 30.357615179999978, 0.0 ], [ 77.941737762000031, 30.357773784000045, 0.0 ], [ 77.941852531000023, 30.357832321, 0.0 ], [ 77.941999914999954, 30.357919858999963, 0.0 ], [ 77.942114478000022, 30.357992717000041, 0.0 ], [ 77.942195392999963, 30.358108178, 0.0 ], [ 77.942276723000035, 30.358195, 0.0 ], [ 77.942358259000031, 30.358267499000039, 0.0 ], [ 77.942423074999979, 30.358354141000014, 0.0 ], [ 77.942458403999964, 30.358396073000019, 0.0 ], [ 77.942520505000047, 30.358469782, 0.0 ], [ 77.942550022, 30.358713594, 0.0 ], [ 77.942531651, 30.358842302, 0.0 ], [ 77.942496353, 30.358999474000029, 0.0 ], [ 77.942444974000011, 30.359051602, 0.0 ], [ 77.942412545, 30.359084503999959, 0.0 ], [ 77.942229447000031, 30.359182781, 0.0 ], [ 77.942162359999983, 30.359253668000012, 0.0 ], [ 77.942111578999956, 30.359339055999971, 0.0 ], [ 77.942092379999977, 30.359525048, 0.0 ], [ 77.942106622, 30.359682756999987, 0.0 ], [ 77.942119793000018, 30.359860233000017, 0.0 ], [ 77.942084326000014, 30.360083561000021, 0.0 ], [ 77.94196666299996, 30.360225516000042, 0.0 ], [ 77.941815145000035, 30.360424395999978, 0.0 ], [ 77.941630185, 30.360651559000033, 0.0 ], [ 77.941511281000032, 30.360879438999969, 0.0 ], [ 77.941442331, 30.361079212999979, 0.0 ], [ 77.941390929000022, 30.361207564000029, 0.0 ], [ 77.941321154000022, 30.361464621999982, 0.0 ], [ 77.941185733000012, 30.361692322, 0.0 ], [ 77.941199147999967, 30.361907314000018, 0.0 ], [ 77.941179534000028, 30.362121948000013, 0.0 ], [ 77.941177054, 30.362293798000021, 0.0 ], [ 77.94122246400002, 30.36258075199996, 0.0 ], [ 77.941236912999983, 30.362724140000012, 0.0 ], [ 77.94125032700002, 30.362939132000037, 0.0 ], [ 77.941231333000047, 30.36311080200003, 0.0 ], [ 77.941228231999972, 30.36332561500004, 0.0 ], [ 77.94112707900004, 30.363467748999987, 0.0 ], [ 77.941058746999985, 30.363624561, 0.0 ], [ 77.940957387000026, 30.363781014999972, 0.0 ], [ 77.940823615999975, 30.363894147, 0.0 ], [ 77.94045802, 30.364047732000014, 0.0 ], [ 77.940308975000022, 30.36407476000003, 0.0 ], [ 77.939993955999981, 30.364157278000018, 0.0 ], [ 77.939876699000052, 30.364270588999979, 0.0 ], [ 77.939725376999974, 30.364455145999973, 0.0 ], [ 77.939641976, 30.364511532000019, 0.0 ], [ 77.939491895000018, 30.364610163, 0.0 ], [ 77.9393253, 30.364708614999984, 0.0 ], [ 77.93920762700003, 30.364850567, 0.0 ], [ 77.939089952999979, 30.364992519000026, 0.0 ], [ 77.938854812999963, 30.365262102000038, 0.0 ], [ 77.938787304999977, 30.365361630000013, 0.0 ], [ 77.93870183300001, 30.365561224, 0.0 ], [ 77.938666319, 30.365732713999986, 0.0 ], [ 77.938728859000022, 30.365976886000027, 0.0 ], [ 77.938824842999978, 30.366192776000037, 0.0 ], [ 77.938855390000015, 30.366364984999986, 0.0 ], [ 77.938919379999987, 30.366508911, 0.0 ], [ 77.938933825000021, 30.366652298999956, 0.0 ], [ 77.938964164000041, 30.366838828000024, 0.0 ], [ 77.938979436999972, 30.366924933000043, 0.0 ], [ 77.93899429700005, 30.367039679000033, 0.0 ], [ 77.939043014, 30.367097501000021, 0.0 ], [ 77.939173685999975, 30.367199182, 0.0 ], [ 77.939288258000033, 30.367272041999986, 0.0 ], [ 77.939307829999976, 30.367279568999987, 0.0 ], [ 77.93930415200002, 30.367315184, 0.0 ], [ 77.939384453, 30.367473610999966, 0.0 ], [ 77.93964745400001, 30.36756240700003, 0.0 ], [ 77.939844189000027, 30.367664803999975, 0.0 ], [ 77.940024615000041, 30.367752701999965, 0.0 ], [ 77.94022238499997, 30.367783496000026, 0.0 ], [ 77.940403638999953, 30.367814109999983, 0.0 ], [ 77.940534726999971, 30.367887147999987, 0.0 ], [ 77.940730843000026, 30.368032508000024, 0.0 ], [ 77.940811558999954, 30.368162292000015, 0.0 ], [ 77.940875760000026, 30.368291896, 0.0 ], [ 77.940922826000019, 30.368464283999955, 0.0 ], [ 77.941085293000043, 30.368652245999964, 0.0 ], [ 77.94133075100001, 30.368812463999987, 0.0 ], [ 77.941510354000044, 30.368957643, 0.0 ], [ 77.941640205000041, 30.369116605000016, 0.0 ], [ 77.94177046999998, 30.369246924999963, 0.0 ], [ 77.941933351999964, 30.369406246, 0.0 ], [ 77.941980832999974, 30.369549992, 0.0 ], [ 77.942061345999974, 30.369694095000014, 0.0 ], [ 77.942159198999988, 30.369781094000018, 0.0 ], [ 77.942224237999952, 30.369824502999968, 0.0 ], [ 77.942355528999983, 30.369912130000024, 0.0 ], [ 77.942403836999986, 30.369998592999984, 0.0 ], [ 77.942566720999963, 30.370157913000021, 0.0 ], [ 77.942696369000032, 30.37033119399997, 0.0 ], [ 77.942744057999974, 30.370460619000021, 0.0 ], [ 77.942823953000016, 30.370647685000044, 0.0 ], [ 77.94293543500001, 30.370935353000043, 0.0 ], [ 77.943015536999965, 30.371108098000036, 0.0 ], [ 77.943145599, 30.371252738000013, 0.0 ], [ 77.943308694999985, 30.37139773500002, 0.0 ], [ 77.943520306, 30.371614874000045, 0.0 ], [ 77.94366605999997, 30.37181697599998, 0.0 ], [ 77.943663171, 30.37201746699996, 0.0 ], [ 77.943694346, 30.372146712, 0.0 ], [ 77.943625601, 30.372332166999975, 0.0 ], [ 77.943458583000037, 30.37245926500001, 0.0 ], [ 77.943340907999982, 30.372601221000032, 0.0 ], [ 77.943140445, 30.37275660200001, 0.0 ], [ 77.943072728, 30.372870452000015, 0.0 ], [ 77.942873504000033, 30.372939908999989, 0.0 ], [ 77.942756652000043, 30.373024579999978, 0.0 ], [ 77.942556600000017, 30.373151318999984, 0.0 ], [ 77.942357167000026, 30.373235095999988, 0.0 ], [ 77.942207074999956, 30.373333729999977, 0.0 ], [ 77.942150567999988, 30.373419382999959, 0.0 ], [ 77.942100032999988, 30.373495982, 0.0 ], [ 77.942072296, 30.373516080999966, 0.0 ], [ 77.941627729999979, 30.37379772, 0.0 ], [ 77.941226656000012, 30.374118025000033, 0.0 ], [ 77.941091769999957, 30.374307535, 0.0 ], [ 77.941044143000013, 30.374555283999975, 0.0 ], [ 77.94106148000003, 30.374880128000029, 0.0 ], [ 77.941035324, 30.375166305, 0.0 ], [ 77.941054865000012, 30.375338393000021, 0.0 ], [ 77.941051282999979, 30.375586620000043, 0.0 ], [ 77.941070548999974, 30.375777802999963, 0.0 ], [ 77.941133858999976, 30.375969463000011, 0.0 ], [ 77.941263236000026, 30.37616184200003, 0.0 ], [ 77.941327375, 30.376296218999958, 0.0 ], [ 77.941391788, 30.376411502, 0.0 ], [ 77.941455925999975, 30.37654588, 0.0 ], [ 77.941563834000021, 30.376699828999957, 0.0 ], [ 77.941628522999963, 30.376796017000011, 0.0 ], [ 77.941714682999987, 30.376930633999958, 0.0 ], [ 77.941779374, 30.377026822000012, 0.0 ], [ 77.941866086, 30.377123249, 0.0 ], [ 77.942041164, 30.377201537, 0.0 ], [ 77.942072976999967, 30.377205337000039, 0.0 ], [ 77.942568875999967, 30.377264550999964, 0.0 ], [ 77.942766526999975, 30.377304888000015, 0.0 ], [ 77.942920684000029, 30.377306557999976, 0.0 ], [ 77.943229549, 30.377271710000024, 0.0 ], [ 77.943581908000027, 30.377275526999984, 0.0 ], [ 77.943758362999972, 30.377258340999983, 0.0 ], [ 77.944000611000035, 30.377260965000023, 0.0 ], [ 77.944110998000014, 30.377243061999962, 0.0 ], [ 77.944216704999974, 30.377244206999968, 0.0 ], [ 77.944220834999953, 30.377263350000042, 0.0 ], [ 77.944460883, 30.37741872600002, 0.0 ], [ 77.944634312999966, 30.377611577999989, 0.0 ], [ 77.945224798999973, 30.377904427999972, 0.0 ], [ 77.945442827, 30.378059566000019, 0.0 ], [ 77.945573040000014, 30.378194655, 0.0 ], [ 77.945767672000045, 30.378445027000026, 0.0 ], [ 77.946004429, 30.378829533000044, 0.0 ], [ 77.946176493000024, 30.379117854, 0.0 ], [ 77.946196867000026, 30.379232659, 0.0 ], [ 77.946303961000012, 30.379443887999983, 0.0 ], [ 77.94632214, 30.379711447, 0.0 ], [ 77.946207631000036, 30.380015765999961, 0.0 ], [ 77.945938683999984, 30.380337514000026, 0.0 ], [ 77.945934839000017, 30.380604835000028, 0.0 ], [ 77.945952741999989, 30.380891489000032, 0.0 ], [ 77.946016889999967, 30.381025863999959, 0.0 ], [ 77.946119316, 30.381561696999974, 0.0 ], [ 77.946203565000047, 30.381829969999966, 0.0 ], [ 77.94628918600003, 30.382002771999964, 0.0 ], [ 77.946461805000013, 30.382252902999966, 0.0 ], [ 77.94676739099998, 30.382447178999964, 0.0 ], [ 77.947115651000018, 30.382737402, 0.0 ], [ 77.947509333, 30.382932628999985, 0.0 ], [ 77.94781217900001, 30.383317846999972, 0.0 ], [ 77.948048132, 30.383759633000022, 0.0 ], [ 77.948110638000017, 30.384008573000013, 0.0 ], [ 77.948173418999971, 30.384238419000024, 0.0 ], [ 77.948192700999968, 30.384429599000033, 0.0 ], [ 77.948101586999968, 30.384638687000013, 0.0 ], [ 77.948055618999987, 30.384771871000019, 0.0 ], [ 77.947877506, 30.384903629, 0.0 ], [ 77.947340413999967, 30.385287784999985, 0.0 ], [ 77.947293972000026, 30.385315610999978, 0.0 ], [ 77.947075531999985, 30.385571064999976, 0.0 ], [ 77.946989646, 30.385799305000031, 0.0 ], [ 77.947019183000037, 30.386043115000042, 0.0 ], [ 77.947032819, 30.386243785000037, 0.0 ], [ 77.94711026500002, 30.386602695999979, 0.0 ], [ 77.94722198200003, 30.386876039000036, 0.0 ], [ 77.947252961000018, 30.387019604000013, 0.0 ], [ 77.947283528999961, 30.387191809999962, 0.0 ], [ 77.947297989, 30.387335195000013, 0.0 ], [ 77.947262275999989, 30.387521008000022, 0.0 ], [ 77.947309156000046, 30.387707713000015, 0.0 ], [ 77.947306892000029, 30.387865242, 0.0 ], [ 77.94732052900001, 30.388065909999987, 0.0 ], [ 77.947351919000027, 30.388180834, 0.0 ], [ 77.947351301999973, 30.388223796, 0.0 ], [ 77.947365144999964, 30.388410143999959, 0.0 ], [ 77.947477894999977, 30.388611883000042, 0.0 ], [ 77.947524776000037, 30.388798589000036, 0.0 ], [ 77.947523129, 30.388913155000012, 0.0 ], [ 77.947570627, 30.389056898, 0.0 ], [ 77.947585088999958, 30.389200282999965, 0.0 ], [ 77.947566098999985, 30.389371953999959, 0.0 ], [ 77.947563836999976, 30.389529482000025, 0.0 ], [ 77.947508723000041, 30.389915607, 0.0 ], [ 77.947539084999974, 30.390102133999978, 0.0 ], [ 77.947502548999964, 30.390345230000019, 0.0 ], [ 77.947464571000026, 30.390688571, 0.0 ], [ 77.947462102, 30.390860419000013, 0.0 ], [ 77.947508572000018, 30.391075765999979, 0.0 ], [ 77.947572178999962, 30.391248328999957, 0.0 ], [ 77.947569915000031, 30.391405856000024, 0.0 ], [ 77.947600896000026, 30.391549421, 0.0 ], [ 77.947609645000043, 30.39168945200004, 0.0 ], [ 77.947595371, 30.391683071999957, 0.0 ], [ 77.947590132000016, 30.391737161, 0.0 ], [ 77.947596770000033, 30.391764668999958, 0.0 ], [ 77.947586319999971, 30.391845122000042, 0.0 ], [ 77.947575754999988, 30.391933631, 0.0 ], [ 77.947575176000029, 30.39197390900004, 0.0 ], [ 77.947573787, 30.392070573000044, 0.0 ], [ 77.947591098000018, 30.392159384000021, 0.0 ], [ 77.947627108999967, 30.392240338999969, 0.0 ], [ 77.947699362, 30.392386139000042, 0.0 ], [ 77.947717021000045, 30.392450782999973, 0.0 ], [ 77.947825748999975, 30.392645317, 0.0 ], [ 77.947916355000018, 30.39280743, 0.0 ], [ 77.947970719999986, 30.39290469599996, 0.0 ], [ 77.948006785000032, 30.392947483000036, 0.0 ], [ 77.948135727999954, 30.393039212999987, 0.0 ], [ 77.948375271999964, 30.393232772000015, 0.0 ], [ 77.948460634000014, 30.393424666, 0.0 ], [ 77.948479642999985, 30.393634940999984, 0.0 ], [ 77.948477448999981, 30.393787696000011, 0.0 ], [ 77.948474158999986, 30.394016827999963, 0.0 ], [ 77.948470594000042, 30.394265052999984, 0.0 ], [ 77.948468672999965, 30.394398713000029, 0.0 ], [ 77.948509435999966, 30.39462832100002, 0.0 ], [ 77.948661153, 30.394801833999988, 0.0 ], [ 77.94876881700003, 30.394974871, 0.0 ], [ 77.94887648199996, 30.395147908000023, 0.0 ], [ 77.948918340999967, 30.395301138, 0.0 ], [ 77.94882667100002, 30.395548413000032, 0.0 ], [ 77.948669468999981, 30.395756787000042, 0.0 ], [ 77.948447558, 30.395868975, 0.0 ], [ 77.948289531999976, 30.396134631000042, 0.0 ], [ 77.948242462, 30.396344192999972, 0.0 ], [ 77.948305251000036, 30.396574036999983, 0.0 ], [ 77.948346286999964, 30.39678455, 0.0 ], [ 77.948388146999974, 30.39693778099997, 0.0 ], [ 77.948450937000018, 30.39716762499998, 0.0 ], [ 77.948448467999981, 30.397339472999988, 0.0 ], [ 77.948511806999988, 30.397531130000036, 0.0 ], [ 77.948553940000011, 30.397665266000033, 0.0 ], [ 77.948748619000042, 30.397915630999965, 0.0 ], [ 77.948944395999987, 30.398089618999972, 0.0 ], [ 77.949052063000011, 30.398262654999989, 0.0 ], [ 77.949182308000047, 30.398397740999975, 0.0 ], [ 77.949313649, 30.398456449000037, 0.0 ], [ 77.949533372999952, 30.398497014000018, 0.0 ], [ 77.95004164, 30.398387909999961, 0.0 ], [ 77.950174899000018, 30.398312957999977, 0.0 ], [ 77.950397908999989, 30.398124389, 0.0 ], [ 77.950574674000052, 30.398088099000024, 0.0 ], [ 77.950816698, 30.398109805000043, 0.0 ], [ 77.951035874000013, 30.398188554999987, 0.0 ], [ 77.951122339999984, 30.398304070000041, 0.0 ], [ 77.951165025000051, 30.398400015999986, 0.0 ], [ 77.951274613999971, 30.398439390999958, 0.0 ], [ 77.95140705, 30.39842172, 0.0 ], [ 77.951408693000047, 30.39830715500003, 0.0 ], [ 77.951388855, 30.398154161999983, 0.0 ], [ 77.95134699, 30.398000934, 0.0 ], [ 77.951084034, 30.397902615000042, 0.0 ], [ 77.950532809999956, 30.397934869999958, 0.0 ], [ 77.950267664000052, 30.397989305000021, 0.0 ], [ 77.950090351000028, 30.398063781999966, 0.0 ], [ 77.950038297, 30.398088829, 0.0 ], [ 77.949869837, 30.398193652999964, 0.0 ], [ 77.949867451999978, 30.398195137, 0.0 ], [ 77.949795924000014, 30.398239645000039, 0.0 ], [ 77.949630104999969, 30.398280824999983, 0.0 ], [ 77.949399641999989, 30.398221048000011, 0.0 ], [ 77.949169179000023, 30.398161271000038, 0.0 ], [ 77.94890876099997, 30.397886326000027, 0.0 ], [ 77.948745613999975, 30.397741335000021, 0.0 ], [ 77.948698110000038, 30.397597594000029, 0.0 ], [ 77.948652663, 30.397310644, 0.0 ], [ 77.948524204000037, 30.39705144499996, 0.0 ], [ 77.948527289000026, 30.396836635000039, 0.0 ], [ 77.948514265000014, 30.396593003000042, 0.0 ], [ 77.948499595000044, 30.396463939000022, 0.0 ], [ 77.948503298, 30.39620616700001, 0.0 ], [ 77.948621817000031, 30.396006924000044, 0.0 ], [ 77.948738485, 30.395936568, 0.0 ], [ 77.948821907999971, 30.395880176000038, 0.0 ], [ 77.948922467000031, 30.395781001, 0.0 ], [ 77.948924112, 30.395666435000027, 0.0 ], [ 77.948959000999949, 30.395537904999962, 0.0 ], [ 77.948977371999959, 30.395409196999971, 0.0 ], [ 77.94899512500001, 30.395323450999982, 0.0 ], [ 77.949013701000041, 30.39518042099996, 0.0 ], [ 77.948901351999979, 30.394950042, 0.0 ], [ 77.948787358000047, 30.394834229, 0.0 ], [ 77.948756169999953, 30.394704984999969, 0.0 ], [ 77.948709077999965, 30.394532601, 0.0 ], [ 77.948677272, 30.394446320999972, 0.0 ], [ 77.948579800000019, 30.394330685, 0.0 ], [ 77.948565130000048, 30.394201620999976, 0.0 ], [ 77.948586586999951, 30.393858100999974, 0.0 ], [ 77.948604956999972, 30.393729392999983, 0.0 ], [ 77.948607012999958, 30.393586186000036, 0.0 ], [ 77.948624972000019, 30.393486119000016, 0.0 ], [ 77.948577058999973, 30.393371018, 0.0 ], [ 77.948496312000032, 30.39324124, 0.0 ], [ 77.948398840999971, 30.39312560400003, 0.0 ], [ 77.948169212999971, 30.393008542000025, 0.0 ], [ 77.948006488, 30.392834909999959, 0.0 ], [ 77.947797291000015, 30.392445931000015, 0.0 ], [ 77.94768494799996, 30.39221554999996, 0.0 ], [ 77.947696718999964, 30.392176213, 0.0 ], [ 77.947684018999979, 30.392160387000015, 0.0 ], [ 77.947684944999963, 30.392095944000012, 0.0 ], [ 77.947676578999975, 30.3920314, 0.0 ], [ 77.94767715700003, 30.391991123000043, 0.0 ], [ 77.947678546999967, 30.391894458000039, 0.0 ], [ 77.947670064999969, 30.391837969999983, 0.0 ], [ 77.94766193000001, 30.391757314999971, 0.0 ], [ 77.947663088000013, 30.391676760999967, 0.0 ], [ 77.947689364999974, 30.391597155000042, 0.0 ], [ 77.947708037000012, 30.390991982999974, 0.0 ], [ 77.947662949, 30.389530553000025, 0.0 ], [ 77.947605516999957, 30.388928367000027, 0.0 ], [ 77.947511756000026, 30.388554958000039, 0.0 ], [ 77.947401680999974, 30.388167048, 0.0 ], [ 77.947378729000022, 30.387464974, 0.0 ], [ 77.947303957999964, 30.386919894000023, 0.0 ], [ 77.947274831000044, 30.38664744300004, 0.0 ], [ 77.947212463000042, 30.386388954999969, 0.0 ], [ 77.947188689000029, 30.385744164, 0.0 ], [ 77.94733654, 30.385485432, 0.0 ], [ 77.947517986, 30.385396277, 0.0 ], [ 77.947872294, 30.385266423, 0.0 ], [ 77.948116479999968, 30.385135376999987, 0.0 ], [ 77.948207046, 30.384964479999969, 0.0 ], [ 77.94827503800002, 30.384831532999982, 0.0 ], [ 77.948366425000032, 30.38460335100002, 0.0 ], [ 77.948391739, 30.384374457, 0.0 ], [ 77.948415409, 30.384260127999955, 0.0 ], [ 77.948373555, 30.384106897999978, 0.0 ], [ 77.948353450000027, 30.383972999, 0.0 ], [ 77.948224598000024, 30.38374244000002, 0.0 ], [ 77.948117495999952, 30.38353121300004, 0.0 ], [ 77.947966619, 30.38330041700004, 0.0 ], [ 77.947815197, 30.383107808, 0.0 ], [ 77.947686345999983, 30.382877249000021, 0.0 ], [ 77.947556947000024, 30.382684878, 0.0 ], [ 77.947363124999981, 30.382377227000038, 0.0 ], [ 77.947321548, 30.382204902, 0.0 ], [ 77.947279147000046, 30.382089859999976, 0.0 ], [ 77.947237294999965, 30.381936629, 0.0 ], [ 77.947217467, 30.381783636000041, 0.0 ], [ 77.947132393, 30.381572646, 0.0 ], [ 77.94693802499998, 30.381303182999989, 0.0 ], [ 77.946808630000021, 30.381110810999971, 0.0 ], [ 77.946745031, 30.380938248, 0.0 ], [ 77.94659388800001, 30.380726543999973, 0.0 ], [ 77.946572962999966, 30.380649928000029, 0.0 ], [ 77.946574610000013, 30.380535361999964, 0.0 ], [ 77.946599652999964, 30.380325562000014, 0.0 ], [ 77.946623597999988, 30.380192139999988, 0.0 ], [ 77.94662607, 30.38002028999998, 0.0 ], [ 77.946650837000021, 30.37982958500001, 0.0 ], [ 77.946675606000028, 30.379638879000041, 0.0 ], [ 77.946811312999969, 30.37939207999996, 0.0 ], [ 77.946814058000029, 30.379201135999971, 0.0 ], [ 77.946684665999982, 30.379008763000041, 0.0 ], [ 77.946532977000032, 30.378835247999984, 0.0 ], [ 77.946404135000037, 30.378604687, 0.0 ], [ 77.946231797999985, 30.37833546100002, 0.0 ], [ 77.946125528999985, 30.378066949, 0.0 ], [ 77.946038812000012, 30.377970524000023, 0.0 ], [ 77.945930621000031, 30.377835673999968, 0.0 ], [ 77.945889322999989, 30.377644254000028, 0.0 ], [ 77.945870322, 30.377433977000038, 0.0 ], [ 77.945740109999988, 30.377298886999963, 0.0 ], [ 77.945588424999954, 30.37712537, 0.0 ], [ 77.945501985, 30.377009851000029, 0.0 ], [ 77.945217891000027, 30.376853999000012, 0.0 ], [ 77.944932425000033, 30.376793617, 0.0 ], [ 77.944624388000037, 30.376771186, 0.0 ], [ 77.944404164000019, 30.37676880199998, 0.0 ], [ 77.944204862999968, 30.376843034, 0.0 ], [ 77.944191729000039, 30.376881086000033, 0.0 ], [ 77.943895999, 30.376877884000034, 0.0 ], [ 77.943609709000015, 30.376874783000044, 0.0 ], [ 77.943191834, 30.376832061999973, 0.0 ], [ 77.943037678000024, 30.376830392000013, 0.0 ], [ 77.942861774000036, 30.376809388999963, 0.0 ], [ 77.942509692000044, 30.376786475000021, 0.0 ], [ 77.942247351, 30.376649949, 0.0 ], [ 77.942085037999988, 30.376616823000017, 0.0 ], [ 77.942049702, 30.376609611000042, 0.0 ], [ 77.941962713999985, 30.376532279000038, 0.0 ], [ 77.941876277000034, 30.376416756999983, 0.0 ], [ 77.941789842, 30.376301235000017, 0.0 ], [ 77.941705333000016, 30.376052053, 0.0 ], [ 77.94170891499995, 30.375803825999984, 0.0 ], [ 77.941711669, 30.375612882, 0.0 ], [ 77.941670931, 30.375383271, 0.0 ], [ 77.941631570000041, 30.375058189000018, 0.0 ], [ 77.941570463999952, 30.374713773000032, 0.0 ], [ 77.941550921000029, 30.374541685, 0.0 ], [ 77.941530277, 30.374445974, 0.0 ], [ 77.941488713000027, 30.374273647000031, 0.0 ], [ 77.941489815000025, 30.374197269000017, 0.0 ], [ 77.941553294999949, 30.374021802999977, 0.0 ], [ 77.941614606999963, 30.373968749000028, 0.0 ], [ 77.942092749, 30.373641630999963, 0.0 ], [ 77.942146274999985, 30.373628823999969, 0.0 ], [ 77.942584262999986, 30.373524018, 0.0 ], [ 77.943233762, 30.373158658999969, 0.0 ], [ 77.943910704999965, 30.372034470000035, 0.0 ], [ 77.943929696000026, 30.371862800000041, 0.0 ], [ 77.943982956999989, 30.371605561999985, 0.0 ], [ 77.943970154, 30.371347607999958, 0.0 ], [ 77.943956112999984, 30.371175580000024, 0.0 ], [ 77.943893144000015, 30.370960052000044, 0.0 ], [ 77.94381324699998, 30.37077298700002, 0.0 ], [ 77.943748422000041, 30.370686346999957, 0.0 ], [ 77.943603906999982, 30.370398320000017, 0.0 ], [ 77.943523598, 30.370239896999966, 0.0 ], [ 77.943459805000046, 30.370081652000017, 0.0 ], [ 77.943281640999956, 30.369836229999962, 0.0 ], [ 77.943201332999976, 30.369677806, 0.0 ], [ 77.94310513, 30.369476241000019, 0.0 ], [ 77.942859046999985, 30.36935899, 0.0 ], [ 77.942728987999971, 30.369214349000021, 0.0 ], [ 77.942630721000015, 30.369155991999989, 0.0 ], [ 77.942449876999973, 30.369096739999971, 0.0 ], [ 77.942334681000034, 30.369066843999985, 0.0 ], [ 77.942241311000032, 30.368991370999957, 0.0 ], [ 77.94215507700001, 30.368921665999963, 0.0 ], [ 77.941242197999969, 30.368081027000041, 0.0 ], [ 77.940965572, 30.367791562999983, 0.0 ], [ 77.940834482999989, 30.367718524999979, 0.0 ], [ 77.940556204999965, 30.367543627999986, 0.0 ], [ 77.940343989, 30.367369447999963, 0.0 ], [ 77.940286204, 30.36734867300002, 0.0 ], [ 77.940278340999981, 30.36734008900002, 0.0 ], [ 77.939757096000022, 30.366833121, 0.0 ], [ 77.939481925999985, 30.366443408, 0.0 ], [ 77.939273646, 30.365997130000014, 0.0 ], [ 77.939242477999983, 30.365867883999979, 0.0 ], [ 77.939247858999977, 30.365495543, 0.0 ], [ 77.939383703000033, 30.365239203, 0.0 ], [ 77.93985273600002, 30.364785959999988, 0.0 ], [ 77.940086010999963, 30.364645262999982, 0.0 ], [ 77.940418167, 30.364519961, 0.0 ], [ 77.940617998000022, 30.364407546000031, 0.0 ], [ 77.940917123, 30.364281886000025, 0.0 ], [ 77.941183631000015, 30.364127224000018, 0.0 ], [ 77.941267650000029, 30.364027873999969, 0.0 ], [ 77.941451172000029, 30.363900958000038, 0.0 ], [ 77.941569253000026, 30.363730361999956, 0.0 ], [ 77.941588660000036, 30.363530049, 0.0 ], [ 77.941625406999975, 30.363272632, 0.0 ], [ 77.941723266999986, 30.362213784999973, 0.0 ], [ 77.941745358000034, 30.36182730199997, 0.0 ], [ 77.941783552, 30.361469639000042, 0.0 ], [ 77.941869428, 30.361241401999987, 0.0 ], [ 77.941887179999952, 30.361155655, 0.0 ], [ 77.942022186000031, 30.360956595999959, 0.0 ], [ 77.942056039999983, 30.360899670999956, 0.0 ], [ 77.942413574999989, 30.360584133999961, 0.0 ], [ 77.94244082000003, 30.360560089000014, 0.0 ], [ 77.942643736000022, 30.360232858000028, 0.0 ], [ 77.942624384000027, 30.360143128999976, 0.0 ], [ 77.942662314999964, 30.360089828, 0.0 ], [ 77.94292963499997, 30.359877879999967, 0.0 ], [ 77.943014681, 30.359706925000033, 0.0 ], [ 77.943050599000031, 30.359506791, 0.0 ], [ 77.943052869000041, 30.359349261000016, 0.0 ], [ 77.943021699000042, 30.359220015999981, 0.0 ], [ 77.942942019000014, 30.359018628000015, 0.0 ], [ 77.942910848000011, 30.35888938299998, 0.0 ], [ 77.942732706000015, 30.358643959000013, 0.0 ], [ 77.942734770000015, 30.358500750999976, 0.0 ], [ 77.942626193, 30.358012588, 0.0 ], [ 77.942611125, 30.357912163000037, 0.0 ], [ 77.942596056999989, 30.357811737999988, 0.0 ], [ 77.942547960000013, 30.357710955, 0.0 ], [ 77.942500072000044, 30.357595850999978, 0.0 ], [ 77.942475911, 30.357541510000011, 0.0 ], [ 77.942404087, 30.357379962999968, 0.0 ], [ 77.942274457000025, 30.357206681000019, 0.0 ], [ 77.942127899999974, 30.357061860000027, 0.0 ], [ 77.941997445000027, 30.356945861000021, 0.0 ], [ 77.941885361999979, 30.356701153000024, 0.0 ], [ 77.941741285999967, 30.356384481000024, 0.0 ], [ 77.941710531, 30.356226593000017, 0.0 ], [ 77.941697322999971, 30.355997279999961, 0.0 ], [ 77.941699387999961, 30.355854072000014, 0.0 ], [ 77.941701660999968, 30.355696542000036, 0.0 ], [ 77.941703107, 30.355596296, 0.0 ], [ 77.941704759999965, 30.355481729000026, 0.0 ], [ 77.941739438999988, 30.355367521, 0.0 ], [ 77.941709923000033, 30.355123706999979, 0.0 ], [ 77.941679790000023, 30.35492285699997, 0.0 ], [ 77.941632934999973, 30.354736147999976, 0.0 ], [ 77.941634587000024, 30.354621581, 0.0 ], [ 77.941603007999987, 30.354520977000025, 0.0 ], [ 77.941522301999967, 30.354391193000033, 0.0 ], [ 77.941424463000047, 30.354304193000029, 0.0 ], [ 77.941342930999951, 30.354231692999981, 0.0 ], [ 77.94126078, 30.354202155000024, 0.0 ], [ 77.941179660000032, 30.354101013, 0.0 ], [ 77.941165214, 30.353957625000042, 0.0 ], [ 77.94110185, 30.353770737000033, 0.0 ], [ 77.940955093000014, 30.353640234999983, 0.0 ], [ 77.940857048999987, 30.353567556, 0.0 ], [ 77.940775518, 30.353495054999961, 0.0 ], [ 77.940727839999951, 30.35336563, 0.0 ], [ 77.94071484100003, 30.353121995, 0.0 ], [ 77.940683469000021, 30.353007069, 0.0 ], [ 77.940652097, 30.352892144, 0.0 ], [ 77.940538367, 30.35276200099997, 0.0 ], [ 77.940458698999976, 30.352560613, 0.0 ], [ 77.940379442, 30.352330581999979, 0.0 ], [ 77.940250649, 30.352100013, 0.0 ], [ 77.939989342000047, 30.351896651999958, 0.0 ], [ 77.939908847000055, 30.351752546000025, 0.0 ], [ 77.939712972, 30.351592863999958, 0.0 ], [ 77.939550742, 30.351390577, 0.0 ], [ 77.939437223000013, 30.351246113000045, 0.0 ], [ 77.939290059000015, 30.351144250999965, 0.0 ], [ 77.939077879000038, 30.350970069000031, 0.0 ], [ 77.938947436, 30.350854066000025, 0.0 ], [ 77.938885562000024, 30.350776912000036, 0.0 ], [ 77.938899771000052, 30.350587920000031, 0.0 ], [ 77.938902099999979, 30.350426810000023, 0.0 ], [ 77.938911722999975, 30.349760889, 0.0 ], [ 77.938969952, 30.349159951, 0.0 ], [ 77.939060366, 30.348903115999985, 0.0 ], [ 77.939111298999961, 30.348806989000025, 0.0 ], [ 77.93918746600005, 30.348678908, 0.0 ], [ 77.939238554000013, 30.348572040000036, 0.0 ], [ 77.939365032, 30.348390793999961, 0.0 ], [ 77.939441664000029, 30.34823049200002, 0.0 ], [ 77.939656844999988, 30.347910559000017, 0.0 ], [ 77.93969601400002, 30.347771334000043, 0.0 ], [ 77.939771869, 30.347664735000016, 0.0 ], [ 77.939822646000025, 30.347579346999968, 0.0 ], [ 77.939922958999972, 30.347494498999964, 0.0 ], [ 77.940022805999973, 30.347441870999962, 0.0 ], [ 77.940085033999978, 30.347421063000017, 0.0 ], [ 77.940183795999971, 30.347443619000018, 0.0 ], [ 77.940282556999975, 30.347466177000019, 0.0 ], [ 77.940405929999969, 30.347499744000043, 0.0 ], [ 77.94051599, 30.34759761999997, 0.0 ], [ 77.940526514, 30.347726641999987, 0.0 ], [ 77.940537658000025, 30.347812702, 0.0 ], [ 77.940548645999968, 30.347909503000018, 0.0 ], [ 77.940658395999989, 30.348028861000035, 0.0 ], [ 77.940817528000011, 30.348159497, 0.0 ], [ 77.940902975999975, 30.348246362, 0.0 ], [ 77.941037960000031, 30.348333767000039, 0.0 ], [ 77.941124183999975, 30.348366930000029, 0.0 ], [ 77.941258549, 30.34849729699998, 0.0 ], [ 77.941368764999964, 30.348584431, 0.0 ], [ 77.941578054000047, 30.348672642000011, 0.0 ], [ 77.941688736999964, 30.348727553000025, 0.0 ], [ 77.941799417999974, 30.348782466000038, 0.0 ], [ 77.941946944000023, 30.348859262, 0.0 ], [ 77.942031929000038, 30.348978351, 0.0 ], [ 77.942079450999969, 30.349118517000043, 0.0 ], [ 77.942151587999987, 30.349269692000028, 0.0 ], [ 77.942198957, 30.349420599, 0.0 ], [ 77.942210257000042, 30.349495918, 0.0 ], [ 77.942282393999974, 30.349647093, 0.0 ], [ 77.942392613000038, 30.349734226, 0.0 ], [ 77.942576517999967, 30.349865129, 0.0 ], [ 77.942631711, 30.349936153000016, 0.0 ], [ 77.942685962999974, 30.350005966000019, 0.0 ], [ 77.94289432799998, 30.350158618000037, 0.0 ], [ 77.94302916200003, 30.350256759999986, 0.0 ], [ 77.943337995, 30.35031382, 0.0 ], [ 77.943510290999967, 30.350390882999982, 0.0 ], [ 77.943683360999984, 30.35041424299996, 0.0 ], [ 77.943705293000022, 30.35042044800003, 0.0 ], [ 77.943794511000036, 30.350436931999973, 0.0 ], [ 77.943829246999968, 30.350455523, 0.0 ], [ 77.943880736999972, 30.350470092999963, 0.0 ], [ 77.94395473299997, 30.35049237800003, 0.0 ], [ 77.94399251599998, 30.350529715000011, 0.0 ], [ 77.944040649999963, 30.350547021000022, 0.0 ], [ 77.944089414, 30.35060126099998, 0.0 ], [ 77.944125794, 30.350655366000016, 0.0 ], [ 77.944198862, 30.350742097, 0.0 ], [ 77.944247625999949, 30.350796337000045, 0.0 ], [ 77.944259392000035, 30.350839432999969, 0.0 ], [ 77.94429515299997, 30.350936502, 0.0 ], [ 77.944294225999982, 30.35100094500001, 0.0 ], [ 77.944305681999964, 30.351065524000024, 0.0 ], [ 77.944329833, 30.351108754999959, 0.0 ], [ 77.944341442999985, 30.351162591999973, 0.0 ], [ 77.944337716000035, 30.351180599000042, 0.0 ], [ 77.944341133999956, 30.351184073999974, 0.0 ], [ 77.94445135700002, 30.351271205999989, 0.0 ], [ 77.944598114, 30.35140170300004, 0.0 ], [ 77.944720256999972, 30.351521190999978, 0.0 ], [ 77.944817633000042, 30.351640410999984, 0.0 ], [ 77.944914698, 30.351781112, 0.0 ], [ 77.944974456999958, 30.351932151999964, 0.0 ], [ 77.944997681000018, 30.352039826, 0.0 ], [ 77.945008364000017, 30.352158108, 0.0 ], [ 77.945056202999979, 30.352276790999969, 0.0 ], [ 77.945117043000039, 30.352352646000028, 0.0 ], [ 77.945214110999984, 30.352493347000035, 0.0 ], [ 77.945422484, 30.352645993999964, 0.0 ], [ 77.945482553, 30.352775553000026, 0.0 ], [ 77.945592005999984, 30.352916387000043, 0.0 ], [ 77.945664768999961, 30.353024598000026, 0.0 ], [ 77.945676226000032, 30.35308917600004, 0.0 ], [ 77.945699141999967, 30.35321833199998, 0.0 ], [ 77.945770824000036, 30.353401726999966, 0.0 ], [ 77.945867737999976, 30.353553167999973, 0.0 ], [ 77.945940347000032, 30.353672119000045, 0.0 ], [ 77.946025804, 30.353758982000038, 0.0 ], [ 77.946135876000042, 30.353856852999964, 0.0 ], [ 77.946259260000033, 30.353890414999988, 0.0 ], [ 77.946370259, 30.353923842, 0.0 ], [ 77.946456644000023, 30.353946261, 0.0 ], [ 77.946567952, 30.353958207, 0.0 ], [ 77.946716105, 30.353992034999958, 0.0 ], [ 77.946790259000011, 30.354003579000025, 0.0 ], [ 77.94685187499995, 30.35402573, 0.0 ], [ 77.946913489, 30.354047880999961, 0.0 ], [ 77.947011949999961, 30.354091913999962, 0.0 ], [ 77.94711025700002, 30.354146687999965, 0.0 ], [ 77.947246333, 30.354158901, 0.0 ], [ 77.947432568000039, 30.354128686999985, 0.0 ], [ 77.947569571, 30.354076455000015, 0.0 ], [ 77.94791773300004, 30.353983534999966, 0.0 ], [ 77.948240198999983, 30.353954790999985, 0.0 ], [ 77.948413430000016, 30.353967403999963, 0.0 ], [ 77.948562046999967, 30.353969009, 0.0 ], [ 77.94873528, 30.353981621999985, 0.0 ], [ 77.948858355999974, 30.354036661, 0.0 ], [ 77.948944587, 30.35406982, 0.0 ], [ 77.94903066400002, 30.354113718, 0.0 ], [ 77.949191202999984, 30.354147676999958, 0.0 ], [ 77.949326973000026, 30.35418137, 0.0 ], [ 77.949400974000014, 30.354203652999971, 0.0 ], [ 77.949573744, 30.354248486000039, 0.0 ], [ 77.949697437000026, 30.354260562999972, 0.0 ], [ 77.949833053999967, 30.354304995, 0.0 ], [ 77.949943437999963, 30.354381382000021, 0.0 ], [ 77.950004746999966, 30.354425013, 0.0 ], [ 77.950128439999986, 30.354437090000012, 0.0 ], [ 77.950264211000032, 30.354470780999957, 0.0 ], [ 77.950375057999963, 30.35451494499997, 0.0 ], [ 77.95044213700001, 30.354560116999977, 0.0 ], [ 77.950456186000011, 30.354616081999989, 0.0 ], [ 77.950565494, 30.354767652, 0.0 ], [ 77.950760571999979, 30.354984602000016, 0.0 ], [ 77.950906573999973, 30.35516879499998, 0.0 ], [ 77.950977651, 30.355395149999968, 0.0 ], [ 77.950974881000036, 30.355588481999977, 0.0 ], [ 77.951008033000022, 30.355868140000023, 0.0 ], [ 77.951006185999958, 30.355997027000029, 0.0 ], [ 77.950990415, 30.356233189000029, 0.0 ], [ 77.950964260000049, 30.356329587000012, 0.0 ], [ 77.950863486999964, 30.356446667000018, 0.0 ], [ 77.950837331000017, 30.356543065, 0.0 ], [ 77.95074632500004, 30.356842870000026, 0.0 ], [ 77.950706091, 30.357057283, 0.0 ], [ 77.950679165, 30.357207383999988, 0.0 ], [ 77.950638930000039, 30.357421796999965, 0.0 ], [ 77.950624389999987, 30.357572032999961, 0.0 ], [ 77.950585232000037, 30.357711261000023, 0.0 ], [ 77.95051554000004, 30.357809211000045, 0.0 ], [ 77.950489534000027, 30.357865741000015, 0.0 ], [ 77.950426551000049, 30.35791457199997, 0.0 ], [ 77.950397665999972, 30.357942492999971, 0.0 ], [ 77.950401257, 30.357930663999969, 0.0 ], [ 77.950383928999983, 30.357941645, 0.0 ], [ 77.950326128, 30.357963681000037, 0.0 ], [ 77.950299419000018, 30.358004181000013, 0.0 ], [ 77.950261869000016, 30.358071755, 0.0 ], [ 77.95022419, 30.358148390000043, 0.0 ], [ 77.95022844, 30.358216414999987, 0.0 ], [ 77.95023798, 30.358279965, 0.0 ], [ 77.950279001000013, 30.358334790000011, 0.0 ], [ 77.950304151999958, 30.358403039999974, 0.0 ], [ 77.950318787000015, 30.358475708000036, 0.0 ], [ 77.950343937999961, 30.358543959, 0.0 ], [ 77.950348585, 30.358577345, 0.0 ], [ 77.950385427000029, 30.358615571999973, 0.0 ], [ 77.95048343299996, 30.358691825999976, 0.0 ], [ 77.950532204, 30.358746062000023, 0.0 ], [ 77.950617362000031, 30.358854404000017, 0.0 ], [ 77.950677747999961, 30.358962477999988, 0.0 ], [ 77.950688748, 30.359059278, 0.0 ], [ 77.950700056000031, 30.359134595000018, 0.0 ], [ 77.950698671000012, 30.359231261000023, 0.0 ], [ 77.950689082000011, 30.359330325999959, 0.0 ], [ 77.950764826999972, 30.359416981000024, 0.0 ], [ 77.950750747999962, 30.359534995000018, 0.0 ], [ 77.950697356999981, 30.359802976999987, 0.0 ], [ 77.950621659000035, 30.359898842000014, 0.0 ], [ 77.950570885, 30.359984232999974, 0.0 ], [ 77.95044502899998, 30.360122525999959, 0.0 ], [ 77.950417981999962, 30.360128780000032, 0.0 ], [ 77.950272304, 30.360265685, 0.0 ], [ 77.950137728000044, 30.36043611099997, 0.0 ], [ 77.950076686999964, 30.36046413499998, 0.0 ], [ 77.950067919000048, 30.360505183, 0.0 ], [ 77.949967910000026, 30.360568558, 0.0 ], [ 77.949855054000011, 30.360664022, 0.0 ], [ 77.949742505000032, 30.360738004, 0.0 ], [ 77.949666958, 30.360823127000018, 0.0 ], [ 77.949578717999984, 30.360929598000034, 0.0 ], [ 77.949577332000047, 30.361026264000039, 0.0 ], [ 77.949563097000024, 30.361155018000034, 0.0 ], [ 77.949561555999978, 30.361262425000039, 0.0 ], [ 77.949567933999973, 30.361301615, 0.0 ], [ 77.94959613, 30.361346945000015, 0.0 ], [ 77.949769269000029, 30.361558884999965, 0.0 ], [ 77.949920389, 30.361770586999985, 0.0 ], [ 77.949916829999978, 30.362018815, 0.0 ], [ 77.949914912, 30.362152475999963, 0.0 ], [ 77.949890703000037, 30.36230499499997, 0.0 ], [ 77.94980016, 30.362475894999989, 0.0 ], [ 77.949819988999963, 30.362628889000035, 0.0 ], [ 77.949950186999985, 30.362763975000021, 0.0 ], [ 77.949965358999989, 30.362785619000036, 0.0 ], [ 77.949983055000033, 30.362796527999961, 0.0 ], [ 77.950055690000013, 30.362833567, 0.0 ], [ 77.950126504000011, 30.362997478999979, 0.0 ], [ 77.950156100999962, 30.36312016, 0.0 ], [ 77.95012319, 30.363228571, 0.0 ], [ 77.950074601999972, 30.363336811999989, 0.0 ], [ 77.949972591999966, 30.363526053000015, 0.0 ], [ 77.949893302999982, 30.363588644000043, 0.0 ], [ 77.949782596999967, 30.363655428999973, 0.0 ], [ 77.94964582800003, 30.363717400000038, 0.0 ], [ 77.949540281, 30.363788772, 0.0 ], [ 77.949424023999967, 30.363878156000016, 0.0 ], [ 77.949324897000025, 30.364230575000043, 0.0 ], [ 77.949348228, 30.364425699000023, 0.0 ], [ 77.949347709999955, 30.364461788999989, 0.0 ], [ 77.949352755000021, 30.364495395000016, 0.0 ], [ 77.949416349000046, 30.364667958, 0.0 ], [ 77.94947912, 30.364897805, 0.0 ], [ 77.94958702699995, 30.365051748000042, 0.0 ], [ 77.949717228999987, 30.365186835000028, 0.0 ], [ 77.949869448999962, 30.365322158000033, 0.0 ], [ 77.950022767000036, 30.365381104000026, 0.0 ], [ 77.950404758000019, 30.365477567000013, 0.0 ], [ 77.950394725, 30.365431067999985, 0.0 ], [ 77.950358181999988, 30.365387705000039, 0.0 ], [ 77.950271940999954, 30.36535454799996, 0.0 ], [ 77.950198085999972, 30.365321524999981, 0.0 ], [ 77.950111998999958, 30.365277627, 0.0 ], [ 77.95001368, 30.365222854999988, 0.0 ], [ 77.949927902, 30.365157477, 0.0 ], [ 77.949805272999981, 30.365070215999971, 0.0 ], [ 77.949756652999952, 30.365005238000013, 0.0 ], [ 77.949754751999976, 30.365001835, 0.0 ], [ 77.949741986999982, 30.364996126999969, 0.0 ], [ 77.949611238, 30.364899230000034, 0.0 ], [ 77.949525351, 30.364745524000018, 0.0 ], [ 77.949442751, 30.364362684999961, 0.0 ], [ 77.949378610000025, 30.364228311000034, 0.0 ], [ 77.949425663000014, 30.364018747000014, 0.0 ], [ 77.949493638999954, 30.363885798000027, 0.0 ], [ 77.949760063999975, 30.363735892999969, 0.0 ], [ 77.949804651000022, 30.363698178999957, 0.0 ], [ 77.949915569999959, 30.363642082000023, 0.0 ], [ 77.950004743999969, 30.363566655, 0.0 ], [ 77.950185827000027, 30.363224853999963, 0.0 ], [ 77.950172003000034, 30.363191635999968, 0.0 ], [ 77.950190047000021, 30.363146569999969, 0.0 ], [ 77.95018145100002, 30.363098137999959, 0.0 ], [ 77.950145563999982, 30.363009125999966, 0.0 ], [ 77.950137545000032, 30.362920416, 0.0 ], [ 77.950120469000041, 30.362815494000021, 0.0 ], [ 77.950103276000036, 30.362718629, 0.0 ], [ 77.950104661999973, 30.362621962, 0.0 ], [ 77.950114876000015, 30.362557619, 0.0 ], [ 77.950097220999979, 30.362492973999981, 0.0 ], [ 77.950079796999958, 30.36241221899996, 0.0 ], [ 77.950072060000025, 30.362387579999965, 0.0 ], [ 77.950067677000021, 30.362249611, 0.0 ], [ 77.950009286999986, 30.361714254000031, 0.0 ], [ 77.949880733000015, 30.36146459999998, 0.0 ], [ 77.949728244, 30.361348370999956, 0.0 ], [ 77.949688313999985, 30.361061479000021, 0.0 ], [ 77.949779677, 30.360833294999971, 0.0 ], [ 77.949891139999977, 30.360739009999985, 0.0 ], [ 77.950024622000015, 30.36064496200002, 0.0 ], [ 77.95017984899998, 30.360570246999966, 0.0 ], [ 77.950469926, 30.360306010000041, 0.0 ], [ 77.950648812999972, 30.360116965000032, 0.0 ], [ 77.95078612500005, 30.359755592999974, 0.0 ], [ 77.950858200999974, 30.359336226, 0.0 ], [ 77.950840834000047, 30.359011383000038, 0.0 ], [ 77.950689716999975, 30.358799682000019, 0.0 ], [ 77.950647595999953, 30.358665546000022, 0.0 ], [ 77.950561712000038, 30.35851184, 0.0 ], [ 77.950431518000016, 30.35837675500002, 0.0 ], [ 77.950345362, 30.358242143999984, 0.0 ], [ 77.950362017000046, 30.35810253999998, 0.0 ], [ 77.95036914, 30.358095654000032, 0.0 ], [ 77.95043183600005, 30.358042619, 0.0 ], [ 77.950518841000047, 30.358022071999983, 0.0 ], [ 77.950605692000039, 30.358012266999971, 0.0 ], [ 77.950667771000028, 30.358002194000026, 0.0 ], [ 77.950792086, 30.357971306999957, 0.0 ], [ 77.950953401000035, 30.357951561000011, 0.0 ], [ 77.951126486999968, 30.357974910999989, 0.0 ], [ 77.95128749499996, 30.357976646000044, 0.0 ], [ 77.951424040999981, 30.357956631999986, 0.0 ], [ 77.951449733999979, 30.357892456, 0.0 ], [ 77.951376807999978, 30.357794989000023, 0.0 ], [ 77.951290420000035, 30.357772574000034, 0.0 ], [ 77.951192415, 30.357696321000031, 0.0 ], [ 77.951143951, 30.357620602999983, 0.0 ], [ 77.951157720999973, 30.35752407, 0.0 ], [ 77.951146414000021, 30.357448751999975, 0.0 ], [ 77.95114810699998, 30.357330603999969, 0.0 ], [ 77.951187264000026, 30.357191377, 0.0 ], [ 77.951264189999989, 30.357009585999965, 0.0 ], [ 77.951267267999981, 30.356794773000043, 0.0 ], [ 77.951232113, 30.356654744, 0.0 ], [ 77.951234576000033, 30.356482894, 0.0 ], [ 77.95123765400001, 30.356268079999985, 0.0 ], [ 77.951265193999987, 30.356075015, 0.0 ], [ 77.951267810000019, 30.355892424, 0.0 ], [ 77.951258502999963, 30.355677477999969, 0.0 ], [ 77.951249194999988, 30.355462530000036, 0.0 ], [ 77.951214965, 30.355258057, 0.0 ], [ 77.951167734, 30.35509641400003, 0.0 ], [ 77.951009193000033, 30.354922827999967, 0.0 ], [ 77.950900501, 30.354728295000037, 0.0 ], [ 77.950816269999962, 30.35455550900004, 0.0 ], [ 77.95066903700004, 30.354457242, 0.0 ], [ 77.950653593000013, 30.354451303000033, 0.0 ], [ 77.95058791, 30.354356104999972, 0.0 ], [ 77.950502756000049, 30.354247763999979, 0.0 ], [ 77.950344372, 30.354063436, 0.0 ], [ 77.950147754999989, 30.353953893, 0.0 ], [ 77.949914448000044, 30.353811725999961, 0.0 ], [ 77.949620603999975, 30.35357222500004, 0.0 ], [ 77.949411760000018, 30.353451807000024, 0.0 ], [ 77.949188681000038, 30.353460142, 0.0 ], [ 77.949015295999985, 30.353458270000026, 0.0 ], [ 77.948878601999965, 30.353489021, 0.0 ], [ 77.948766524, 30.353530780999986, 0.0 ], [ 77.948604905999957, 30.353572006000022, 0.0 ], [ 77.948480751, 30.35359215, 0.0 ], [ 77.94825782700002, 30.353589742999979, 0.0 ], [ 77.948121595000032, 30.353588271000035, 0.0 ], [ 77.94791151799997, 30.353553775000023, 0.0 ], [ 77.947812595000045, 30.353541964000023, 0.0 ], [ 77.947603907, 30.353410801, 0.0 ], [ 77.947493833999957, 30.353312931, 0.0 ], [ 77.947284528999958, 30.353224730999976, 0.0 ], [ 77.947198454000031, 30.353180831999985, 0.0 ], [ 77.947001998000033, 30.35306054299998, 0.0 ], [ 77.946854153999965, 30.353005233000022, 0.0 ], [ 77.946669157000031, 30.352949521000031, 0.0 ], [ 77.94660723399997, 30.352948851999976, 0.0 ], [ 77.946508620999978, 30.352915558999975, 0.0 ], [ 77.946311083999973, 30.352870452999973, 0.0 ], [ 77.946064011000047, 30.352824812000016, 0.0 ], [ 77.945880558999974, 30.352661693000019, 0.0 ], [ 77.945758257999969, 30.352552947, 0.0 ], [ 77.945709800999964, 30.352477226000033, 0.0 ], [ 77.94561196100004, 30.352390229000029, 0.0 ], [ 77.945515047000015, 30.352238787000022, 0.0 ], [ 77.945516902, 30.352109900000016, 0.0 ], [ 77.945481447999981, 30.351991349999977, 0.0 ], [ 77.945457915, 30.35190515700004, 0.0 ], [ 77.94538608, 30.351732501999965, 0.0 ], [ 77.945288859000044, 30.351602540999959, 0.0 ], [ 77.945179872, 30.351429486000029, 0.0 ], [ 77.945119649999981, 30.351310666999968, 0.0 ], [ 77.945095808999966, 30.351245955000032, 0.0 ], [ 77.94504750699997, 30.351159493999983, 0.0 ], [ 77.944986822, 30.351072899000012, 0.0 ], [ 77.944901831999985, 30.350953812000018, 0.0 ], [ 77.944775821999954, 30.350902063, 0.0 ], [ 77.944266351, 30.350356104000035, 0.0 ], [ 77.944133372, 30.350129074, 0.0 ], [ 77.94395116500003, 30.349880027, 0.0 ], [ 77.943756576, 30.349630843999979, 0.0 ], [ 77.943305324999969, 30.349142549999989, 0.0 ], [ 77.943061665999963, 30.34886060700002, 0.0 ], [ 77.942938754000011, 30.348794822, 0.0 ], [ 77.942657338, 30.348685055999972, 0.0 ], [ 77.942655468000027, 30.348684327, 0.0 ], [ 77.942421565000032, 30.348585108999963, 0.0 ], [ 77.942138589999971, 30.348453132999968, 0.0 ], [ 77.941843386999977, 30.348310279999961, 0.0 ], [ 77.941463665, 30.348016115999958, 0.0 ], [ 77.940667698000041, 30.347384421, 0.0 ], [ 77.940176373999975, 30.347099784, 0.0 ], [ 77.93991833000004, 30.346957330000016, 0.0 ], [ 77.93977011900003, 30.346922279999959, 0.0 ], [ 77.939752826000017, 30.346621900999974, 0.0 ], [ 77.939733568000023, 30.346430716999965, 0.0 ], [ 77.939715689000053, 30.346144058999961, 0.0 ], [ 77.939696983000019, 30.345914686, 0.0 ], [ 77.939634245999983, 30.345684832999979, 0.0 ], [ 77.939704153, 30.345418228000035, 0.0 ], [ 77.939684895, 30.345227043000026, 0.0 ], [ 77.93966674, 30.34495948, 0.0 ], [ 77.939647483, 30.344768296, 0.0 ], [ 77.939608694, 30.344405020999957, 0.0 ], [ 77.939547059999953, 30.344098790000022, 0.0 ], [ 77.939484048999986, 30.343888033, 0.0 ], [ 77.939378111000011, 30.343600419, 0.0 ], [ 77.939357751000017, 30.343485613, 0.0 ], [ 77.939185494999975, 30.343216374000018, 0.0 ], [ 77.939057818999984, 30.342909426000023, 0.0 ], [ 77.93901654900003, 30.342718002, 0.0 ], [ 77.938975001999964, 30.342545672000035, 0.0 ], [ 77.938911716999968, 30.342354008999987, 0.0 ], [ 77.938870171, 30.342181679000028, 0.0 ], [ 77.938786250999982, 30.341894302999965, 0.0 ], [ 77.938788734000013, 30.341722452999957, 0.0 ], [ 77.938748017, 30.341492838999965, 0.0 ], [ 77.938729313999971, 30.341263465, 0.0 ], [ 77.938732901, 30.341015235999972, 0.0 ], [ 77.938727618000016, 30.340908630000033, 0.0 ], [ 77.938715855000012, 30.340671295000025, 0.0 ], [ 77.938587908, 30.340383440000011, 0.0 ], [ 77.938524348999977, 30.340210870000032, 0.0 ], [ 77.938423265999973, 30.339968664999976, 0.0 ], [ 77.938442674999976, 30.339768352000011, 0.0 ], [ 77.938543808, 30.339626218999975, 0.0 ], [ 77.938858544000013, 30.339558026000017, 0.0 ], [ 77.939089070999984, 30.33960350199996, 0.0 ], [ 77.939171624999986, 30.339604399000034, 0.0 ], [ 77.939452303000024, 30.33960744900002, 0.0 ], [ 77.939666941000013, 30.339609782000036, 0.0 ], [ 77.940129444, 30.339600482999977, 0.0 ], [ 77.940377516000012, 30.339574530999961, 0.0 ], [ 77.940624762000041, 30.339605861999978, 0.0 ], [ 77.940838159000023, 30.339694118, 0.0 ], [ 77.94096983, 30.339724194, 0.0 ], [ 77.941299836000027, 30.33974209899997, 0.0 ], [ 77.941307704999971, 30.339741730000028, 0.0 ], [ 77.941590938000047, 30.339785841000037, 0.0 ], [ 77.941854557000013, 30.33982689599997, 0.0 ], [ 77.942316854999987, 30.339831911000029, 0.0 ], [ 77.942620694999988, 30.339872927999959, 0.0 ], [ 77.942624502000029, 30.339873442, 0.0 ], [ 77.942837320999971, 30.339897502000039, 0.0 ], [ 77.942998192000047, 30.339915688000033, 0.0 ], [ 77.943261536999984, 30.339975836000036, 0.0 ], [ 77.943415361, 30.339996600999978, 0.0 ], [ 77.94370044599998, 30.340076079999982, 0.0 ], [ 77.943941777999953, 30.340135986999965, 0.0 ], [ 77.94418338399997, 30.340176798999966, 0.0 ], [ 77.944511399000021, 30.340333133000023, 0.0 ], [ 77.944906556000021, 30.340413800000036, 0.0 ], [ 77.945301990999965, 30.340475373999979, 0.0 ], [ 77.945719438999959, 30.340537184000031, 0.0 ], [ 77.945828959999957, 30.340576564, 0.0 ], [ 77.945934601, 30.340621087999956, 0.0 ] ], [ [ 77.929230704, 30.337061044, 0.0 ], [ 77.929281055, 30.337090964, 0.0 ], [ 77.929413049, 30.337327355000014, 0.0 ], [ 77.92934235300001, 30.33753216, 0.0 ], [ 77.928729589000028, 30.337760398999961, 0.0 ], [ 77.928084250000012, 30.33790017399998, 0.0 ], [ 77.927474473, 30.337922862, 0.0 ], [ 77.926998394999956, 30.338064485999986, 0.0 ], [ 77.926521032999986, 30.338294198999986, 0.0 ], [ 77.926176084000048, 30.338730940999973, 0.0 ], [ 77.926034677999979, 30.339140547000024, 0.0 ], [ 77.925894556000017, 30.339462061999981, 0.0 ], [ 77.925313054000043, 30.339866837999988, 0.0 ], [ 77.924805253000045, 30.339861263999971, 0.0 ], [ 77.924331734000035, 30.339826698000042, 0.0 ], [ 77.924097333, 30.339647913, 0.0 ], [ 77.924304738000018, 30.339356507000041, 0.0 ], [ 77.924818107000036, 30.338980356, 0.0 ], [ 77.925060219, 30.338630593000019, 0.0 ], [ 77.925438598000042, 30.338223588, 0.0 ], [ 77.925782693, 30.337845575, 0.0 ], [ 77.926191493, 30.33767385, 0.0 ], [ 77.92687282600005, 30.337387637000027, 0.0 ], [ 77.927552014000028, 30.33724824000004, 0.0 ], [ 77.928333187, 30.337080587000024, 0.0 ], [ 77.929112220999968, 30.337059746999987, 0.0 ], [ 77.929230704, 30.337061044, 0.0 ] ] ] ] } },
{ "type": "Feature", "properties": { "OBJECTID": 131914.0, "SHAPE_LENG": 108320.034648, "DESCRIPTIO": "Piedmont Alluvial Plain", "LEGEND_SHO": "Alluvial Plain" }, "geometry": { "type": "MultiPolygon", "coordinates": [ [ [ [ 77.961136399000054, 30.42549007600002, 0.0 ], [ 77.961240705999984, 30.425314732, 0.0 ], [ 77.96194077, 30.425020687, 0.0 ], [ 77.96279175899997, 30.424599025000013, 0.0 ], [ 77.963390581000041, 30.424433116999964, 0.0 ], [ 77.963476293000028, 30.42442291, 0.0 ], [ 77.96438636900001, 30.42431451900001, 0.0 ], [ 77.965379709999965, 30.42436818900001, 0.0 ], [ 77.965626976, 30.424456975999984, 0.0 ], [ 77.965760124999989, 30.424562112999979, 0.0 ], [ 77.965922342, 30.418453916999958, 0.0 ], [ 77.97177096700004, 30.418516123000042, 0.0 ], [ 77.971765811999973, 30.4184438, 0.0 ], [ 77.973173570000014, 30.41789251799996, 0.0 ], [ 77.974311628000024, 30.416610372000012, 0.0 ], [ 77.974422054000016, 30.41539822, 0.0 ], [ 77.975739858999987, 30.414603294000035, 0.0 ], [ 77.977149816000022, 30.413890217, 0.0 ], [ 77.978442660999974, 30.413444724, 0.0 ], [ 77.978744105000047, 30.413340849000029, 0.0 ], [ 77.98175168100002, 30.411835706000016, 0.0 ], [ 77.982311549999977, 30.411841604999971, 0.0 ], [ 77.983897847999955, 30.411858307000021, 0.0 ], [ 77.986041753999984, 30.412042625, 0.0 ], [ 77.988571335000017, 30.411341186000044, 0.0 ], [ 77.990004840999973, 30.408929571, 0.0 ], [ 77.990278307895139, 30.407974128246721, 0.0 ], [ 77.973599148000048, 30.396590873000044, 0.0 ], [ 77.954057508000091, 30.352890659000046, 0.0 ], [ 77.95332245360008, 30.346771025989575, 0.0 ], [ 77.953286635, 30.346746238999959, 0.0 ], [ 77.953221681000045, 30.346669149999975, 0.0 ], [ 77.953091500000014, 30.346534067, 0.0 ], [ 77.952940122000015, 30.346341462000041, 0.0 ], [ 77.952853698999974, 30.346225946999986, 0.0 ], [ 77.952702869, 30.345995152999986, 0.0 ], [ 77.952639829000034, 30.345784401999957, 0.0 ], [ 77.95262, 30.345631408, 0.0 ], [ 77.952534398000012, 30.345458609, 0.0 ], [ 77.952471084000024, 30.345266952000042, 0.0 ], [ 77.952408318999971, 30.345037106000031, 0.0 ], [ 77.952366748, 30.344864780999984, 0.0 ], [ 77.952324630999982, 30.344730644999988, 0.0 ], [ 77.952239850999987, 30.344500560999958, 0.0 ], [ 77.952220022000034, 30.344347568, 0.0 ], [ 77.952112953999958, 30.34413634200002, 0.0 ], [ 77.952004791999983, 30.344001493999965, 0.0 ], [ 77.95189745, 30.343809362999966, 0.0 ], [ 77.951834414, 30.343598611000026, 0.0 ], [ 77.951816772999976, 30.343292861000041, 0.0 ], [ 77.951799133000023, 30.342987109999967, 0.0 ], [ 77.951878406, 30.342738426, 0.0 ], [ 77.951856165000038, 30.34273643, 0.0 ], [ 77.95183610899997, 30.342623417999985, 0.0 ], [ 77.951773249000013, 30.342472347, 0.0 ], [ 77.951710658999986, 30.342302478999986, 0.0 ], [ 77.951582786999978, 30.342150706000041, 0.0 ], [ 77.951324080999967, 30.342053922000026, 0.0 ], [ 77.951086509000035, 30.341994963000033, 0.0 ], [ 77.951068747999983, 30.341992197999982, 0.0 ], [ 77.950826996999965, 30.341954565999977, 0.0 ], [ 77.950588886999981, 30.341933199999986, 0.0 ], [ 77.950573082, 30.341931504000023, 0.0 ], [ 77.950394118000034, 30.341912301000033, 0.0 ], [ 77.950090725999971, 30.341909028000028, 0.0 ], [ 77.94978894999997, 30.341792977000019, 0.0 ], [ 77.949357689999985, 30.341637927999979, 0.0 ], [ 77.949184862999985, 30.341598464, 0.0 ], [ 77.948818616999972, 30.34144411700002, 0.0 ], [ 77.948774811999982, 30.341365703000015, 0.0 ], [ 77.948527405000036, 30.341255047, 0.0 ], [ 77.9483744, 30.341177005000034, 0.0 ], [ 77.947978961999951, 30.34111544, 0.0 ], [ 77.947671582000012, 30.341054827999962, 0.0 ], [ 77.947209828, 30.34101164200003, 0.0 ], [ 77.946902723999983, 30.340931932, 0.0 ], [ 77.946398314, 30.340792795000041, 0.0 ], [ 77.946201007000013, 30.340733369, 0.0 ], [ 77.945934601, 30.340621087999956, 0.0 ], [ 77.945828959999957, 30.340576564, 0.0 ], [ 77.945719438999959, 30.340537184000031, 0.0 ], [ 77.945301990999965, 30.340475373999979, 0.0 ], [ 77.944906556000021, 30.340413800000036, 0.0 ], [ 77.944511399000021, 30.340333133000023, 0.0 ], [ 77.94418338399997, 30.340176798999966, 0.0 ], [ 77.943941777999953, 30.340135986999965, 0.0 ], [ 77.94370044599998, 30.340076079999982, 0.0 ], [ 77.943415361, 30.339996600999978, 0.0 ], [ 77.943261536999984, 30.339975836000036, 0.0 ], [ 77.942998192000047, 30.339915688000033, 0.0 ], [ 77.942837320999971, 30.339897502000039, 0.0 ], [ 77.942624502000029, 30.339873442, 0.0 ], [ 77.942620694999988, 30.339872927999959, 0.0 ], [ 77.942316854999987, 30.339831911000029, 0.0 ], [ 77.941854557000013, 30.33982689599997, 0.0 ], [ 77.941590938000047, 30.339785841000037, 0.0 ], [ 77.941307704999971, 30.339741730000028, 0.0 ], [ 77.941299836000027, 30.33974209899997, 0.0 ], [ 77.94096983, 30.339724194, 0.0 ], [ 77.940838159000023, 30.339694118, 0.0 ], [ 77.940624762000041, 30.339605861999978, 0.0 ], [ 77.940377516000012, 30.339574530999961, 0.0 ], [ 77.940129444, 30.339600482999977, 0.0 ], [ 77.939666941000013, 30.339609782000036, 0.0 ], [ 77.939452303000024, 30.33960744900002, 0.0 ], [ 77.939171624999986, 30.339604399000034, 0.0 ], [ 77.939089070999984, 30.33960350199996, 0.0 ], [ 77.938858544000013, 30.339558026000017, 0.0 ], [ 77.938543808, 30.339626218999975, 0.0 ], [ 77.938442674999976, 30.339768352000011, 0.0 ], [ 77.938423265999973, 30.339968664999976, 0.0 ], [ 77.938524348999977, 30.340210870000032, 0.0 ], [ 77.938587908, 30.340383440000011, 0.0 ], [ 77.938715855000012, 30.340671295000025, 0.0 ], [ 77.938727618000016, 30.340908630000033, 0.0 ], [ 77.938732901, 30.341015235999972, 0.0 ], [ 77.938729313999971, 30.341263465, 0.0 ], [ 77.938748017, 30.341492838999965, 0.0 ], [ 77.938788734000013, 30.341722452999957, 0.0 ], [ 77.938786250999982, 30.341894302999965, 0.0 ], [ 77.938870171, 30.342181679000028, 0.0 ], [ 77.938911716999968, 30.342354008999987, 0.0 ], [ 77.938975001999964, 30.342545672000035, 0.0 ], [ 77.93901654900003, 30.342718002, 0.0 ], [ 77.939057818999984, 30.342909426000023, 0.0 ], [ 77.939185494999975, 30.343216374000018, 0.0 ], [ 77.939357751000017, 30.343485613, 0.0 ], [ 77.939378111000011, 30.343600419, 0.0 ], [ 77.939484048999986, 30.343888033, 0.0 ], [ 77.939547059999953, 30.344098790000022, 0.0 ], [ 77.939608694, 30.344405020999957, 0.0 ], [ 77.939647483, 30.344768296, 0.0 ], [ 77.93966674, 30.34495948, 0.0 ], [ 77.939684895, 30.345227043000026, 0.0 ], [ 77.939704153, 30.345418228000035, 0.0 ], [ 77.939634245999983, 30.345684832999979, 0.0 ], [ 77.939696983000019, 30.345914686, 0.0 ], [ 77.939715689000053, 30.346144058999961, 0.0 ], [ 77.939733568000023, 30.346430716999965, 0.0 ], [ 77.939752826000017, 30.346621900999974, 0.0 ], [ 77.93977011900003, 30.346922279999959, 0.0 ], [ 77.93991833000004, 30.346957330000016, 0.0 ], [ 77.940176373999975, 30.347099784, 0.0 ], [ 77.940667698000041, 30.347384421, 0.0 ], [ 77.941463665, 30.348016115999958, 0.0 ], [ 77.941843386999977, 30.348310279999961, 0.0 ], [ 77.942138589999971, 30.348453132999968, 0.0 ], [ 77.942421565000032, 30.348585108999963, 0.0 ], [ 77.942655468000027, 30.348684327, 0.0 ], [ 77.942657338, 30.348685055999972, 0.0 ], [ 77.942938754000011, 30.348794822, 0.0 ], [ 77.943061665999963, 30.34886060700002, 0.0 ], [ 77.943305324999969, 30.349142549999989, 0.0 ], [ 77.943756576, 30.349630843999979, 0.0 ], [ 77.94395116500003, 30.349880027, 0.0 ], [ 77.944133372, 30.350129074, 0.0 ], [ 77.944266351, 30.350356104000035, 0.0 ], [ 77.944775821999954, 30.350902063, 0.0 ], [ 77.944901831999985, 30.350953812000018, 0.0 ], [ 77.944986822, 30.351072899000012, 0.0 ], [ 77.94504750699997, 30.351159493999983, 0.0 ], [ 77.945095808999966, 30.351245955000032, 0.0 ], [ 77.945119649999981, 30.351310666999968, 0.0 ], [ 77.945179872, 30.351429486000029, 0.0 ], [ 77.945288859000044, 30.351602540999959, 0.0 ], [ 77.94538608, 30.351732501999965, 0.0 ], [ 77.945457915, 30.35190515700004, 0.0 ], [ 77.945481447999981, 30.351991349999977, 0.0 ], [ 77.945516902, 30.352109900000016, 0.0 ], [ 77.945515047000015, 30.352238787000022, 0.0 ], [ 77.94561196100004, 30.352390229000029, 0.0 ], [ 77.945709800999964, 30.352477226000033, 0.0 ], [ 77.945758257999969, 30.352552947, 0.0 ], [ 77.945880558999974, 30.352661693000019, 0.0 ], [ 77.946064011000047, 30.352824812000016, 0.0 ], [ 77.946311083999973, 30.352870452999973, 0.0 ], [ 77.946508620999978, 30.352915558999975, 0.0 ], [ 77.94660723399997, 30.352948851999976, 0.0 ], [ 77.946669157000031, 30.352949521000031, 0.0 ], [ 77.946854153999965, 30.353005233000022, 0.0 ], [ 77.947001998000033, 30.35306054299998, 0.0 ], [ 77.947198454000031, 30.353180831999985, 0.0 ], [ 77.947284528999958, 30.353224730999976, 0.0 ], [ 77.947493833999957, 30.353312931, 0.0 ], [ 77.947603907, 30.353410801, 0.0 ], [ 77.947812595000045, 30.353541964000023, 0.0 ], [ 77.94791151799997, 30.353553775000023, 0.0 ], [ 77.948121595000032, 30.353588271000035, 0.0 ], [ 77.94825782700002, 30.353589742999979, 0.0 ], [ 77.948480751, 30.35359215, 0.0 ], [ 77.948604905999957, 30.353572006000022, 0.0 ], [ 77.948766524, 30.353530780999986, 0.0 ], [ 77.948878601999965, 30.353489021, 0.0 ], [ 77.949015295999985, 30.353458270000026, 0.0 ], [ 77.949188681000038, 30.353460142, 0.0 ], [ 77.949411760000018, 30.353451807000024, 0.0 ], [ 77.949620603999975, 30.35357222500004, 0.0 ], [ 77.949914448000044, 30.353811725999961, 0.0 ], [ 77.950147754999989, 30.353953893, 0.0 ], [ 77.950344372, 30.354063436, 0.0 ], [ 77.950502756000049, 30.354247763999979, 0.0 ], [ 77.95058791, 30.354356104999972, 0.0 ], [ 77.950653593000013, 30.354451303000033, 0.0 ], [ 77.95066903700004, 30.354457242, 0.0 ], [ 77.950816269999962, 30.35455550900004, 0.0 ], [ 77.950900501, 30.354728295000037, 0.0 ], [ 77.951009193000033, 30.354922827999967, 0.0 ], [ 77.951167734, 30.35509641400003, 0.0 ], [ 77.951214965, 30.355258057, 0.0 ], [ 77.951249194999988, 30.355462530000036, 0.0 ], [ 77.951258502999963, 30.355677477999969, 0.0 ], [ 77.951267810000019, 30.355892424, 0.0 ], [ 77.951265193999987, 30.356075015, 0.0 ], [ 77.95123765400001, 30.356268079999985, 0.0 ], [ 77.951234576000033, 30.356482894, 0.0 ], [ 77.951232113, 30.356654744, 0.0 ], [ 77.951267267999981, 30.356794773000043, 0.0 ], [ 77.951264189999989, 30.357009585999965, 0.0 ], [ 77.951187264000026, 30.357191377, 0.0 ], [ 77.95114810699998, 30.357330603999969, 0.0 ], [ 77.951146414000021, 30.357448751999975, 0.0 ], [ 77.951157720999973, 30.35752407, 0.0 ], [ 77.951143951, 30.357620602999983, 0.0 ], [ 77.951192415, 30.357696321000031, 0.0 ], [ 77.951290420000035, 30.357772574000034, 0.0 ], [ 77.951376807999978, 30.357794989000023, 0.0 ], [ 77.951449733999979, 30.357892456, 0.0 ], [ 77.951424040999981, 30.357956631999986, 0.0 ], [ 77.95128749499996, 30.357976646000044, 0.0 ], [ 77.951126486999968, 30.357974910999989, 0.0 ], [ 77.950953401000035, 30.357951561000011, 0.0 ], [ 77.950792086, 30.357971306999957, 0.0 ], [ 77.950667771000028, 30.358002194000026, 0.0 ], [ 77.950605692000039, 30.358012266999971, 0.0 ], [ 77.950518841000047, 30.358022071999983, 0.0 ], [ 77.95043183600005, 30.358042619, 0.0 ], [ 77.95036914, 30.358095654000032, 0.0 ], [ 77.950362017000046, 30.35810253999998, 0.0 ], [ 77.950345362, 30.358242143999984, 0.0 ], [ 77.950431518000016, 30.35837675500002, 0.0 ], [ 77.950561712000038, 30.35851184, 0.0 ], [ 77.950647595999953, 30.358665546000022, 0.0 ], [ 77.950689716999975, 30.358799682000019, 0.0 ], [ 77.950840834000047, 30.359011383000038, 0.0 ], [ 77.950858200999974, 30.359336226, 0.0 ], [ 77.95078612500005, 30.359755592999974, 0.0 ], [ 77.950648812999972, 30.360116965000032, 0.0 ], [ 77.950469926, 30.360306010000041, 0.0 ], [ 77.95017984899998, 30.360570246999966, 0.0 ], [ 77.950024622000015, 30.36064496200002, 0.0 ], [ 77.949891139999977, 30.360739009999985, 0.0 ], [ 77.949779677, 30.360833294999971, 0.0 ], [ 77.949688313999985, 30.361061479000021, 0.0 ], [ 77.949728244, 30.361348370999956, 0.0 ], [ 77.949880733000015, 30.36146459999998, 0.0 ], [ 77.950009286999986, 30.361714254000031, 0.0 ], [ 77.950067677000021, 30.362249611, 0.0 ], [ 77.950072060000025, 30.362387579999965, 0.0 ], [ 77.950079796999958, 30.36241221899996, 0.0 ], [ 77.950097220999979, 30.362492973999981, 0.0 ], [ 77.950114876000015, 30.362557619, 0.0 ], [ 77.950104661999973, 30.362621962, 0.0 ], [ 77.950103276000036, 30.362718629, 0.0 ], [ 77.950120469000041, 30.362815494000021, 0.0 ], [ 77.950137545000032, 30.362920416, 0.0 ], [ 77.950145563999982, 30.363009125999966, 0.0 ], [ 77.95018145100002, 30.363098137999959, 0.0 ], [ 77.950190047000021, 30.363146569999969, 0.0 ], [ 77.950172003000034, 30.363191635999968, 0.0 ], [ 77.950185827000027, 30.363224853999963, 0.0 ], [ 77.950004743999969, 30.363566655, 0.0 ], [ 77.949915569999959, 30.363642082000023, 0.0 ], [ 77.949804651000022, 30.363698178999957, 0.0 ], [ 77.949760063999975, 30.363735892999969, 0.0 ], [ 77.949493638999954, 30.363885798000027, 0.0 ], [ 77.949425663000014, 30.364018747000014, 0.0 ], [ 77.949378610000025, 30.364228311000034, 0.0 ], [ 77.949442751, 30.364362684999961, 0.0 ], [ 77.949525351, 30.364745524000018, 0.0 ], [ 77.949611238, 30.364899230000034, 0.0 ], [ 77.949741986999982, 30.364996126999969, 0.0 ], [ 77.949754751999976, 30.365001835, 0.0 ], [ 77.949756652999952, 30.365005238000013, 0.0 ], [ 77.949805272999981, 30.365070215999971, 0.0 ], [ 77.949927902, 30.365157477, 0.0 ], [ 77.95001368, 30.365222854999988, 0.0 ], [ 77.950111998999958, 30.365277627, 0.0 ], [ 77.950198085999972, 30.365321524999981, 0.0 ], [ 77.950271940999954, 30.36535454799996, 0.0 ], [ 77.950358181999988, 30.365387705000039, 0.0 ], [ 77.950394725, 30.365431067999985, 0.0 ], [ 77.950404758000019, 30.365477567000013, 0.0 ], [ 77.950022767000036, 30.365381104000026, 0.0 ], [ 77.949869448999962, 30.365322158000033, 0.0 ], [ 77.949717228999987, 30.365186835000028, 0.0 ], [ 77.94958702699995, 30.365051748000042, 0.0 ], [ 77.94947912, 30.364897805, 0.0 ], [ 77.949416349000046, 30.364667958, 0.0 ], [ 77.949352755000021, 30.364495395000016, 0.0 ], [ 77.949347709999955, 30.364461788999989, 0.0 ], [ 77.949348228, 30.364425699000023, 0.0 ], [ 77.949324897000025, 30.364230575000043, 0.0 ], [ 77.949424023999967, 30.363878156000016, 0.0 ], [ 77.949540281, 30.363788772, 0.0 ], [ 77.94964582800003, 30.363717400000038, 0.0 ], [ 77.949782596999967, 30.363655428999973, 0.0 ], [ 77.949893302999982, 30.363588644000043, 0.0 ], [ 77.949972591999966, 30.363526053000015, 0.0 ], [ 77.950074601999972, 30.363336811999989, 0.0 ], [ 77.95012319, 30.363228571, 0.0 ], [ 77.950156100999962, 30.36312016, 0.0 ], [ 77.950126504000011, 30.362997478999979, 0.0 ], [ 77.950055690000013, 30.362833567, 0.0 ], [ 77.949983055000033, 30.362796527999961, 0.0 ], [ 77.949965358999989, 30.362785619000036, 0.0 ], [ 77.949950186999985, 30.362763975000021, 0.0 ], [ 77.949819988999963, 30.362628889000035, 0.0 ], [ 77.94980016, 30.362475894999989, 0.0 ], [ 77.949890703000037, 30.36230499499997, 0.0 ], [ 77.949914912, 30.362152475999963, 0.0 ], [ 77.949916829999978, 30.362018815, 0.0 ], [ 77.949920389, 30.361770586999985, 0.0 ], [ 77.949769269000029, 30.361558884999965, 0.0 ], [ 77.94959613, 30.361346945000015, 0.0 ], [ 77.949567933999973, 30.361301615, 0.0 ], [ 77.949561555999978, 30.361262425000039, 0.0 ], [ 77.949563097000024, 30.361155018000034, 0.0 ], [ 77.949577332000047, 30.361026264000039, 0.0 ], [ 77.949578717999984, 30.360929598000034, 0.0 ], [ 77.949666958, 30.360823127000018, 0.0 ], [ 77.949742505000032, 30.360738004, 0.0 ], [ 77.949855054000011, 30.360664022, 0.0 ], [ 77.949967910000026, 30.360568558, 0.0 ], [ 77.950067919000048, 30.360505183, 0.0 ], [ 77.950076686999964, 30.36046413499998, 0.0 ], [ 77.950137728000044, 30.36043611099997, 0.0 ], [ 77.950272304, 30.360265685, 0.0 ], [ 77.950417981999962, 30.360128780000032, 0.0 ], [ 77.95044502899998, 30.360122525999959, 0.0 ], [ 77.950570885, 30.359984232999974, 0.0 ], [ 77.950621659000035, 30.359898842000014, 0.0 ], [ 77.950697356999981, 30.359802976999987, 0.0 ], [ 77.950750747999962, 30.359534995000018, 0.0 ], [ 77.950764826999972, 30.359416981000024, 0.0 ], [ 77.950689082000011, 30.359330325999959, 0.0 ], [ 77.950698671000012, 30.359231261000023, 0.0 ], [ 77.950700056000031, 30.359134595000018, 0.0 ], [ 77.950688748, 30.359059278, 0.0 ], [ 77.950677747999961, 30.358962477999988, 0.0 ], [ 77.950617362000031, 30.358854404000017, 0.0 ], [ 77.950532204, 30.358746062000023, 0.0 ], [ 77.95048343299996, 30.358691825999976, 0.0 ], [ 77.950385427000029, 30.358615571999973, 0.0 ], [ 77.950348585, 30.358577345, 0.0 ], [ 77.950343937999961, 30.358543959, 0.0 ], [ 77.950318787000015, 30.358475708000036, 0.0 ], [ 77.950304151999958, 30.358403039999974, 0.0 ], [ 77.950279001000013, 30.358334790000011, 0.0 ], [ 77.95023798, 30.358279965, 0.0 ], [ 77.95022844, 30.358216414999987, 0.0 ], [ 77.95022419, 30.358148390000043, 0.0 ], [ 77.950261869000016, 30.358071755, 0.0 ], [ 77.950299419000018, 30.358004181000013, 0.0 ], [ 77.950326128, 30.357963681000037, 0.0 ], [ 77.950383928999983, 30.357941645, 0.0 ], [ 77.950401257, 30.357930663999969, 0.0 ], [ 77.950397665999972, 30.357942492999971, 0.0 ], [ 77.950426551000049, 30.35791457199997, 0.0 ], [ 77.950489534000027, 30.357865741000015, 0.0 ], [ 77.95051554000004, 30.357809211000045, 0.0 ], [ 77.950585232000037, 30.357711261000023, 0.0 ], [ 77.950624389999987, 30.357572032999961, 0.0 ], [ 77.950638930000039, 30.357421796999965, 0.0 ], [ 77.950679165, 30.357207383999988, 0.0 ], [ 77.950706091, 30.357057283, 0.0 ], [ 77.95074632500004, 30.356842870000026, 0.0 ], [ 77.950837331000017, 30.356543065, 0.0 ], [ 77.950863486999964, 30.356446667000018, 0.0 ], [ 77.950964260000049, 30.356329587000012, 0.0 ], [ 77.950990415, 30.356233189000029, 0.0 ], [ 77.951006185999958, 30.355997027000029, 0.0 ], [ 77.951008033000022, 30.355868140000023, 0.0 ], [ 77.950974881000036, 30.355588481999977, 0.0 ], [ 77.950977651, 30.355395149999968, 0.0 ], [ 77.950906573999973, 30.35516879499998, 0.0 ], [ 77.950760571999979, 30.354984602000016, 0.0 ], [ 77.950565494, 30.354767652, 0.0 ], [ 77.950456186000011, 30.354616081999989, 0.0 ], [ 77.95044213700001, 30.354560116999977, 0.0 ], [ 77.950375057999963, 30.35451494499997, 0.0 ], [ 77.950264211000032, 30.354470780999957, 0.0 ], [ 77.950128439999986, 30.354437090000012, 0.0 ], [ 77.950004746999966, 30.354425013, 0.0 ], [ 77.949943437999963, 30.354381382000021, 0.0 ], [ 77.949833053999967, 30.354304995, 0.0 ], [ 77.949697437000026, 30.354260562999972, 0.0 ], [ 77.949573744, 30.354248486000039, 0.0 ], [ 77.949400974000014, 30.354203652999971, 0.0 ], [ 77.949326973000026, 30.35418137, 0.0 ], [ 77.949191202999984, 30.354147676999958, 0.0 ], [ 77.94903066400002, 30.354113718, 0.0 ], [ 77.948944587, 30.35406982, 0.0 ], [ 77.948858355999974, 30.354036661, 0.0 ], [ 77.94873528, 30.353981621999985, 0.0 ], [ 77.948562046999967, 30.353969009, 0.0 ], [ 77.948413430000016, 30.353967403999963, 0.0 ], [ 77.948240198999983, 30.353954790999985, 0.0 ], [ 77.94791773300004, 30.353983534999966, 0.0 ], [ 77.947569571, 30.354076455000015, 0.0 ], [ 77.947432568000039, 30.354128686999985, 0.0 ], [ 77.947246333, 30.354158901, 0.0 ], [ 77.94711025700002, 30.354146687999965, 0.0 ], [ 77.947011949999961, 30.354091913999962, 0.0 ], [ 77.946913489, 30.354047880999961, 0.0 ], [ 77.94685187499995, 30.35402573, 0.0 ], [ 77.946790259000011, 30.354003579000025, 0.0 ], [ 77.946716105, 30.353992034999958, 0.0 ], [ 77.946567952, 30.353958207, 0.0 ], [ 77.946456644000023, 30.353946261, 0.0 ], [ 77.946370259, 30.353923842, 0.0 ], [ 77.946259260000033, 30.353890414999988, 0.0 ], [ 77.946135876000042, 30.353856852999964, 0.0 ], [ 77.946025804, 30.353758982000038, 0.0 ], [ 77.945940347000032, 30.353672119000045, 0.0 ], [ 77.945867737999976, 30.353553167999973, 0.0 ], [ 77.945770824000036, 30.353401726999966, 0.0 ], [ 77.945699141999967, 30.35321833199998, 0.0 ], [ 77.945676226000032, 30.35308917600004, 0.0 ], [ 77.945664768999961, 30.353024598000026, 0.0 ], [ 77.945592005999984, 30.352916387000043, 0.0 ], [ 77.945482553, 30.352775553000026, 0.0 ], [ 77.945422484, 30.352645993999964, 0.0 ], [ 77.945214110999984, 30.352493347000035, 0.0 ], [ 77.945117043000039, 30.352352646000028, 0.0 ], [ 77.945056202999979, 30.352276790999969, 0.0 ], [ 77.945008364000017, 30.352158108, 0.0 ], [ 77.944997681000018, 30.352039826, 0.0 ], [ 77.944974456999958, 30.351932151999964, 0.0 ], [ 77.944914698, 30.351781112, 0.0 ], [ 77.944817633000042, 30.351640410999984, 0.0 ], [ 77.944720256999972, 30.351521190999978, 0.0 ], [ 77.944598114, 30.35140170300004, 0.0 ], [ 77.94445135700002, 30.351271205999989, 0.0 ], [ 77.944341133999956, 30.351184073999974, 0.0 ], [ 77.944337716000035, 30.351180599000042, 0.0 ], [ 77.944341442999985, 30.351162591999973, 0.0 ], [ 77.944329833, 30.351108754999959, 0.0 ], [ 77.944305681999964, 30.351065524000024, 0.0 ], [ 77.944294225999982, 30.35100094500001, 0.0 ], [ 77.94429515299997, 30.350936502, 0.0 ], [ 77.944259392000035, 30.350839432999969, 0.0 ], [ 77.944247625999949, 30.350796337000045, 0.0 ], [ 77.944198862, 30.350742097, 0.0 ], [ 77.944125794, 30.350655366000016, 0.0 ], [ 77.944089414, 30.35060126099998, 0.0 ], [ 77.944040649999963, 30.350547021000022, 0.0 ], [ 77.94399251599998, 30.350529715000011, 0.0 ], [ 77.94395473299997, 30.35049237800003, 0.0 ], [ 77.943880736999972, 30.350470092999963, 0.0 ], [ 77.943829246999968, 30.350455523, 0.0 ], [ 77.943794511000036, 30.350436931999973, 0.0 ], [ 77.943705293000022, 30.35042044800003, 0.0 ], [ 77.943683360999984, 30.35041424299996, 0.0 ], [ 77.943510290999967, 30.350390882999982, 0.0 ], [ 77.943337995, 30.35031382, 0.0 ], [ 77.94302916200003, 30.350256759999986, 0.0 ], [ 77.94289432799998, 30.350158618000037, 0.0 ], [ 77.942685962999974, 30.350005966000019, 0.0 ], [ 77.942631711, 30.349936153000016, 0.0 ], [ 77.942576517999967, 30.349865129, 0.0 ], [ 77.942392613000038, 30.349734226, 0.0 ], [ 77.942282393999974, 30.349647093, 0.0 ], [ 77.942210257000042, 30.349495918, 0.0 ], [ 77.942198957, 30.349420599, 0.0 ], [ 77.942151587999987, 30.349269692000028, 0.0 ], [ 77.942079450999969, 30.349118517000043, 0.0 ], [ 77.942031929000038, 30.348978351, 0.0 ], [ 77.941946944000023, 30.348859262, 0.0 ], [ 77.941799417999974, 30.348782466000038, 0.0 ], [ 77.941688736999964, 30.348727553000025, 0.0 ], [ 77.941578054000047, 30.348672642000011, 0.0 ], [ 77.941368764999964, 30.348584431, 0.0 ], [ 77.941258549, 30.34849729699998, 0.0 ], [ 77.941124183999975, 30.348366930000029, 0.0 ], [ 77.941037960000031, 30.348333767000039, 0.0 ], [ 77.940902975999975, 30.348246362, 0.0 ], [ 77.940817528000011, 30.348159497, 0.0 ], [ 77.940658395999989, 30.348028861000035, 0.0 ], [ 77.940548645999968, 30.347909503000018, 0.0 ], [ 77.940537658000025, 30.347812702, 0.0 ], [ 77.940526514, 30.347726641999987, 0.0 ], [ 77.94051599, 30.34759761999997, 0.0 ], [ 77.940405929999969, 30.347499744000043, 0.0 ], [ 77.940282556999975, 30.347466177000019, 0.0 ], [ 77.940183795999971, 30.347443619000018, 0.0 ], [ 77.940085033999978, 30.347421063000017, 0.0 ], [ 77.940022805999973, 30.347441870999962, 0.0 ], [ 77.939922958999972, 30.347494498999964, 0.0 ], [ 77.939822646000025, 30.347579346999968, 0.0 ], [ 77.939771869, 30.347664735000016, 0.0 ], [ 77.93969601400002, 30.347771334000043, 0.0 ], [ 77.939656844999988, 30.347910559000017, 0.0 ], [ 77.939441664000029, 30.34823049200002, 0.0 ], [ 77.939365032, 30.348390793999961, 0.0 ], [ 77.939238554000013, 30.348572040000036, 0.0 ], [ 77.93918746600005, 30.348678908, 0.0 ], [ 77.939111298999961, 30.348806989000025, 0.0 ], [ 77.939060366, 30.348903115999985, 0.0 ], [ 77.938969952, 30.349159951, 0.0 ], [ 77.938911722999975, 30.349760889, 0.0 ], [ 77.938902099999979, 30.350426810000023, 0.0 ], [ 77.938899771000052, 30.350587920000031, 0.0 ], [ 77.938885562000024, 30.350776912000036, 0.0 ], [ 77.938947436, 30.350854066000025, 0.0 ], [ 77.939077879000038, 30.350970069000031, 0.0 ], [ 77.939290059000015, 30.351144250999965, 0.0 ], [ 77.939437223000013, 30.351246113000045, 0.0 ], [ 77.939550742, 30.351390577, 0.0 ], [ 77.939712972, 30.351592863999958, 0.0 ], [ 77.939908847000055, 30.351752546000025, 0.0 ], [ 77.939989342000047, 30.351896651999958, 0.0 ], [ 77.940250649, 30.352100013, 0.0 ], [ 77.940379442, 30.352330581999979, 0.0 ], [ 77.940458698999976, 30.352560613, 0.0 ], [ 77.940538367, 30.35276200099997, 0.0 ], [ 77.940652097, 30.352892144, 0.0 ], [ 77.940683469000021, 30.353007069, 0.0 ], [ 77.94071484100003, 30.353121995, 0.0 ], [ 77.940727839999951, 30.35336563, 0.0 ], [ 77.940775518, 30.353495054999961, 0.0 ], [ 77.940857048999987, 30.353567556, 0.0 ], [ 77.940955093000014, 30.353640234999983, 0.0 ], [ 77.94110185, 30.353770737000033, 0.0 ], [ 77.941165214, 30.353957625000042, 0.0 ], [ 77.941179660000032, 30.354101013, 0.0 ], [ 77.94126078, 30.354202155000024, 0.0 ], [ 77.941342930999951, 30.354231692999981, 0.0 ], [ 77.941424463000047, 30.354304193000029, 0.0 ], [ 77.941522301999967, 30.354391193000033, 0.0 ], [ 77.941603007999987, 30.354520977000025, 0.0 ], [ 77.941634587000024, 30.354621581, 0.0 ], [ 77.941632934999973, 30.354736147999976, 0.0 ], [ 77.941679790000023, 30.35492285699997, 0.0 ], [ 77.941709923000033, 30.355123706999979, 0.0 ], [ 77.941739438999988, 30.355367521, 0.0 ], [ 77.941704759999965, 30.355481729000026, 0.0 ], [ 77.941703107, 30.355596296, 0.0 ], [ 77.941701660999968, 30.355696542000036, 0.0 ], [ 77.941699387999961, 30.355854072000014, 0.0 ], [ 77.941697322999971, 30.355997279999961, 0.0 ], [ 77.941710531, 30.356226593000017, 0.0 ], [ 77.941741285999967, 30.356384481000024, 0.0 ], [ 77.941885361999979, 30.356701153000024, 0.0 ], [ 77.941997445000027, 30.356945861000021, 0.0 ], [ 77.942127899999974, 30.357061860000027, 0.0 ], [ 77.942274457000025, 30.357206681000019, 0.0 ], [ 77.942404087, 30.357379962999968, 0.0 ], [ 77.942475911, 30.357541510000011, 0.0 ], [ 77.942500072000044, 30.357595850999978, 0.0 ], [ 77.942547960000013, 30.357710955, 0.0 ], [ 77.942596056999989, 30.357811737999988, 0.0 ], [ 77.942611125, 30.357912163000037, 0.0 ], [ 77.942626193, 30.358012588, 0.0 ], [ 77.942734770000015, 30.358500750999976, 0.0 ], [ 77.942732706000015, 30.358643959000013, 0.0 ], [ 77.942910848000011, 30.35888938299998, 0.0 ], [ 77.942942019000014, 30.359018628000015, 0.0 ], [ 77.943021699000042, 30.359220015999981, 0.0 ], [ 77.943052869000041, 30.359349261000016, 0.0 ], [ 77.943050599000031, 30.359506791, 0.0 ], [ 77.943014681, 30.359706925000033, 0.0 ], [ 77.94292963499997, 30.359877879999967, 0.0 ], [ 77.942662314999964, 30.360089828, 0.0 ], [ 77.942624384000027, 30.360143128999976, 0.0 ], [ 77.942643736000022, 30.360232858000028, 0.0 ], [ 77.94244082000003, 30.360560089000014, 0.0 ], [ 77.942413574999989, 30.360584133999961, 0.0 ], [ 77.942056039999983, 30.360899670999956, 0.0 ], [ 77.942022186000031, 30.360956595999959, 0.0 ], [ 77.941887179999952, 30.361155655, 0.0 ], [ 77.941869428, 30.361241401999987, 0.0 ], [ 77.941783552, 30.361469639000042, 0.0 ], [ 77.941745358000034, 30.36182730199997, 0.0 ], [ 77.941723266999986, 30.362213784999973, 0.0 ], [ 77.941625406999975, 30.363272632, 0.0 ], [ 77.941588660000036, 30.363530049, 0.0 ], [ 77.941569253000026, 30.363730361999956, 0.0 ], [ 77.941451172000029, 30.363900958000038, 0.0 ], [ 77.941267650000029, 30.364027873999969, 0.0 ], [ 77.941183631000015, 30.364127224000018, 0.0 ], [ 77.940917123, 30.364281886000025, 0.0 ], [ 77.940617998000022, 30.364407546000031, 0.0 ], [ 77.940418167, 30.364519961, 0.0 ], [ 77.940086010999963, 30.364645262999982, 0.0 ], [ 77.93985273600002, 30.364785959999988, 0.0 ], [ 77.939383703000033, 30.365239203, 0.0 ], [ 77.939247858999977, 30.365495543, 0.0 ], [ 77.939242477999983, 30.365867883999979, 0.0 ], [ 77.939273646, 30.365997130000014, 0.0 ], [ 77.939481925999985, 30.366443408, 0.0 ], [ 77.939757096000022, 30.366833121, 0.0 ], [ 77.940278340999981, 30.36734008900002, 0.0 ], [ 77.940286204, 30.36734867300002, 0.0 ], [ 77.940343989, 30.367369447999963, 0.0 ], [ 77.940556204999965, 30.367543627999986, 0.0 ], [ 77.940834482999989, 30.367718524999979, 0.0 ], [ 77.940965572, 30.367791562999983, 0.0 ], [ 77.941242197999969, 30.368081027000041, 0.0 ], [ 77.94215507700001, 30.368921665999963, 0.0 ], [ 77.942241311000032, 30.368991370999957, 0.0 ], [ 77.942334681000034, 30.369066843999985, 0.0 ], [ 77.942449876999973, 30.369096739999971, 0.0 ], [ 77.942630721000015, 30.369155991999989, 0.0 ], [ 77.942728987999971, 30.369214349000021, 0.0 ], [ 77.942859046999985, 30.36935899, 0.0 ], [ 77.94310513, 30.369476241000019, 0.0 ], [ 77.943201332999976, 30.369677806, 0.0 ], [ 77.943281640999956, 30.369836229999962, 0.0 ], [ 77.943459805000046, 30.370081652000017, 0.0 ], [ 77.943523598, 30.370239896999966, 0.0 ], [ 77.943603906999982, 30.370398320000017, 0.0 ], [ 77.943748422000041, 30.370686346999957, 0.0 ], [ 77.94381324699998, 30.37077298700002, 0.0 ], [ 77.943893144000015, 30.370960052000044, 0.0 ], [ 77.943956112999984, 30.371175580000024, 0.0 ], [ 77.943970154, 30.371347607999958, 0.0 ], [ 77.943982956999989, 30.371605561999985, 0.0 ], [ 77.943929696000026, 30.371862800000041, 0.0 ], [ 77.943910704999965, 30.372034470000035, 0.0 ], [ 77.943233762, 30.373158658999969, 0.0 ], [ 77.942584262999986, 30.373524018, 0.0 ], [ 77.942146274999985, 30.373628823999969, 0.0 ], [ 77.942092749, 30.373641630999963, 0.0 ], [ 77.941614606999963, 30.373968749000028, 0.0 ], [ 77.941553294999949, 30.374021802999977, 0.0 ], [ 77.941489815000025, 30.374197269000017, 0.0 ], [ 77.941488713000027, 30.374273647000031, 0.0 ], [ 77.941530277, 30.374445974, 0.0 ], [ 77.941550921000029, 30.374541685, 0.0 ], [ 77.941570463999952, 30.374713773000032, 0.0 ], [ 77.941631570000041, 30.375058189000018, 0.0 ], [ 77.941670931, 30.375383271, 0.0 ], [ 77.941711669, 30.375612882, 0.0 ], [ 77.94170891499995, 30.375803825999984, 0.0 ], [ 77.941705333000016, 30.376052053, 0.0 ], [ 77.941789842, 30.376301235000017, 0.0 ], [ 77.941876277000034, 30.376416756999983, 0.0 ], [ 77.941962713999985, 30.376532279000038, 0.0 ], [ 77.942049702, 30.376609611000042, 0.0 ], [ 77.942085037999988, 30.376616823000017, 0.0 ], [ 77.942247351, 30.376649949, 0.0 ], [ 77.942509692000044, 30.376786475000021, 0.0 ], [ 77.942861774000036, 30.376809388999963, 0.0 ], [ 77.943037678000024, 30.376830392000013, 0.0 ], [ 77.943191834, 30.376832061999973, 0.0 ], [ 77.943609709000015, 30.376874783000044, 0.0 ], [ 77.943895999, 30.376877884000034, 0.0 ], [ 77.944191729000039, 30.376881086000033, 0.0 ], [ 77.944204862999968, 30.376843034, 0.0 ], [ 77.944404164000019, 30.37676880199998, 0.0 ], [ 77.944624388000037, 30.376771186, 0.0 ], [ 77.944932425000033, 30.376793617, 0.0 ], [ 77.945217891000027, 30.376853999000012, 0.0 ], [ 77.945501985, 30.377009851000029, 0.0 ], [ 77.945588424999954, 30.37712537, 0.0 ], [ 77.945740109999988, 30.377298886999963, 0.0 ], [ 77.945870322, 30.377433977000038, 0.0 ], [ 77.945889322999989, 30.377644254000028, 0.0 ], [ 77.945930621000031, 30.377835673999968, 0.0 ], [ 77.946038812000012, 30.377970524000023, 0.0 ], [ 77.946125528999985, 30.378066949, 0.0 ], [ 77.946231797999985, 30.37833546100002, 0.0 ], [ 77.946404135000037, 30.378604687, 0.0 ], [ 77.946532977000032, 30.378835247999984, 0.0 ], [ 77.946684665999982, 30.379008763000041, 0.0 ], [ 77.946814058000029, 30.379201135999971, 0.0 ], [ 77.946811312999969, 30.37939207999996, 0.0 ], [ 77.946675606000028, 30.379638879000041, 0.0 ], [ 77.946650837000021, 30.37982958500001, 0.0 ], [ 77.94662607, 30.38002028999998, 0.0 ], [ 77.946623597999988, 30.380192139999988, 0.0 ], [ 77.946599652999964, 30.380325562000014, 0.0 ], [ 77.946574610000013, 30.380535361999964, 0.0 ], [ 77.946572962999966, 30.380649928000029, 0.0 ], [ 77.94659388800001, 30.380726543999973, 0.0 ], [ 77.946745031, 30.380938248, 0.0 ], [ 77.946808630000021, 30.381110810999971, 0.0 ], [ 77.94693802499998, 30.381303182999989, 0.0 ], [ 77.947132393, 30.381572646, 0.0 ], [ 77.947217467, 30.381783636000041, 0.0 ], [ 77.947237294999965, 30.381936629, 0.0 ], [ 77.947279147000046, 30.382089859999976, 0.0 ], [ 77.947321548, 30.382204902, 0.0 ], [ 77.947363124999981, 30.382377227000038, 0.0 ], [ 77.947556947000024, 30.382684878, 0.0 ], [ 77.947686345999983, 30.382877249000021, 0.0 ], [ 77.947815197, 30.383107808, 0.0 ], [ 77.947966619, 30.38330041700004, 0.0 ], [ 77.948117495999952, 30.38353121300004, 0.0 ], [ 77.948224598000024, 30.38374244000002, 0.0 ], [ 77.948353450000027, 30.383972999, 0.0 ], [ 77.948373555, 30.384106897999978, 0.0 ], [ 77.948415409, 30.384260127999955, 0.0 ], [ 77.948391739, 30.384374457, 0.0 ], [ 77.948366425000032, 30.38460335100002, 0.0 ], [ 77.94827503800002, 30.384831532999982, 0.0 ], [ 77.948207046, 30.384964479999969, 0.0 ], [ 77.948116479999968, 30.385135376999987, 0.0 ], [ 77.947872294, 30.385266423, 0.0 ], [ 77.947517986, 30.385396277, 0.0 ], [ 77.94733654, 30.385485432, 0.0 ], [ 77.947188689000029, 30.385744164, 0.0 ], [ 77.947212463000042, 30.386388954999969, 0.0 ], [ 77.947274831000044, 30.38664744300004, 0.0 ], [ 77.947303957999964, 30.386919894000023, 0.0 ], [ 77.947378729000022, 30.387464974, 0.0 ], [ 77.947401680999974, 30.388167048, 0.0 ], [ 77.947511756000026, 30.388554958000039, 0.0 ], [ 77.947605516999957, 30.388928367000027, 0.0 ], [ 77.947662949, 30.389530553000025, 0.0 ], [ 77.947708037000012, 30.390991982999974, 0.0 ], [ 77.947689364999974, 30.391597155000042, 0.0 ], [ 77.947663088000013, 30.391676760999967, 0.0 ], [ 77.94766193000001, 30.391757314999971, 0.0 ], [ 77.947670064999969, 30.391837969999983, 0.0 ], [ 77.947678546999967, 30.391894458000039, 0.0 ], [ 77.94767715700003, 30.391991123000043, 0.0 ], [ 77.947676578999975, 30.3920314, 0.0 ], [ 77.947684944999963, 30.392095944000012, 0.0 ], [ 77.947684018999979, 30.392160387000015, 0.0 ], [ 77.947696718999964, 30.392176213, 0.0 ], [ 77.94768494799996, 30.39221554999996, 0.0 ], [ 77.947797291000015, 30.392445931000015, 0.0 ], [ 77.948006488, 30.392834909999959, 0.0 ], [ 77.948169212999971, 30.393008542000025, 0.0 ], [ 77.948398840999971, 30.39312560400003, 0.0 ], [ 77.948496312000032, 30.39324124, 0.0 ], [ 77.948577058999973, 30.393371018, 0.0 ], [ 77.948624972000019, 30.393486119000016, 0.0 ], [ 77.948607012999958, 30.393586186000036, 0.0 ], [ 77.948604956999972, 30.393729392999983, 0.0 ], [ 77.948586586999951, 30.393858100999974, 0.0 ], [ 77.948565130000048, 30.394201620999976, 0.0 ], [ 77.948579800000019, 30.394330685, 0.0 ], [ 77.948677272, 30.394446320999972, 0.0 ], [ 77.948709077999965, 30.394532601, 0.0 ], [ 77.948756169999953, 30.394704984999969, 0.0 ], [ 77.948787358000047, 30.394834229, 0.0 ], [ 77.948901351999979, 30.394950042, 0.0 ], [ 77.949013701000041, 30.39518042099996, 0.0 ], [ 77.94899512500001, 30.395323450999982, 0.0 ], [ 77.948977371999959, 30.395409196999971, 0.0 ], [ 77.948959000999949, 30.395537904999962, 0.0 ], [ 77.948924112, 30.395666435000027, 0.0 ], [ 77.948922467000031, 30.395781001, 0.0 ], [ 77.948821907999971, 30.395880176000038, 0.0 ], [ 77.948738485, 30.395936568, 0.0 ], [ 77.948621817000031, 30.396006924000044, 0.0 ], [ 77.948503298, 30.39620616700001, 0.0 ], [ 77.948499595000044, 30.396463939000022, 0.0 ], [ 77.948514265000014, 30.396593003000042, 0.0 ], [ 77.948527289000026, 30.396836635000039, 0.0 ], [ 77.948524204000037, 30.39705144499996, 0.0 ], [ 77.948652663, 30.397310644, 0.0 ], [ 77.948698110000038, 30.397597594000029, 0.0 ], [ 77.948745613999975, 30.397741335000021, 0.0 ], [ 77.94890876099997, 30.397886326000027, 0.0 ], [ 77.949169179000023, 30.398161271000038, 0.0 ], [ 77.949399641999989, 30.398221048000011, 0.0 ], [ 77.949630104999969, 30.398280824999983, 0.0 ], [ 77.949795924000014, 30.398239645000039, 0.0 ], [ 77.949867451999978, 30.398195137, 0.0 ], [ 77.949869837, 30.398193652999964, 0.0 ], [ 77.950038297, 30.398088829, 0.0 ], [ 77.950090351000028, 30.398063781999966, 0.0 ], [ 77.950267664000052, 30.397989305000021, 0.0 ], [ 77.950532809999956, 30.397934869999958, 0.0 ], [ 77.951084034, 30.397902615000042, 0.0 ], [ 77.95134699, 30.398000934, 0.0 ], [ 77.951388855, 30.398154161999983, 0.0 ], [ 77.951408693000047, 30.39830715500003, 0.0 ], [ 77.95140705, 30.39842172, 0.0 ], [ 77.951274613999971, 30.398439390999958, 0.0 ], [ 77.951165025000051, 30.398400015999986, 0.0 ], [ 77.951122339999984, 30.398304070000041, 0.0 ], [ 77.951035874000013, 30.398188554999987, 0.0 ], [ 77.950816698, 30.398109805000043, 0.0 ], [ 77.950574674000052, 30.398088099000024, 0.0 ], [ 77.950397908999989, 30.398124389, 0.0 ], [ 77.950174899000018, 30.398312957999977, 0.0 ], [ 77.95004164, 30.398387909999961, 0.0 ], [ 77.949533372999952, 30.398497014000018, 0.0 ], [ 77.949313649, 30.398456449000037, 0.0 ], [ 77.949182308000047, 30.398397740999975, 0.0 ], [ 77.949052063000011, 30.398262654999989, 0.0 ], [ 77.948944395999987, 30.398089618999972, 0.0 ], [ 77.948748619000042, 30.397915630999965, 0.0 ], [ 77.948553940000011, 30.397665266000033, 0.0 ], [ 77.948511806999988, 30.397531130000036, 0.0 ], [ 77.948448467999981, 30.397339472999988, 0.0 ], [ 77.948450937000018, 30.39716762499998, 0.0 ], [ 77.948388146999974, 30.39693778099997, 0.0 ], [ 77.948346286999964, 30.39678455, 0.0 ], [ 77.948305251000036, 30.396574036999983, 0.0 ], [ 77.948242462, 30.396344192999972, 0.0 ], [ 77.948289531999976, 30.396134631000042, 0.0 ], [ 77.948447558, 30.395868975, 0.0 ], [ 77.948669468999981, 30.395756787000042, 0.0 ], [ 77.94882667100002, 30.395548413000032, 0.0 ], [ 77.948918340999967, 30.395301138, 0.0 ], [ 77.94887648199996, 30.395147908000023, 0.0 ], [ 77.94876881700003, 30.394974871, 0.0 ], [ 77.948661153, 30.394801833999988, 0.0 ], [ 77.948509435999966, 30.39462832100002, 0.0 ], [ 77.948468672999965, 30.394398713000029, 0.0 ], [ 77.948470594000042, 30.394265052999984, 0.0 ], [ 77.948474158999986, 30.394016827999963, 0.0 ], [ 77.948477448999981, 30.393787696000011, 0.0 ], [ 77.948479642999985, 30.393634940999984, 0.0 ], [ 77.948460634000014, 30.393424666, 0.0 ], [ 77.948375271999964, 30.393232772000015, 0.0 ], [ 77.948135727999954, 30.393039212999987, 0.0 ], [ 77.948006785000032, 30.392947483000036, 0.0 ], [ 77.947970719999986, 30.39290469599996, 0.0 ], [ 77.947916355000018, 30.39280743, 0.0 ], [ 77.947825748999975, 30.392645317, 0.0 ], [ 77.947717021000045, 30.392450782999973, 0.0 ], [ 77.947699362, 30.392386139000042, 0.0 ], [ 77.947627108999967, 30.392240338999969, 0.0 ], [ 77.947591098000018, 30.392159384000021, 0.0 ], [ 77.947573787, 30.392070573000044, 0.0 ], [ 77.947575176000029, 30.39197390900004, 0.0 ], [ 77.947575754999988, 30.391933631, 0.0 ], [ 77.947586319999971, 30.391845122000042, 0.0 ], [ 77.947596770000033, 30.391764668999958, 0.0 ], [ 77.947590132000016, 30.391737161, 0.0 ], [ 77.947595371, 30.391683071999957, 0.0 ], [ 77.947609645000043, 30.39168945200004, 0.0 ], [ 77.947600896000026, 30.391549421, 0.0 ], [ 77.947569915000031, 30.391405856000024, 0.0 ], [ 77.947572178999962, 30.391248328999957, 0.0 ], [ 77.947508572000018, 30.391075765999979, 0.0 ], [ 77.947462102, 30.390860419000013, 0.0 ], [ 77.947464571000026, 30.390688571, 0.0 ], [ 77.947502548999964, 30.390345230000019, 0.0 ], [ 77.947539084999974, 30.390102133999978, 0.0 ], [ 77.947508723000041, 30.389915607, 0.0 ], [ 77.947563836999976, 30.389529482000025, 0.0 ], [ 77.947566098999985, 30.389371953999959, 0.0 ], [ 77.947585088999958, 30.389200282999965, 0.0 ], [ 77.947570627, 30.389056898, 0.0 ], [ 77.947523129, 30.388913155000012, 0.0 ], [ 77.947524776000037, 30.388798589000036, 0.0 ], [ 77.947477894999977, 30.388611883000042, 0.0 ], [ 77.947365144999964, 30.388410143999959, 0.0 ], [ 77.947351301999973, 30.388223796, 0.0 ], [ 77.947351919000027, 30.388180834, 0.0 ], [ 77.94732052900001, 30.388065909999987, 0.0 ], [ 77.947306892000029, 30.387865242, 0.0 ], [ 77.947309156000046, 30.387707713000015, 0.0 ], [ 77.947262275999989, 30.387521008000022, 0.0 ], [ 77.947297989, 30.387335195000013, 0.0 ], [ 77.947283528999961, 30.387191809999962, 0.0 ], [ 77.947252961000018, 30.387019604000013, 0.0 ], [ 77.94722198200003, 30.386876039000036, 0.0 ], [ 77.94711026500002, 30.386602695999979, 0.0 ], [ 77.947032819, 30.386243785000037, 0.0 ], [ 77.947019183000037, 30.386043115000042, 0.0 ], [ 77.946989646, 30.385799305000031, 0.0 ], [ 77.947075531999985, 30.385571064999976, 0.0 ], [ 77.947293972000026, 30.385315610999978, 0.0 ], [ 77.947340413999967, 30.385287784999985, 0.0 ], [ 77.947877506, 30.384903629, 0.0 ], [ 77.948055618999987, 30.384771871000019, 0.0 ], [ 77.948101586999968, 30.384638687000013, 0.0 ], [ 77.948192700999968, 30.384429599000033, 0.0 ], [ 77.948173418999971, 30.384238419000024, 0.0 ], [ 77.948110638000017, 30.384008573000013, 0.0 ], [ 77.948048132, 30.383759633000022, 0.0 ], [ 77.94781217900001, 30.383317846999972, 0.0 ], [ 77.947509333, 30.382932628999985, 0.0 ], [ 77.947115651000018, 30.382737402, 0.0 ], [ 77.94676739099998, 30.382447178999964, 0.0 ], [ 77.946461805000013, 30.382252902999966, 0.0 ], [ 77.94628918600003, 30.382002771999964, 0.0 ], [ 77.946203565000047, 30.381829969999966, 0.0 ], [ 77.946119316, 30.381561696999974, 0.0 ], [ 77.946016889999967, 30.381025863999959, 0.0 ], [ 77.945952741999989, 30.380891489000032, 0.0 ], [ 77.945934839000017, 30.380604835000028, 0.0 ], [ 77.945938683999984, 30.380337514000026, 0.0 ], [ 77.946207631000036, 30.380015765999961, 0.0 ], [ 77.94632214, 30.379711447, 0.0 ], [ 77.946303961000012, 30.379443887999983, 0.0 ], [ 77.946196867000026, 30.379232659, 0.0 ], [ 77.946176493000024, 30.379117854, 0.0 ], [ 77.946004429, 30.378829533000044, 0.0 ], [ 77.945767672000045, 30.378445027000026, 0.0 ], [ 77.945573040000014, 30.378194655, 0.0 ], [ 77.945442827, 30.378059566000019, 0.0 ], [ 77.945224798999973, 30.377904427999972, 0.0 ], [ 77.944634312999966, 30.377611577999989, 0.0 ], [ 77.944460883, 30.37741872600002, 0.0 ], [ 77.944220834999953, 30.377263350000042, 0.0 ], [ 77.944216704999974, 30.377244206999968, 0.0 ], [ 77.944110998000014, 30.377243061999962, 0.0 ], [ 77.944000611000035, 30.377260965000023, 0.0 ], [ 77.943758362999972, 30.377258340999983, 0.0 ], [ 77.943581908000027, 30.377275526999984, 0.0 ], [ 77.943229549, 30.377271710000024, 0.0 ], [ 77.942920684000029, 30.377306557999976, 0.0 ], [ 77.942766526999975, 30.377304888000015, 0.0 ], [ 77.942568875999967, 30.377264550999964, 0.0 ], [ 77.942072976999967, 30.377205337000039, 0.0 ], [ 77.942041164, 30.377201537, 0.0 ], [ 77.941866086, 30.377123249, 0.0 ], [ 77.941779374, 30.377026822000012, 0.0 ], [ 77.941714682999987, 30.376930633999958, 0.0 ], [ 77.941628522999963, 30.376796017000011, 0.0 ], [ 77.941563834000021, 30.376699828999957, 0.0 ], [ 77.941455925999975, 30.37654588, 0.0 ], [ 77.941391788, 30.376411502, 0.0 ], [ 77.941327375, 30.376296218999958, 0.0 ], [ 77.941263236000026, 30.37616184200003, 0.0 ], [ 77.941133858999976, 30.375969463000011, 0.0 ], [ 77.941070548999974, 30.375777802999963, 0.0 ], [ 77.941051282999979, 30.375586620000043, 0.0 ], [ 77.941054865000012, 30.375338393000021, 0.0 ], [ 77.941035324, 30.375166305, 0.0 ], [ 77.94106148000003, 30.374880128000029, 0.0 ], [ 77.941044143000013, 30.374555283999975, 0.0 ], [ 77.941091769999957, 30.374307535, 0.0 ], [ 77.941226656000012, 30.374118025000033, 0.0 ], [ 77.941627729999979, 30.37379772, 0.0 ], [ 77.942072296, 30.373516080999966, 0.0 ], [ 77.942100032999988, 30.373495982, 0.0 ], [ 77.942150567999988, 30.373419382999959, 0.0 ], [ 77.942207074999956, 30.373333729999977, 0.0 ], [ 77.942357167000026, 30.373235095999988, 0.0 ], [ 77.942556600000017, 30.373151318999984, 0.0 ], [ 77.942756652000043, 30.373024579999978, 0.0 ], [ 77.942873504000033, 30.372939908999989, 0.0 ], [ 77.943072728, 30.372870452000015, 0.0 ], [ 77.943140445, 30.37275660200001, 0.0 ], [ 77.943340907999982, 30.372601221000032, 0.0 ], [ 77.943458583000037, 30.37245926500001, 0.0 ], [ 77.943625601, 30.372332166999975, 0.0 ], [ 77.943694346, 30.372146712, 0.0 ], [ 77.943663171, 30.37201746699996, 0.0 ], [ 77.94366605999997, 30.37181697599998, 0.0 ], [ 77.943520306, 30.371614874000045, 0.0 ], [ 77.943308694999985, 30.37139773500002, 0.0 ], [ 77.943145599, 30.371252738000013, 0.0 ], [ 77.943015536999965, 30.371108098000036, 0.0 ], [ 77.94293543500001, 30.370935353000043, 0.0 ], [ 77.942823953000016, 30.370647685000044, 0.0 ], [ 77.942744057999974, 30.370460619000021, 0.0 ], [ 77.942696369000032, 30.37033119399997, 0.0 ], [ 77.942566720999963, 30.370157913000021, 0.0 ], [ 77.942403836999986, 30.369998592999984, 0.0 ], [ 77.942355528999983, 30.369912130000024, 0.0 ], [ 77.942224237999952, 30.369824502999968, 0.0 ], [ 77.942159198999988, 30.369781094000018, 0.0 ], [ 77.942061345999974, 30.369694095000014, 0.0 ], [ 77.941980832999974, 30.369549992, 0.0 ], [ 77.941933351999964, 30.369406246, 0.0 ], [ 77.94177046999998, 30.369246924999963, 0.0 ], [ 77.941640205000041, 30.369116605000016, 0.0 ], [ 77.941510354000044, 30.368957643, 0.0 ], [ 77.94133075100001, 30.368812463999987, 0.0 ], [ 77.941085293000043, 30.368652245999964, 0.0 ], [ 77.940922826000019, 30.368464283999955, 0.0 ], [ 77.940875760000026, 30.368291896, 0.0 ], [ 77.940811558999954, 30.368162292000015, 0.0 ], [ 77.940730843000026, 30.368032508000024, 0.0 ], [ 77.940534726999971, 30.367887147999987, 0.0 ], [ 77.940403638999953, 30.367814109999983, 0.0 ], [ 77.94022238499997, 30.367783496000026, 0.0 ], [ 77.940024615000041, 30.367752701999965, 0.0 ], [ 77.939844189000027, 30.367664803999975, 0.0 ], [ 77.93964745400001, 30.36756240700003, 0.0 ], [ 77.939384453, 30.367473610999966, 0.0 ], [ 77.93930415200002, 30.367315184, 0.0 ], [ 77.939307829999976, 30.367279568999987, 0.0 ], [ 77.939288258000033, 30.367272041999986, 0.0 ], [ 77.939173685999975, 30.367199182, 0.0 ], [ 77.939043014, 30.367097501000021, 0.0 ], [ 77.93899429700005, 30.367039679000033, 0.0 ], [ 77.938979436999972, 30.366924933000043, 0.0 ], [ 77.938964164000041, 30.366838828000024, 0.0 ], [ 77.938933825000021, 30.366652298999956, 0.0 ], [ 77.938919379999987, 30.366508911, 0.0 ], [ 77.938855390000015, 30.366364984999986, 0.0 ], [ 77.938824842999978, 30.366192776000037, 0.0 ], [ 77.938728859000022, 30.365976886000027, 0.0 ], [ 77.938666319, 30.365732713999986, 0.0 ], [ 77.93870183300001, 30.365561224, 0.0 ], [ 77.938787304999977, 30.365361630000013, 0.0 ], [ 77.938854812999963, 30.365262102000038, 0.0 ], [ 77.939089952999979, 30.364992519000026, 0.0 ], [ 77.93920762700003, 30.364850567, 0.0 ], [ 77.9393253, 30.364708614999984, 0.0 ], [ 77.939491895000018, 30.364610163, 0.0 ], [ 77.939641976, 30.364511532000019, 0.0 ], [ 77.939725376999974, 30.364455145999973, 0.0 ], [ 77.939876699000052, 30.364270588999979, 0.0 ], [ 77.939993955999981, 30.364157278000018, 0.0 ], [ 77.940308975000022, 30.36407476000003, 0.0 ], [ 77.94045802, 30.364047732000014, 0.0 ], [ 77.940823615999975, 30.363894147, 0.0 ], [ 77.940957387000026, 30.363781014999972, 0.0 ], [ 77.941058746999985, 30.363624561, 0.0 ], [ 77.94112707900004, 30.363467748999987, 0.0 ], [ 77.941228231999972, 30.36332561500004, 0.0 ], [ 77.941231333000047, 30.36311080200003, 0.0 ], [ 77.94125032700002, 30.362939132000037, 0.0 ], [ 77.941236912999983, 30.362724140000012, 0.0 ], [ 77.94122246400002, 30.36258075199996, 0.0 ], [ 77.941177054, 30.362293798000021, 0.0 ], [ 77.941179534000028, 30.362121948000013, 0.0 ], [ 77.941199147999967, 30.361907314000018, 0.0 ], [ 77.941185733000012, 30.361692322, 0.0 ], [ 77.941321154000022, 30.361464621999982, 0.0 ], [ 77.941390929000022, 30.361207564000029, 0.0 ], [ 77.941442331, 30.361079212999979, 0.0 ], [ 77.941511281000032, 30.360879438999969, 0.0 ], [ 77.941630185, 30.360651559000033, 0.0 ], [ 77.941815145000035, 30.360424395999978, 0.0 ], [ 77.94196666299996, 30.360225516000042, 0.0 ], [ 77.942084326000014, 30.360083561000021, 0.0 ], [ 77.942119793000018, 30.359860233000017, 0.0 ], [ 77.942106622, 30.359682756999987, 0.0 ], [ 77.942092379999977, 30.359525048, 0.0 ], [ 77.942111578999956, 30.359339055999971, 0.0 ], [ 77.942162359999983, 30.359253668000012, 0.0 ], [ 77.942229447000031, 30.359182781, 0.0 ], [ 77.942412545, 30.359084503999959, 0.0 ], [ 77.942444974000011, 30.359051602, 0.0 ], [ 77.942496353, 30.358999474000029, 0.0 ], [ 77.942531651, 30.358842302, 0.0 ], [ 77.942550022, 30.358713594, 0.0 ], [ 77.942520505000047, 30.358469782, 0.0 ], [ 77.942458403999964, 30.358396073000019, 0.0 ], [ 77.942423074999979, 30.358354141000014, 0.0 ], [ 77.942358259000031, 30.358267499000039, 0.0 ], [ 77.942276723000035, 30.358195, 0.0 ], [ 77.942195392999963, 30.358108178, 0.0 ], [ 77.942114478000022, 30.357992717000041, 0.0 ], [ 77.941999914999954, 30.357919858999963, 0.0 ], [ 77.941852531000023, 30.357832321, 0.0 ], [ 77.941737762000031, 30.357773784000045, 0.0 ], [ 77.941640954, 30.357615179999978, 0.0 ], [ 77.941528251, 30.357413432999984, 0.0 ], [ 77.941447956000033, 30.357255008000021, 0.0 ], [ 77.941401101999972, 30.357068299000026, 0.0 ], [ 77.941287573, 30.356923835999975, 0.0 ], [ 77.941190352000035, 30.356793873999969, 0.0 ], [ 77.941109438, 30.356678411, 0.0 ], [ 77.940979397, 30.35653376800003, 0.0 ], [ 77.940883004, 30.356346522, 0.0 ], [ 77.940885897999976, 30.356146029000012, 0.0 ], [ 77.940871657999949, 30.355988320000019, 0.0 ], [ 77.940874551000022, 30.35578782900004, 0.0 ], [ 77.940845038999967, 30.355544015000028, 0.0 ], [ 77.94083018, 30.355429269000037, 0.0 ], [ 77.940798187, 30.355357306000034, 0.0 ], [ 77.940784153, 30.355185276000011, 0.0 ], [ 77.94080294000004, 30.355027925999959, 0.0 ], [ 77.940821519999986, 30.354884896000026, 0.0 ], [ 77.940973031999988, 30.354686017, 0.0 ], [ 77.940991819000033, 30.354528668000039, 0.0 ], [ 77.940960653000033, 30.354399422, 0.0 ], [ 77.940880360999969, 30.35424099500004, 0.0 ], [ 77.940815549000021, 30.354154352999977, 0.0 ], [ 77.940652279, 30.354023672, 0.0 ], [ 77.940521623000038, 30.353921992000025, 0.0 ], [ 77.940358766999978, 30.353762668999988, 0.0 ], [ 77.940113968999967, 30.353559486999963, 0.0 ], [ 77.939983726000023, 30.353429165000016, 0.0 ], [ 77.939836766000042, 30.353312984, 0.0 ], [ 77.939674327, 30.353125017999986, 0.0 ], [ 77.939429116000056, 30.352950477000022, 0.0 ], [ 77.939266679000028, 30.352762511000012, 0.0 ], [ 77.939021469999986, 30.352587967999959, 0.0 ], [ 77.938840451000019, 30.352543030999971, 0.0 ], [ 77.938742202999975, 30.352484670000027, 0.0 ], [ 77.93864560999998, 30.352311743000019, 0.0 ], [ 77.938647888, 30.352154214000041, 0.0 ], [ 77.938683397, 30.351982721999974, 0.0 ], [ 77.938702393999975, 30.351811050999981, 0.0 ], [ 77.938723253, 30.351510492999981, 0.0 ], [ 77.938693332000014, 30.35129532000003, 0.0 ], [ 77.938513351000054, 30.35117877799998, 0.0 ], [ 77.938399833999981, 30.351034312000017, 0.0 ], [ 77.938352573999978, 30.350876244, 0.0 ], [ 77.93832182700001, 30.350718355999987, 0.0 ], [ 77.938209139, 30.350516606, 0.0 ], [ 77.938178598999968, 30.350344396000043, 0.0 ], [ 77.938282460000039, 30.350198446999958, 0.0 ], [ 77.938250703, 30.350075972000038, 0.0 ], [ 77.938212191, 30.349312846999958, 0.0 ], [ 77.93825244999995, 30.349098436999981, 0.0 ], [ 77.938206796, 30.348829382000012, 0.0 ], [ 77.938197673000047, 30.348603693, 0.0 ], [ 77.938238551999959, 30.348346321000012, 0.0 ], [ 77.938303888000036, 30.348110699999967, 0.0 ], [ 77.93833145100001, 30.347917636999981, 0.0 ], [ 77.938471245000031, 30.347672083, 0.0 ], [ 77.938623578000019, 30.347415923000035, 0.0 ], [ 77.938774005000028, 30.347254535, 0.0 ], [ 77.93875329, 30.347222159, 0.0 ], [ 77.938756049999967, 30.347031213, 0.0 ], [ 77.938890903000029, 30.346841705000042, 0.0 ], [ 77.939002914000056, 30.34670924, 0.0 ], [ 77.939070615999967, 30.34659539, 0.0 ], [ 77.939138043000042, 30.346500634999977, 0.0 ], [ 77.939228588, 30.346329741999959, 0.0 ], [ 77.939230518999963, 30.34619608, 0.0 ], [ 77.939211538, 30.345985801000012, 0.0 ], [ 77.939127339000052, 30.345717520000019, 0.0 ], [ 77.939151837000026, 30.34554590800003, 0.0 ], [ 77.939137269999975, 30.345030115999986, 0.0 ], [ 77.939054726999984, 30.344647269000017, 0.0 ], [ 77.939058038, 30.344418133999977, 0.0 ], [ 77.939030867999975, 30.344363268999967, 0.0 ], [ 77.938911757999975, 30.344684633, 0.0 ], [ 77.938438324999964, 30.344992382999973, 0.0 ], [ 77.938041553, 30.344988066999971, 0.0 ], [ 77.937395004999971, 30.34479329500002, 0.0 ], [ 77.937002306999986, 30.344507413, 0.0 ], [ 77.936470314000033, 30.343875826999959, 0.0 ], [ 77.935978475000013, 30.342963068000021, 0.0 ], [ 77.935770214000016, 30.34239758400004, 0.0 ], [ 77.935525885000047, 30.341831706000026, 0.0 ], [ 77.935388858999985, 30.341329576999957, 0.0 ], [ 77.935432631999973, 30.340798127000038, 0.0 ], [ 77.935545823000012, 30.340455174, 0.0 ], [ 77.935722538999968, 30.340339016999977, 0.0 ], [ 77.935242082000016, 30.340194264, 0.0 ], [ 77.934783316999983, 30.340039312999959, 0.0 ], [ 77.934437611999968, 30.340035543, 0.0 ], [ 77.933919057000054, 30.340029886999979, 0.0 ], [ 77.933054798000043, 30.340020456, 0.0 ], [ 77.932305048, 30.340062254, 0.0 ], [ 77.931439336999958, 30.34015276300002, 0.0 ], [ 77.930747929999953, 30.340145206000017, 0.0 ], [ 77.930229374000035, 30.340139536, 0.0 ], [ 77.929710818000032, 30.340133862999966, 0.0 ], [ 77.92913828, 30.33987768, 0.0 ], [ 77.928957091000015, 30.339619018, 0.0 ], [ 77.928506126, 30.339589610999965, 0.0 ], [ 77.927779662000034, 30.339581654000018, 0.0 ], [ 77.926854653999968, 30.339600163000039, 0.0 ], [ 77.926323812, 30.339766221000012, 0.0 ], [ 77.925791714000042, 30.340018201999989, 0.0 ], [ 77.925613964999982, 30.340054679999987, 0.0 ], [ 77.925394207000011, 30.340099779999989, 0.0 ], [ 77.925096597, 30.340125159999957, 0.0 ], [ 77.924667321, 30.340120447000011, 0.0 ], [ 77.924138980999984, 30.340114644999975, 0.0 ], [ 77.923644079999974, 30.340080563, 0.0 ], [ 77.92308313700002, 30.340045751999959, 0.0 ], [ 77.922753343, 30.340013481000042, 0.0 ], [ 77.922225003999984, 30.340007671, 0.0 ], [ 77.922135803495223, 30.340011844415574, 0.0 ], [ 77.935148471000076, 30.410088309000031, 0.0 ], [ 77.93755518833288, 30.413231304889003, 0.0 ], [ 77.937651125000031, 30.413208672000017, 0.0 ], [ 77.93775809, 30.413028926999978, 0.0 ], [ 77.937810917000022, 30.412984274000014, 0.0 ], [ 77.937864071999968, 30.412917013000044, 0.0 ], [ 77.938047659999981, 30.412851167000014, 0.0 ], [ 77.938177438999972, 30.412897804999965, 0.0 ], [ 77.938489171, 30.412991647, 0.0 ], [ 77.938723623000044, 30.413016807000041, 0.0 ], [ 77.939010248000045, 30.413042535000038, 0.0 ], [ 77.93926980800002, 30.413135808000028, 0.0 ], [ 77.939530020999968, 30.41318386, 0.0 ], [ 77.939763494000019, 30.413276848999974, 0.0 ], [ 77.939943161000045, 30.413482320000011, 0.0 ], [ 77.939994027, 30.413573325, 0.0 ], [ 77.940070980999963, 30.413664614, 0.0 ], [ 77.940173695000027, 30.413778796000027, 0.0 ], [ 77.940354341999964, 30.413916435999958, 0.0 ], [ 77.940457383999956, 30.414008007999985, 0.0 ], [ 77.940560751, 30.41407697, 0.0 ], [ 77.940768467000026, 30.414147064000034, 0.0 ], [ 77.941001616999955, 30.41426266, 0.0 ], [ 77.941208680999949, 30.414377973000043, 0.0 ], [ 77.941310123, 30.414412204000033, 0.0 ], [ 77.941416397, 30.414448065999981, 0.0 ], [ 77.941598355000039, 30.414495265999978, 0.0 ], [ 77.941832158000025, 30.414565640000028, 0.0 ], [ 77.941909115, 30.414656928000031, 0.0 ], [ 77.942064331999958, 30.414749064000016, 0.0 ], [ 77.942141288000016, 30.41484035200002, 0.0 ], [ 77.942243679999962, 30.414977141999969, 0.0 ], [ 77.942501943000025, 30.415160846999981, 0.0 ], [ 77.942760858000042, 30.415299332999982, 0.0 ], [ 77.9430201, 30.415415207999978, 0.0 ], [ 77.943226842999962, 30.41555312800002, 0.0 ], [ 77.943434563, 30.415623216999958, 0.0 ], [ 77.943641306999965, 30.415761136, 0.0 ], [ 77.943744352999971, 30.415852705000027, 0.0 ], [ 77.943899900000048, 30.415922229, 0.0 ], [ 77.944055772999974, 30.41596914399998, 0.0 ], [ 77.944211645, 30.416016057000043, 0.0 ], [ 77.944341430999984, 30.416062688, 0.0 ], [ 77.944470566, 30.416154539000043, 0.0 ], [ 77.944625462000033, 30.416269282000034, 0.0 ], [ 77.944781010000028, 30.416338805000013, 0.0 ], [ 77.944910471, 30.416408044999969, 0.0 ], [ 77.945117217999965, 30.416545962000011, 0.0 ], [ 77.945218964000034, 30.416727969999972, 0.0 ], [ 77.945230769000034, 30.416831835000039, 0.0 ], [ 77.945399762999983, 30.417044921, 0.0 ], [ 77.94557518900001, 30.417104109, 0.0 ], [ 77.945749240000026, 30.417258769000014, 0.0 ], [ 77.945813959999967, 30.417354954999979, 0.0 ], [ 77.945965982000018, 30.417509373999966, 0.0 ], [ 77.946206128999989, 30.417664748000032, 0.0 ], [ 77.946270849000015, 30.417760933, 0.0 ], [ 77.946487318999985, 30.418030632000018, 0.0 ], [ 77.94657269800004, 30.418222526, 0.0 ], [ 77.946723348999981, 30.418472416999979, 0.0 ], [ 77.946875922, 30.418588648, 0.0 ], [ 77.946918338000032, 30.418703689000019, 0.0 ], [ 77.947005092000026, 30.418800112, 0.0 ], [ 77.947046958000016, 30.41895334099998, 0.0 ], [ 77.94713343799998, 30.419068858000035, 0.0 ], [ 77.947241674999972, 30.419203706, 0.0 ], [ 77.947282443999967, 30.419433313, 0.0 ], [ 77.947409969000034, 30.419759340999967, 0.0 ], [ 77.947406948999969, 30.419969377000026, 0.0 ], [ 77.947403928999975, 30.420179413, 0.0 ], [ 77.947510246999983, 30.420447921, 0.0 ], [ 77.947575245000039, 30.420525011, 0.0 ], [ 77.947705515999971, 30.420660096999978, 0.0 ], [ 77.947835787, 30.420795182999964, 0.0 ], [ 77.947965784000019, 30.42094936400002, 0.0 ], [ 77.948161604999967, 30.421123351000027, 0.0 ], [ 77.948270394, 30.421220012000031, 0.0 ], [ 77.948576651000025, 30.421376092999978, 0.0 ], [ 77.948772747, 30.421530985, 0.0 ], [ 77.948946812, 30.42168564000001, 0.0 ], [ 77.949033569, 30.421782061, 0.0 ], [ 77.949469830000027, 30.42209232, 0.0 ], [ 77.949863125999968, 30.422325725000036, 0.0 ], [ 77.950081532000013, 30.422461759000011, 0.0 ], [ 77.950299392, 30.422635981000038, 0.0 ], [ 77.950430217, 30.422732875999973, 0.0 ], [ 77.950604011999985, 30.42290662299996, 0.0 ], [ 77.950952152000013, 30.423215926999973, 0.0 ], [ 77.95116919400003, 30.423447430000031, 0.0 ], [ 77.951320138, 30.423678221000031, 0.0 ], [ 77.951384318999985, 30.423812590999958, 0.0 ], [ 77.951559213999971, 30.423909960000021, 0.0 ], [ 77.951733834000038, 30.424026421999976, 0.0 ], [ 77.951907907000049, 30.424181072999982, 0.0 ], [ 77.952059948000013, 30.424335485999968, 0.0 ], [ 77.952212264000011, 30.424470805999974, 0.0 ], [ 77.952254961, 30.42456675, 0.0 ], [ 77.952362938000036, 30.424720689000043, 0.0 ], [ 77.952516074000016, 30.424798725000016, 0.0 ], [ 77.95269097100001, 30.424896092, 0.0 ], [ 77.952697597000025, 30.424899316, 0.0 ], [ 77.953065259999974, 30.424919215000038, 0.0 ], [ 77.953373996000025, 30.424903437999976, 0.0 ], [ 77.953816023000016, 30.424812704000018, 0.0 ], [ 77.954301296000011, 30.424779725000043, 0.0 ], [ 77.95446241700003, 30.424813776000018, 0.0 ], [ 77.954496738000017, 30.424765569000026, 0.0 ], [ 77.954865182000049, 30.424788326000044, 0.0 ], [ 77.955254509000014, 30.424867703000039, 0.0 ], [ 77.955491744000014, 30.424964245000034, 0.0 ], [ 77.955815467999983, 30.425080513999973, 0.0 ], [ 77.95631243699998, 30.425217439000022, 0.0 ], [ 77.956462649999963, 30.425331843999984, 0.0 ], [ 77.956569484000013, 30.425445783, 0.0 ], [ 77.956742460000029, 30.425485236999975, 0.0 ], [ 77.957002461000044, 30.425506823999985, 0.0 ], [ 77.957090828999981, 30.425394978999968, 0.0 ], [ 77.957245334999982, 30.425208647, 0.0 ], [ 77.957422068000042, 30.424984954999971, 0.0 ], [ 77.957576307000011, 30.424817418999965, 0.0 ], [ 77.957750891999979, 30.424744094000026, 0.0 ], [ 77.957926013, 30.424633179, 0.0 ], [ 77.958209579, 30.424523423999975, 0.0 ], [ 77.958361669999974, 30.424506254999976, 0.0 ], [ 77.958623009000021, 30.424433859000025, 0.0 ], [ 77.959165232000032, 30.424439665999973, 0.0 ], [ 77.959423623, 30.424574024999988, 0.0 ], [ 77.959963168999963, 30.424767790000033, 0.0 ], [ 77.960157031000023, 30.424863859999988, 0.0 ], [ 77.960307782999976, 30.424940668000037, 0.0 ], [ 77.960587599000036, 30.425094053000027, 0.0 ], [ 77.960803150000018, 30.425190353, 0.0 ], [ 77.960953369, 30.425304753999963, 0.0 ], [ 77.961103051000052, 30.425456744000016, 0.0 ], [ 77.961136399000054, 30.42549007600002, 0.0 ] ] ] ] } },
{ "type": "Feature", "properties": { "OBJECTID": 126921.0, "SHAPE_LENG": 38289.494889499998, "DESCRIPTIO": "Active Flood Plain", "LEGEND_SHO": "Flood Plain" }, "geometry": { "type": "MultiPolygon", "coordinates": [ [ [ [ 77.961136399000054, 30.42549007600002, 0.0 ], [ 77.961103051000052, 30.425456744000016, 0.0 ], [ 77.960953369, 30.425304753999963, 0.0 ], [ 77.960803150000018, 30.425190353, 0.0 ], [ 77.960587599000036, 30.425094053000027, 0.0 ], [ 77.960307782999976, 30.424940668000037, 0.0 ], [ 77.960157031000023, 30.424863859999988, 0.0 ], [ 77.959963168999963, 30.424767790000033, 0.0 ], [ 77.959423623, 30.424574024999988, 0.0 ], [ 77.959165232000032, 30.424439665999973, 0.0 ], [ 77.958623009000021, 30.424433859000025, 0.0 ], [ 77.958361669999974, 30.424506254999976, 0.0 ], [ 77.958209579, 30.424523423999975, 0.0 ], [ 77.957926013, 30.424633179, 0.0 ], [ 77.957750891999979, 30.424744094000026, 0.0 ], [ 77.957576307000011, 30.424817418999965, 0.0 ], [ 77.957422068000042, 30.424984954999971, 0.0 ], [ 77.957245334999982, 30.425208647, 0.0 ], [ 77.957090828999981, 30.425394978999968, 0.0 ], [ 77.957002461000044, 30.425506823999985, 0.0 ], [ 77.956742460000029, 30.425485236999975, 0.0 ], [ 77.956569484000013, 30.425445783, 0.0 ], [ 77.956462649999963, 30.425331843999984, 0.0 ], [ 77.95631243699998, 30.425217439000022, 0.0 ], [ 77.955815467999983, 30.425080513999973, 0.0 ], [ 77.955491744000014, 30.424964245000034, 0.0 ], [ 77.955254509000014, 30.424867703000039, 0.0 ], [ 77.954865182000049, 30.424788326000044, 0.0 ], [ 77.954496738000017, 30.424765569000026, 0.0 ], [ 77.95446241700003, 30.424813776000018, 0.0 ], [ 77.954301296000011, 30.424779725000043, 0.0 ], [ 77.953816023000016, 30.424812704000018, 0.0 ], [ 77.953373996000025, 30.424903437999976, 0.0 ], [ 77.953065259999974, 30.424919215000038, 0.0 ], [ 77.952697597000025, 30.424899316, 0.0 ], [ 77.95269097100001, 30.424896092, 0.0 ], [ 77.952516074000016, 30.424798725000016, 0.0 ], [ 77.952362938000036, 30.424720689000043, 0.0 ], [ 77.952254961, 30.42456675, 0.0 ], [ 77.952212264000011, 30.424470805999974, 0.0 ], [ 77.952059948000013, 30.424335485999968, 0.0 ], [ 77.951907907000049, 30.424181072999982, 0.0 ], [ 77.951733834000038, 30.424026421999976, 0.0 ], [ 77.951559213999971, 30.423909960000021, 0.0 ], [ 77.951384318999985, 30.423812590999958, 0.0 ], [ 77.951320138, 30.423678221000031, 0.0 ], [ 77.95116919400003, 30.423447430000031, 0.0 ], [ 77.950952152000013, 30.423215926999973, 0.0 ], [ 77.950604011999985, 30.42290662299996, 0.0 ], [ 77.950430217, 30.422732875999973, 0.0 ], [ 77.950299392, 30.422635981000038, 0.0 ], [ 77.950081532000013, 30.422461759000011, 0.0 ], [ 77.949863125999968, 30.422325725000036, 0.0 ], [ 77.949469830000027, 30.42209232, 0.0 ], [ 77.949033569, 30.421782061, 0.0 ], [ 77.948946812, 30.42168564000001, 0.0 ], [ 77.948772747, 30.421530985, 0.0 ], [ 77.948576651000025, 30.421376092999978, 0.0 ], [ 77.948270394, 30.421220012000031, 0.0 ], [ 77.948161604999967, 30.421123351000027, 0.0 ], [ 77.947965784000019, 30.42094936400002, 0.0 ], [ 77.947835787, 30.420795182999964, 0.0 ], [ 77.947705515999971, 30.420660096999978, 0.0 ], [ 77.947575245000039, 30.420525011, 0.0 ], [ 77.947510246999983, 30.420447921, 0.0 ], [ 77.947403928999975, 30.420179413, 0.0 ], [ 77.947406948999969, 30.419969377000026, 0.0 ], [ 77.947409969000034, 30.419759340999967, 0.0 ], [ 77.947282443999967, 30.419433313, 0.0 ], [ 77.947241674999972, 30.419203706, 0.0 ], [ 77.94713343799998, 30.419068858000035, 0.0 ], [ 77.947046958000016, 30.41895334099998, 0.0 ], [ 77.947005092000026, 30.418800112, 0.0 ], [ 77.946918338000032, 30.418703689000019, 0.0 ], [ 77.946875922, 30.418588648, 0.0 ], [ 77.946723348999981, 30.418472416999979, 0.0 ], [ 77.94657269800004, 30.418222526, 0.0 ], [ 77.946487318999985, 30.418030632000018, 0.0 ], [ 77.946270849000015, 30.417760933, 0.0 ], [ 77.946206128999989, 30.417664748000032, 0.0 ], [ 77.945965982000018, 30.417509373999966, 0.0 ], [ 77.945813959999967, 30.417354954999979, 0.0 ], [ 77.945749240000026, 30.417258769000014, 0.0 ], [ 77.94557518900001, 30.417104109, 0.0 ], [ 77.945399762999983, 30.417044921, 0.0 ], [ 77.945230769000034, 30.416831835000039, 0.0 ], [ 77.945218964000034, 30.416727969999972, 0.0 ], [ 77.945117217999965, 30.416545962000011, 0.0 ], [ 77.944910471, 30.416408044999969, 0.0 ], [ 77.944781010000028, 30.416338805000013, 0.0 ], [ 77.944625462000033, 30.416269282000034, 0.0 ], [ 77.944470566, 30.416154539000043, 0.0 ], [ 77.944341430999984, 30.416062688, 0.0 ], [ 77.944211645, 30.416016057000043, 0.0 ], [ 77.944055772999974, 30.41596914399998, 0.0 ], [ 77.943899900000048, 30.415922229, 0.0 ], [ 77.943744352999971, 30.415852705000027, 0.0 ], [ 77.943641306999965, 30.415761136, 0.0 ], [ 77.943434563, 30.415623216999958, 0.0 ], [ 77.943226842999962, 30.41555312800002, 0.0 ], [ 77.9430201, 30.415415207999978, 0.0 ], [ 77.942760858000042, 30.415299332999982, 0.0 ], [ 77.942501943000025, 30.415160846999981, 0.0 ], [ 77.942243679999962, 30.414977141999969, 0.0 ], [ 77.942141288000016, 30.41484035200002, 0.0 ], [ 77.942064331999958, 30.414749064000016, 0.0 ], [ 77.941909115, 30.414656928000031, 0.0 ], [ 77.941832158000025, 30.414565640000028, 0.0 ], [ 77.941598355000039, 30.414495265999978, 0.0 ], [ 77.941416397, 30.414448065999981, 0.0 ], [ 77.941310123, 30.414412204000033, 0.0 ], [ 77.941208680999949, 30.414377973000043, 0.0 ], [ 77.941001616999955, 30.41426266, 0.0 ], [ 77.940768467000026, 30.414147064000034, 0.0 ], [ 77.940560751, 30.41407697, 0.0 ], [ 77.940457383999956, 30.414008007999985, 0.0 ], [ 77.940354341999964, 30.413916435999958, 0.0 ], [ 77.940173695000027, 30.413778796000027, 0.0 ], [ 77.940070980999963, 30.413664614, 0.0 ], [ 77.939994027, 30.413573325, 0.0 ], [ 77.939943161000045, 30.413482320000011, 0.0 ], [ 77.939763494000019, 30.413276848999974, 0.0 ], [ 77.939530020999968, 30.41318386, 0.0 ], [ 77.93926980800002, 30.413135808000028, 0.0 ], [ 77.939010248000045, 30.413042535000038, 0.0 ], [ 77.938723623000044, 30.413016807000041, 0.0 ], [ 77.938489171, 30.412991647, 0.0 ], [ 77.938177438999972, 30.412897804999965, 0.0 ], [ 77.938047659999981, 30.412851167000014, 0.0 ], [ 77.937864071999968, 30.412917013000044, 0.0 ], [ 77.937810917000022, 30.412984274000014, 0.0 ], [ 77.93775809, 30.413028926999978, 0.0 ], [ 77.937651125000031, 30.413208672000017, 0.0 ], [ 77.93755518833288, 30.413231304889003, 0.0 ], [ 77.93914360099366, 30.415305655040029, 0.0 ], [ 77.939367556000022, 30.415398207, 0.0 ], [ 77.939600054, 30.415559025999976, 0.0 ], [ 77.939704402, 30.41556015899998, 0.0 ], [ 77.939938535000024, 30.415607927000025, 0.0 ], [ 77.940407126999972, 30.415680854000019, 0.0 ], [ 77.940588430999966, 30.415773274000028, 0.0 ], [ 77.940680953999987, 30.415819146, 0.0 ], [ 77.940821585999984, 30.415888871, 0.0 ], [ 77.940898215000018, 30.416002769, 0.0 ], [ 77.941051802000032, 30.416207955000022, 0.0 ], [ 77.94115354, 30.416389965999983, 0.0 ], [ 77.94123017000004, 30.416503863, 0.0 ], [ 77.941266947999978, 30.41651707900002, 0.0 ], [ 77.941359955000038, 30.416550498000031, 0.0 ], [ 77.941643981, 30.416757097999984, 0.0 ], [ 77.941773114000028, 30.416848951000034, 0.0 ], [ 77.941876813, 30.416895301999961, 0.0 ], [ 77.942018241999961, 30.41706835299998, 0.0 ], [ 77.942081925, 30.417146272000032, 0.0 ], [ 77.942107034000031, 30.417214383999983, 0.0 ], [ 77.942336931000042, 30.417556077000011, 0.0 ], [ 77.942387149000027, 30.417692301, 0.0 ], [ 77.942513675000015, 30.417965032, 0.0 ], [ 77.942825099000018, 30.418081472999962, 0.0 ], [ 77.942880090000045, 30.41814669900003, 0.0 ], [ 77.942825134000032, 30.418334758999958, 0.0 ], [ 77.942911058000035, 30.418488467999975, 0.0 ], [ 77.942996706000017, 30.418661269999973, 0.0 ], [ 77.94312752, 30.418758172, 0.0 ], [ 77.94330184600004, 30.418893740000023, 0.0 ], [ 77.943453865, 30.41904816400001, 0.0 ], [ 77.943606161, 30.419183493000016, 0.0 ], [ 77.94380307000003, 30.419281110000011, 0.0 ], [ 77.943955367000015, 30.419416439000017, 0.0 ], [ 77.944172657999971, 30.419628859, 0.0 ], [ 77.944258310000038, 30.419801661, 0.0 ], [ 77.944301546999966, 30.419859419999987, 0.0 ], [ 77.944496259, 30.420109789, 0.0 ], [ 77.94469124699998, 30.42034106499996, 0.0 ], [ 77.944931399000041, 30.420496440000026, 0.0 ], [ 77.945214791000041, 30.420709572999986, 0.0 ], [ 77.945520217, 30.420922944999965, 0.0 ], [ 77.945848775, 30.42106017600004, 0.0 ], [ 77.946110963000024, 30.421215787000037, 0.0 ], [ 77.946395185, 30.421371635999964, 0.0 ], [ 77.946591276999982, 30.421526532, 0.0 ], [ 77.946765338, 30.421681189, 0.0 ], [ 77.946938301, 30.421912223000017, 0.0 ], [ 77.947089508, 30.422123925000037, 0.0 ], [ 77.947109069, 30.422296009999975, 0.0 ], [ 77.947150388999958, 30.422487428, 0.0 ], [ 77.947236321999966, 30.42264113300002, 0.0 ], [ 77.94747566099997, 30.422853785000029, 0.0 ], [ 77.947870051, 30.423010819999966, 0.0 ], [ 77.948154554, 30.42314757, 0.0 ], [ 77.948394993, 30.423283845, 0.0 ], [ 77.948547026999975, 30.423438261999983, 0.0 ], [ 77.948742854, 30.423612249, 0.0 ], [ 77.948873403999968, 30.42372824, 0.0 ], [ 77.949092087000039, 30.423845181, 0.0 ], [ 77.949265882000034, 30.424018928999978, 0.0 ], [ 77.949307754000031, 30.424172158000044, 0.0 ], [ 77.949436114, 30.424440900999986, 0.0 ], [ 77.94947826100001, 30.424575034999982, 0.0 ], [ 77.949630847000023, 30.424691263, 0.0 ], [ 77.94978370799997, 30.424788396999961, 0.0 ], [ 77.949893873000036, 30.424789583999971, 0.0 ], [ 77.95011310700005, 30.424868335, 0.0 ], [ 77.950265693999981, 30.424984562000027, 0.0 ], [ 77.950285262, 30.425156646999966, 0.0 ], [ 77.950349169000049, 30.425310111999963, 0.0 ], [ 77.950522695000018, 30.42550295300002, 0.0 ], [ 77.950675284000027, 30.425619179999956, 0.0 ], [ 77.950895069, 30.425659741000025, 0.0 ], [ 77.951092545, 30.425719159999968, 0.0 ], [ 77.951378157, 30.425779525999989, 0.0 ], [ 77.951549373000049, 30.425781369999964, 0.0 ], [ 77.951649981000031, 30.426085679, 0.0 ], [ 77.95193574300005, 30.426403239, 0.0 ], [ 77.952332159999983, 30.42659619399997, 0.0 ], [ 77.952690492999963, 30.426914532000019, 0.0 ], [ 77.952977160999964, 30.427169202000041, 0.0 ], [ 77.953374482999976, 30.427299266999967, 0.0 ], [ 77.953552752, 30.427521322000043, 0.0 ], [ 77.954314717999978, 30.42752951100001, 0.0 ], [ 77.954517062000022, 30.427518207999963, 0.0 ], [ 77.954547026000014, 30.427627831999974, 0.0 ], [ 77.954545114000027, 30.42776149100002, 0.0 ], [ 77.954487745, 30.427857916, 0.0 ], [ 77.95430986300002, 30.42786884000002, 0.0 ], [ 77.953843864, 30.428099693000025, 0.0 ], [ 77.953404063000036, 30.428401586000046, 0.0 ], [ 77.953073113, 30.428704647999986, 0.0 ], [ 77.952961220999981, 30.428915721000042, 0.0 ], [ 77.952795912999989, 30.429055458999969, 0.0 ], [ 77.952575165000013, 30.429265361000017, 0.0 ], [ 77.952568409, 30.429737011999961, 0.0 ], [ 77.952507562000022, 30.430184495000038, 0.0 ], [ 77.952339548999973, 30.430512895000032, 0.0 ], [ 77.952361018999966, 30.430914091, 0.0 ], [ 77.952138912999985, 30.431218320999957, 0.0 ], [ 77.951810316999968, 30.431356302, 0.0 ], [ 77.951510961999986, 30.43135308, 0.0 ], [ 77.951447893951865, 30.431374157002193, 0.0 ], [ 77.952803726669075, 30.433144774846802, 0.0 ], [ 77.95281911900004, 30.43313612, 0.0 ], [ 77.952984769999972, 30.432972799, 0.0 ], [ 77.953231726999988, 30.432833936999963, 0.0 ], [ 77.953369826000042, 30.432693905000011, 0.0 ], [ 77.95349573999998, 30.432440925000041, 0.0 ], [ 77.95350995, 30.432412376999988, 0.0 ], [ 77.953520241999968, 30.432386688, 0.0 ], [ 77.953622858000017, 30.432130557000029, 0.0 ], [ 77.953720066999978, 30.431944341999987, 0.0 ], [ 77.953818758999972, 30.431755283999976, 0.0 ], [ 77.953831200000025, 30.431698325999971, 0.0 ], [ 77.95390614, 30.431355258, 0.0 ], [ 77.953913565, 30.430836441999979, 0.0 ], [ 77.95394584200001, 30.430482995999956, 0.0 ], [ 77.954032884000014, 30.430106551999984, 0.0 ], [ 77.954118574, 30.429824439, 0.0 ], [ 77.954344044, 30.429284378, 0.0 ], [ 77.954430408000036, 30.428955100000014, 0.0 ], [ 77.954487533999966, 30.428767024, 0.0 ], [ 77.954625287, 30.428650573000041, 0.0 ], [ 77.954818817000032, 30.428440375999969, 0.0 ], [ 77.955037197999971, 30.428395548, 0.0 ], [ 77.955313039999979, 30.428139062, 0.0 ], [ 77.95545247799997, 30.427904696999967, 0.0 ], [ 77.955647014999983, 30.427623752, 0.0 ], [ 77.955705149, 30.427364927999982, 0.0 ], [ 77.955735396, 30.427152977000031, 0.0 ], [ 77.955767328, 30.426823112, 0.0 ], [ 77.955797911000033, 30.426587577999967, 0.0 ], [ 77.955936334000029, 30.426423960000019, 0.0 ], [ 77.955993118000023, 30.426259467, 0.0 ], [ 77.955994803999985, 30.426141553000011, 0.0 ], [ 77.956080485999962, 30.425859438000028, 0.0 ], [ 77.956083182000015, 30.425670777999962, 0.0 ], [ 77.956085294, 30.425522944999987, 0.0 ], [ 77.956134357999986, 30.425535109000016, 0.0 ], [ 77.95626341900001, 30.425611689999958, 0.0 ], [ 77.956522614999955, 30.425689667000015, 0.0 ], [ 77.956738701999981, 30.425748381999988, 0.0 ], [ 77.956825190000032, 30.425768108000021, 0.0 ], [ 77.957020393000022, 30.425770201000017, 0.0 ], [ 77.95721693800003, 30.425678314999963, 0.0 ], [ 77.957479353999986, 30.42553073800001, 0.0 ], [ 77.957742576, 30.425326771, 0.0 ], [ 77.958027216000019, 30.425141833999984, 0.0 ], [ 77.958289899, 30.424975457999984, 0.0 ], [ 77.958574538, 30.424790517999959, 0.0 ], [ 77.958836144999978, 30.424699325999963, 0.0 ], [ 77.959032151000031, 30.424645029, 0.0 ], [ 77.959357216000015, 30.424667308999979, 0.0 ], [ 77.959594188, 30.424782639000018, 0.0 ], [ 77.95981027400002, 30.424841349, 0.0 ], [ 77.960176310000023, 30.42503325499997, 0.0 ], [ 77.960348750999984, 30.425110297000039, 0.0 ], [ 77.960607412999977, 30.425225857, 0.0 ], [ 77.960821091999989, 30.425453730000033, 0.0 ], [ 77.96097023999998, 30.425643313, 0.0 ], [ 77.961097965999983, 30.425813869999988, 0.0 ], [ 77.961225158000019, 30.42602201799998, 0.0 ], [ 77.961287549000033, 30.426210673999957, 0.0 ], [ 77.961436967000054, 30.426381460999966, 0.0 ], [ 77.961674747, 30.426440398999958, 0.0 ], [ 77.961677155000032, 30.426271236, 0.0 ], [ 77.961657873000036, 30.426101840000012, 0.0 ], [ 77.961487302000037, 30.425893227999982, 0.0 ], [ 77.961274155999988, 30.425627765000044, 0.0 ], [ 77.961136399000054, 30.42549007600002, 0.0 ] ] ] ] } },
{ "type": "Feature", "properties": { "OBJECTID": 131948.0, "SHAPE_LENG": 103118.700482, "DESCRIPTIO": "Piedmont Alluvial Plain", "LEGEND_SHO": "Alluvial Plain" }, "geometry": { "type": "MultiPolygon", "coordinates": [ [ [ [ 77.93914360099366, 30.415305655040029, 0.0 ], [ 77.951447893951865, 30.431374157002193, 0.0 ], [ 77.951510961999986, 30.43135308, 0.0 ], [ 77.951810316999968, 30.431356302, 0.0 ], [ 77.952138912999985, 30.431218320999957, 0.0 ], [ 77.952361018999966, 30.430914091, 0.0 ], [ 77.952339548999973, 30.430512895000032, 0.0 ], [ 77.952507562000022, 30.430184495000038, 0.0 ], [ 77.952568409, 30.429737011999961, 0.0 ], [ 77.952575165000013, 30.429265361000017, 0.0 ], [ 77.952795912999989, 30.429055458999969, 0.0 ], [ 77.952961220999981, 30.428915721000042, 0.0 ], [ 77.953073113, 30.428704647999986, 0.0 ], [ 77.953404063000036, 30.428401586000046, 0.0 ], [ 77.953843864, 30.428099693000025, 0.0 ], [ 77.95430986300002, 30.42786884000002, 0.0 ], [ 77.954487745, 30.427857916, 0.0 ], [ 77.954545114000027, 30.42776149100002, 0.0 ], [ 77.954547026000014, 30.427627831999974, 0.0 ], [ 77.954517062000022, 30.427518207999963, 0.0 ], [ 77.954314717999978, 30.42752951100001, 0.0 ], [ 77.953552752, 30.427521322000043, 0.0 ], [ 77.953374482999976, 30.427299266999967, 0.0 ], [ 77.952977160999964, 30.427169202000041, 0.0 ], [ 77.952690492999963, 30.426914532000019, 0.0 ], [ 77.952332159999983, 30.42659619399997, 0.0 ], [ 77.95193574300005, 30.426403239, 0.0 ], [ 77.951649981000031, 30.426085679, 0.0 ], [ 77.951549373000049, 30.425781369999964, 0.0 ], [ 77.951378157, 30.425779525999989, 0.0 ], [ 77.951092545, 30.425719159999968, 0.0 ], [ 77.950895069, 30.425659741000025, 0.0 ], [ 77.950675284000027, 30.425619179999956, 0.0 ], [ 77.950522695000018, 30.42550295300002, 0.0 ], [ 77.950349169000049, 30.425310111999963, 0.0 ], [ 77.950285262, 30.425156646999966, 0.0 ], [ 77.950265693999981, 30.424984562000027, 0.0 ], [ 77.95011310700005, 30.424868335, 0.0 ], [ 77.949893873000036, 30.424789583999971, 0.0 ], [ 77.94978370799997, 30.424788396999961, 0.0 ], [ 77.949630847000023, 30.424691263, 0.0 ], [ 77.94947826100001, 30.424575034999982, 0.0 ], [ 77.949436114, 30.424440900999986, 0.0 ], [ 77.949307754000031, 30.424172158000044, 0.0 ], [ 77.949265882000034, 30.424018928999978, 0.0 ], [ 77.949092087000039, 30.423845181, 0.0 ], [ 77.948873403999968, 30.42372824, 0.0 ], [ 77.948742854, 30.423612249, 0.0 ], [ 77.948547026999975, 30.423438261999983, 0.0 ], [ 77.948394993, 30.423283845, 0.0 ], [ 77.948154554, 30.42314757, 0.0 ], [ 77.947870051, 30.423010819999966, 0.0 ], [ 77.94747566099997, 30.422853785000029, 0.0 ], [ 77.947236321999966, 30.42264113300002, 0.0 ], [ 77.947150388999958, 30.422487428, 0.0 ], [ 77.947109069, 30.422296009999975, 0.0 ], [ 77.947089508, 30.422123925000037, 0.0 ], [ 77.946938301, 30.421912223000017, 0.0 ], [ 77.946765338, 30.421681189, 0.0 ], [ 77.946591276999982, 30.421526532, 0.0 ], [ 77.946395185, 30.421371635999964, 0.0 ], [ 77.946110963000024, 30.421215787000037, 0.0 ], [ 77.945848775, 30.42106017600004, 0.0 ], [ 77.945520217, 30.420922944999965, 0.0 ], [ 77.945214791000041, 30.420709572999986, 0.0 ], [ 77.944931399000041, 30.420496440000026, 0.0 ], [ 77.94469124699998, 30.42034106499996, 0.0 ], [ 77.944496259, 30.420109789, 0.0 ], [ 77.944301546999966, 30.419859419999987, 0.0 ], [ 77.944258310000038, 30.419801661, 0.0 ], [ 77.944172657999971, 30.419628859, 0.0 ], [ 77.943955367000015, 30.419416439000017, 0.0 ], [ 77.94380307000003, 30.419281110000011, 0.0 ], [ 77.943606161, 30.419183493000016, 0.0 ], [ 77.943453865, 30.41904816400001, 0.0 ], [ 77.94330184600004, 30.418893740000023, 0.0 ], [ 77.94312752, 30.418758172, 0.0 ], [ 77.942996706000017, 30.418661269999973, 0.0 ], [ 77.942911058000035, 30.418488467999975, 0.0 ], [ 77.942825134000032, 30.418334758999958, 0.0 ], [ 77.942880090000045, 30.41814669900003, 0.0 ], [ 77.942825099000018, 30.418081472999962, 0.0 ], [ 77.942513675000015, 30.417965032, 0.0 ], [ 77.942387149000027, 30.417692301, 0.0 ], [ 77.942336931000042, 30.417556077000011, 0.0 ], [ 77.942107034000031, 30.417214383999983, 0.0 ], [ 77.942081925, 30.417146272000032, 0.0 ], [ 77.942018241999961, 30.41706835299998, 0.0 ], [ 77.941876813, 30.416895301999961, 0.0 ], [ 77.941773114000028, 30.416848951000034, 0.0 ], [ 77.941643981, 30.416757097999984, 0.0 ], [ 77.941359955000038, 30.416550498000031, 0.0 ], [ 77.941266947999978, 30.41651707900002, 0.0 ], [ 77.94123017000004, 30.416503863, 0.0 ], [ 77.94115354, 30.416389965999983, 0.0 ], [ 77.941051802000032, 30.416207955000022, 0.0 ], [ 77.940898215000018, 30.416002769, 0.0 ], [ 77.940821585999984, 30.415888871, 0.0 ], [ 77.940680953999987, 30.415819146, 0.0 ], [ 77.940588430999966, 30.415773274000028, 0.0 ], [ 77.940407126999972, 30.415680854000019, 0.0 ], [ 77.939938535000024, 30.415607927000025, 0.0 ], [ 77.939704402, 30.41556015899998, 0.0 ], [ 77.939600054, 30.415559025999976, 0.0 ], [ 77.939367556000022, 30.415398207, 0.0 ], [ 77.93914360099366, 30.415305655040029, 0.0 ] ] ] ] } },
{ "type": "Feature", "properties": { "OBJECTID": 126770.0, "SHAPE_LENG": 1078.0349035, "DESCRIPTIO": "Active Flood Plain", "LEGEND_SHO": "Flood Plain" }, "geometry": { "type": "MultiPolygon", "coordinates": [ [ [ [ 77.945934601, 30.340621087999956, 0.0 ], [ 77.946201007000013, 30.340733369, 0.0 ], [ 77.946398314, 30.340792795000041, 0.0 ], [ 77.946902723999983, 30.340931932, 0.0 ], [ 77.947209828, 30.34101164200003, 0.0 ], [ 77.947671582000012, 30.341054827999962, 0.0 ], [ 77.947978961999951, 30.34111544, 0.0 ], [ 77.9483744, 30.341177005000034, 0.0 ], [ 77.948527405000036, 30.341255047, 0.0 ], [ 77.948774811999982, 30.341365703000015, 0.0 ], [ 77.948818616999972, 30.34144411700002, 0.0 ], [ 77.949184862999985, 30.341598464, 0.0 ], [ 77.949357689999985, 30.341637927999979, 0.0 ], [ 77.94978894999997, 30.341792977000019, 0.0 ], [ 77.950090725999971, 30.341909028000028, 0.0 ], [ 77.950394118000034, 30.341912301000033, 0.0 ], [ 77.950573082, 30.341931504000023, 0.0 ], [ 77.950588886999981, 30.341933199999986, 0.0 ], [ 77.950826996999965, 30.341954565999977, 0.0 ], [ 77.951068747999983, 30.341992197999982, 0.0 ], [ 77.950814599000012, 30.341818226999976, 0.0 ], [ 77.950345270999989, 30.341490116, 0.0 ], [ 77.949841671999977, 30.341191001000038, 0.0 ], [ 77.949438794000031, 30.340951707999956, 0.0 ], [ 77.948866649000038, 30.340710585999989, 0.0 ], [ 77.948396068, 30.340470560000025, 0.0 ], [ 77.947687249999973, 30.340316061000031, 0.0 ], [ 77.947145592000012, 30.340310208, 0.0 ], [ 77.946771513999963, 30.340423636999962, 0.0 ], [ 77.946227745, 30.340564598, 0.0 ], [ 77.945934601, 30.340621087999956, 0.0 ] ] ] ] } },
{ "type": "Feature", "properties": { "OBJECTID": 126761.0, "SHAPE_LENG": 1965.21470097, "DESCRIPTIO": "Active Flood Plain", "LEGEND_SHO": "Flood Plain" }, "geometry": { "type": "MultiPolygon", "coordinates": [ [ [ [ 77.947330529000041, 30.339745307999969, 0.0 ], [ 77.947272510000033, 30.339713686000017, 0.0 ], [ 77.946944492999975, 30.339557360999962, 0.0 ], [ 77.946329470999984, 30.339455223000037, 0.0 ], [ 77.945845984999949, 30.339392700000015, 0.0 ], [ 77.945429639999958, 30.339254512000039, 0.0 ], [ 77.945099704000015, 30.339231843000029, 0.0 ], [ 77.944549627999976, 30.33920679, 0.0 ], [ 77.944221618000014, 30.339050458000031, 0.0 ], [ 77.944026240000014, 30.338857366000042, 0.0 ], [ 77.943852604000043, 30.338683606999965, 0.0 ], [ 77.943569724, 30.338451371000023, 0.0 ], [ 77.943351785, 30.338296228999976, 0.0 ], [ 77.943330045999971, 30.338276895999975, 0.0 ], [ 77.94328601899997, 30.338276419000024, 0.0 ], [ 77.943162179000026, 30.338275077, 0.0 ], [ 77.942795365999956, 30.337902147999966, 0.0 ], [ 77.942163030000046, 30.337795323, 0.0 ], [ 77.94129878900003, 30.337785946000032, 0.0 ], [ 77.941185478999984, 30.337809215, 0.0 ], [ 77.941025210000049, 30.33779355400004, 0.0 ], [ 77.940739581999949, 30.337752258, 0.0 ], [ 77.940497983000029, 30.33771144, 0.0 ], [ 77.940036522000042, 30.337649135, 0.0 ], [ 77.939728882, 30.337607598000019, 0.0 ], [ 77.93935492600005, 30.337584435999968, 0.0 ], [ 77.939025825, 30.337504469000013, 0.0 ], [ 77.938653802000033, 30.337347644, 0.0 ], [ 77.938413308000037, 30.337230441999989, 0.0 ], [ 77.938259764000023, 30.337190576999976, 0.0 ], [ 77.938221896, 30.337190166000031, 0.0 ], [ 77.938487237000018, 30.337308874, 0.0 ], [ 77.938823641000056, 30.337459373000012, 0.0 ], [ 77.939124497, 30.337726959000037, 0.0 ], [ 77.939323371000015, 30.338022804, 0.0 ], [ 77.939523943, 30.338201193000017, 0.0 ], [ 77.939657234, 30.33834948300003, 0.0 ], [ 77.93975625000003, 30.338526768000044, 0.0 ], [ 77.940023682000046, 30.33876462, 0.0 ], [ 77.940529357999964, 30.338916954, 0.0 ], [ 77.940867889, 30.338920630000036, 0.0 ], [ 77.941477669, 30.338897880000019, 0.0 ], [ 77.941815777, 30.338930917, 0.0 ], [ 77.942219898000047, 30.339082142999988, 0.0 ], [ 77.942858876999978, 30.339382755, 0.0 ], [ 77.943229572, 30.339504246, 0.0 ], [ 77.943599844, 30.339655100999966, 0.0 ], [ 77.943971386000015, 30.339717862, 0.0 ], [ 77.944375936, 30.339839716999965, 0.0 ], [ 77.944950177, 30.339934040000042, 0.0 ], [ 77.945286177, 30.340113886, 0.0 ], [ 77.945690308000039, 30.340265100999989, 0.0 ], [ 77.946096551999986, 30.340269496, 0.0 ], [ 77.94646936300002, 30.340244160000033, 0.0 ], [ 77.94684428500004, 30.340072005, 0.0 ], [ 77.947186617000028, 30.339811390000019, 0.0 ], [ 77.947330529000041, 30.339745307999969, 0.0 ] ] ] ] } },
{ "type": "Feature", "properties": { "OBJECTID": 92059.0, "SHAPE_LENG": 1410.28949388, "DESCRIPTIO": "Younger Alluvial Plain", "LEGEND_SHO": "Alluvial Plain" }, "geometry": { "type": "MultiPolygon", "coordinates": [ [ [ [ 77.939030867999975, 30.344363268999967, 0.0 ], [ 77.938886884000041, 30.34407251799998, 0.0 ], [ 77.938780119, 30.343842187000018, 0.0 ], [ 77.938694544000029, 30.343669379000019, 0.0 ], [ 77.938586952, 30.343496331, 0.0 ], [ 77.938589988, 30.34328629000003, 0.0 ], [ 77.938594127999977, 30.342999872999957, 0.0 ], [ 77.938488193000012, 30.342712256999963, 0.0 ], [ 77.938381708, 30.34246283100002, 0.0 ], [ 77.938339886, 30.342309596000042, 0.0 ], [ 77.938278534999981, 30.341984270000037, 0.0 ], [ 77.938215252, 30.341792605999988, 0.0 ], [ 77.93810987199997, 30.341466802000031, 0.0 ], [ 77.9380243, 30.341293993000033, 0.0 ], [ 77.937960740999983, 30.341121422999965, 0.0 ], [ 77.937956359999973, 30.341110697999966, 0.0 ], [ 77.937811887, 30.340756951, 0.0 ], [ 77.937807900000038, 30.340732437000021, 0.0 ], [ 77.937783358000047, 30.340581495999967, 0.0 ], [ 77.937740771999984, 30.340565842, 0.0 ], [ 77.937672962999969, 30.340540914999984, 0.0 ], [ 77.937351513000024, 30.340318387999957, 0.0 ], [ 77.93699218600004, 30.340220608000038, 0.0 ], [ 77.936451159000043, 30.340214718, 0.0 ], [ 77.935873611000034, 30.340239717000021, 0.0 ], [ 77.935722538999968, 30.340339016999977, 0.0 ], [ 77.935545823000012, 30.340455174, 0.0 ], [ 77.935432631999973, 30.340798127000038, 0.0 ], [ 77.935388858999985, 30.341329576999957, 0.0 ], [ 77.935525885000047, 30.341831706000026, 0.0 ], [ 77.935770214000016, 30.34239758400004, 0.0 ], [ 77.935978475000013, 30.342963068000021, 0.0 ], [ 77.936470314000033, 30.343875826999959, 0.0 ], [ 77.937002306999986, 30.344507413, 0.0 ], [ 77.937395004999971, 30.34479329500002, 0.0 ], [ 77.938041553, 30.344988066999971, 0.0 ], [ 77.938438324999964, 30.344992382999973, 0.0 ], [ 77.938911757999975, 30.344684633, 0.0 ], [ 77.939030867999975, 30.344363268999967, 0.0 ] ] ] ] } },
{ "type": "Feature", "properties": { "OBJECTID": 126763.0, "SHAPE_LENG": 1294.1218008599999, "DESCRIPTIO": "Active Flood Plain", "LEGEND_SHO": "Flood Plain" }, "geometry": { "type": "MultiPolygon", "coordinates": [ [ [ [ 77.929230704, 30.337061044, 0.0 ], [ 77.929112220999968, 30.337059746999987, 0.0 ], [ 77.928333187, 30.337080587000024, 0.0 ], [ 77.927552014000028, 30.33724824000004, 0.0 ], [ 77.92687282600005, 30.337387637000027, 0.0 ], [ 77.926191493, 30.33767385, 0.0 ], [ 77.925782693, 30.337845575, 0.0 ], [ 77.925438598000042, 30.338223588, 0.0 ], [ 77.925060219, 30.338630593000019, 0.0 ], [ 77.924818107000036, 30.338980356, 0.0 ], [ 77.924304738000018, 30.339356507000041, 0.0 ], [ 77.924097333, 30.339647913, 0.0 ], [ 77.924331734000035, 30.339826698000042, 0.0 ], [ 77.924805253000045, 30.339861263999971, 0.0 ], [ 77.925313054000043, 30.339866837999988, 0.0 ], [ 77.925894556000017, 30.339462061999981, 0.0 ], [ 77.926034677999979, 30.339140547000024, 0.0 ], [ 77.926176084000048, 30.338730940999973, 0.0 ], [ 77.926521032999986, 30.338294198999986, 0.0 ], [ 77.926998394999956, 30.338064485999986, 0.0 ], [ 77.927474473, 30.337922862, 0.0 ], [ 77.928084250000012, 30.33790017399998, 0.0 ], [ 77.928729589000028, 30.337760398999961, 0.0 ], [ 77.92934235300001, 30.33753216, 0.0 ], [ 77.929413049, 30.337327355000014, 0.0 ], [ 77.929281055, 30.337090964, 0.0 ], [ 77.929230704, 30.337061044, 0.0 ] ] ] ] } },
{ "type": "Feature", "properties": { "OBJECTID": 126762.0, "SHAPE_LENG": 1160.12955775, "DESCRIPTIO": "Active Flood Plain", "LEGEND_SHO": "Flood Plain" }, "geometry": { "type": "MultiPolygon", "coordinates": [ [ [ [ 77.921859821964162, 30.338525614940796, 0.0 ], [ 77.922038922967616, 30.339490118577132, 0.0 ], [ 77.922135558000036, 30.339508878000036, 0.0 ], [ 77.922910750999961, 30.339752348000019, 0.0 ], [ 77.923384268999968, 30.339786920000037, 0.0 ], [ 77.923964062999985, 30.339499606999979, 0.0 ], [ 77.924378017000038, 30.338975522999959, 0.0 ], [ 77.924519429000014, 30.338565919, 0.0 ], [ 77.924389589000015, 30.338182704, 0.0 ], [ 77.92412091, 30.338032912000038, 0.0 ], [ 77.92344171000002, 30.338172292000024, 0.0 ], [ 77.922760793, 30.338429122999958, 0.0 ], [ 77.922014740999984, 30.338509024, 0.0 ], [ 77.921859821964162, 30.338525614940796, 0.0 ] ] ] ] } },
{ "type": "Feature", "properties": { "OBJECTID": 177196.0, "SHAPE_LENG": 2655255.5751, "DESCRIPTIO": "Highly Dissected Structural Hills and Valleys", "LEGEND_SHO": "Highly Dissected Hills and Valleys" }, "geometry": { "type": "MultiPolygon", "coordinates": [ [ [ [ 77.990278307895139, 30.407974128246721, 0.0 ], [ 77.990004840999973, 30.408929571, 0.0 ], [ 77.988571335000017, 30.411341186000044, 0.0 ], [ 77.986041753999984, 30.412042625, 0.0 ], [ 77.983897847999955, 30.411858307000021, 0.0 ], [ 77.982311549999977, 30.411841604999971, 0.0 ], [ 77.98175168100002, 30.411835706000016, 0.0 ], [ 77.978744105000047, 30.413340849000029, 0.0 ], [ 77.978442660999974, 30.413444724, 0.0 ], [ 77.977149816000022, 30.413890217, 0.0 ], [ 77.975739858999987, 30.414603294000035, 0.0 ], [ 77.974422054000016, 30.41539822, 0.0 ], [ 77.974311628000024, 30.416610372000012, 0.0 ], [ 77.973173570000014, 30.41789251799996, 0.0 ], [ 77.971765811999973, 30.4184438, 0.0 ], [ 77.97177096700004, 30.418516123000042, 0.0 ], [ 77.965922342, 30.418453916999958, 0.0 ], [ 77.965760124999989, 30.424562112999979, 0.0 ], [ 77.965626976, 30.424456975999984, 0.0 ], [ 77.965379709999965, 30.42436818900001, 0.0 ], [ 77.96438636900001, 30.42431451900001, 0.0 ], [ 77.963476293000028, 30.42442291, 0.0 ], [ 77.963390581000041, 30.424433116999964, 0.0 ], [ 77.96279175899997, 30.424599025000013, 0.0 ], [ 77.96194077, 30.425020687, 0.0 ], [ 77.961240705999984, 30.425314732, 0.0 ], [ 77.961136399000054, 30.42549007600002, 0.0 ], [ 77.961274155999988, 30.425627765000044, 0.0 ], [ 77.961487302000037, 30.425893227999982, 0.0 ], [ 77.961657873000036, 30.426101840000012, 0.0 ], [ 77.961677155000032, 30.426271236, 0.0 ], [ 77.961674747, 30.426440398999958, 0.0 ], [ 77.961436967000054, 30.426381460999966, 0.0 ], [ 77.961287549000033, 30.426210673999957, 0.0 ], [ 77.961225158000019, 30.42602201799998, 0.0 ], [ 77.961097965999983, 30.425813869999988, 0.0 ], [ 77.96097023999998, 30.425643313, 0.0 ], [ 77.960821091999989, 30.425453730000033, 0.0 ], [ 77.960607412999977, 30.425225857, 0.0 ], [ 77.960348750999984, 30.425110297000039, 0.0 ], [ 77.960176310000023, 30.42503325499997, 0.0 ], [ 77.95981027400002, 30.424841349, 0.0 ], [ 77.959594188, 30.424782639000018, 0.0 ], [ 77.959357216000015, 30.424667308999979, 0.0 ], [ 77.959032151000031, 30.424645029, 0.0 ], [ 77.958836144999978, 30.424699325999963, 0.0 ], [ 77.958574538, 30.424790517999959, 0.0 ], [ 77.958289899, 30.424975457999984, 0.0 ], [ 77.958027216000019, 30.425141833999984, 0.0 ], [ 77.957742576, 30.425326771, 0.0 ], [ 77.957479353999986, 30.42553073800001, 0.0 ], [ 77.95721693800003, 30.425678314999963, 0.0 ], [ 77.957020393000022, 30.425770201000017, 0.0 ], [ 77.956825190000032, 30.425768108000021, 0.0 ], [ 77.956738701999981, 30.425748381999988, 0.0 ], [ 77.956522614999955, 30.425689667000015, 0.0 ], [ 77.95626341900001, 30.425611689999958, 0.0 ], [ 77.956134357999986, 30.425535109000016, 0.0 ], [ 77.956085294, 30.425522944999987, 0.0 ], [ 77.956083182000015, 30.425670777999962, 0.0 ], [ 77.956080485999962, 30.425859438000028, 0.0 ], [ 77.955994803999985, 30.426141553000011, 0.0 ], [ 77.955993118000023, 30.426259467, 0.0 ], [ 77.955936334000029, 30.426423960000019, 0.0 ], [ 77.955797911000033, 30.426587577999967, 0.0 ], [ 77.955767328, 30.426823112, 0.0 ], [ 77.955735396, 30.427152977000031, 0.0 ], [ 77.955705149, 30.427364927999982, 0.0 ], [ 77.955647014999983, 30.427623752, 0.0 ], [ 77.95545247799997, 30.427904696999967, 0.0 ], [ 77.955313039999979, 30.428139062, 0.0 ], [ 77.955037197999971, 30.428395548, 0.0 ], [ 77.954818817000032, 30.428440375999969, 0.0 ], [ 77.954625287, 30.428650573000041, 0.0 ], [ 77.954487533999966, 30.428767024, 0.0 ], [ 77.954430408000036, 30.428955100000014, 0.0 ], [ 77.954344044, 30.429284378, 0.0 ], [ 77.954118574, 30.429824439, 0.0 ], [ 77.954032884000014, 30.430106551999984, 0.0 ], [ 77.95394584200001, 30.430482995999956, 0.0 ], [ 77.953913565, 30.430836441999979, 0.0 ], [ 77.95390614, 30.431355258, 0.0 ], [ 77.953831200000025, 30.431698325999971, 0.0 ], [ 77.953818758999972, 30.431755283999976, 0.0 ], [ 77.953720066999978, 30.431944341999987, 0.0 ], [ 77.953622858000017, 30.432130557000029, 0.0 ], [ 77.953520241999968, 30.432386688, 0.0 ], [ 77.95350995, 30.432412376999988, 0.0 ], [ 77.95349573999998, 30.432440925000041, 0.0 ], [ 77.953369826000042, 30.432693905000011, 0.0 ], [ 77.953231726999988, 30.432833936999963, 0.0 ], [ 77.952984769999972, 30.432972799, 0.0 ], [ 77.95281911900004, 30.43313612, 0.0 ], [ 77.952803726669075, 30.433144774846802, 0.0 ], [ 77.965266361, 30.449420059000069, 0.0 ], [ 78.00265947500003, 30.483308739000051, 0.0 ], [ 78.041613341000073, 30.492324968000077, 0.0 ], [ 78.09629377400006, 30.451264258000069, 0.0 ], [ 78.029222118000035, 30.434552645000061, 0.0 ], [ 77.990278307895139, 30.407974128246721, 0.0 ] ] ] ] } },
{ "type": "Feature", "properties": { "OBJECTID": 131909.0, "SHAPE_LENG": 171173.38939900001, "DESCRIPTIO": "Piedmont Alluvial Plain", "LEGEND_SHO": "Alluvial Plain" }, "geometry": { "type": "MultiPolygon", "coordinates": [ [ [ [ 77.921796216803557, 30.338183085264529, 0.0 ], [ 77.921855551999968, 30.338170237000032, 0.0 ], [ 77.922287331999982, 30.33800310799997, 0.0 ], [ 77.922520569000014, 30.337862440999967, 0.0 ], [ 77.923116611000026, 30.337754408, 0.0 ], [ 77.923513275, 30.337730121000032, 0.0 ], [ 77.923776603000022, 30.337790307000038, 0.0 ], [ 77.924204615, 30.337880947999988, 0.0 ], [ 77.924898881999965, 30.337831277999964, 0.0 ], [ 77.92539920199998, 30.337493012000042, 0.0 ], [ 77.92576535, 30.337296505000037, 0.0 ], [ 77.925998997999955, 30.337127188999972, 0.0 ], [ 77.926465456, 30.336845840999963, 0.0 ], [ 77.927096177999971, 30.336623584999959, 0.0 ], [ 77.927724393999981, 30.336573176999963, 0.0 ], [ 77.928186675000049, 30.336578241000026, 0.0 ], [ 77.928648539999983, 30.336611945999973, 0.0 ], [ 77.928977491000012, 30.33670148600001, 0.0 ], [ 77.929439357000035, 30.336735188000045, 0.0 ], [ 77.929900806000035, 30.336797528999963, 0.0 ], [ 77.930263611000029, 30.336830144, 0.0 ], [ 77.93061061399996, 30.336833939000044, 0.0 ], [ 77.930803279, 30.336689118999963, 0.0 ], [ 77.931332154999978, 30.336656705000035, 0.0 ], [ 77.931508262999984, 30.336658630000017, 0.0 ], [ 77.931683816000032, 30.33669874299996, 0.0 ], [ 77.931901455, 30.336872999, 0.0 ], [ 77.932273466999973, 30.337029844, 0.0 ], [ 77.932558534000023, 30.337109348, 0.0 ], [ 77.932607607, 30.337118419000046, 0.0 ], [ 77.932778113999973, 30.337149939999989, 0.0 ], [ 77.933196648999967, 30.33713541100003, 0.0 ], [ 77.934254127999978, 30.337089655999975, 0.0 ], [ 77.934408776999987, 30.337053147999974, 0.0 ], [ 77.935135777000013, 30.337022879000045, 0.0 ], [ 77.935245843999965, 30.337024078999967, 0.0 ], [ 77.935333897999968, 30.337025038999958, 0.0 ], [ 77.93544369, 30.337045333000038, 0.0 ], [ 77.935531743, 30.337046293000029, 0.0 ], [ 77.935641534000027, 30.33706658600002, 0.0 ], [ 77.935795353000046, 30.337087359999963, 0.0 ], [ 77.936037225, 30.337109091999984, 0.0 ], [ 77.936168754000036, 30.337148719999977, 0.0 ], [ 77.936366046000018, 30.33720816100001, 0.0 ], [ 77.93656306299998, 30.337286698000025, 0.0 ], [ 77.936649594000031, 30.337302692000016, 0.0 ], [ 77.936782646000026, 30.337327285, 0.0 ], [ 77.936958201999985, 30.33736739000004, 0.0 ], [ 77.93722264100002, 30.33735117200003, 0.0 ], [ 77.937377565000048, 30.337295563999959, 0.0 ], [ 77.937576239999956, 30.337259531, 0.0 ], [ 77.937973587999977, 30.337187463999985, 0.0 ], [ 77.938221896, 30.337190166000031, 0.0 ], [ 77.938259764000023, 30.337190576999976, 0.0 ], [ 77.938413308000037, 30.337230441999989, 0.0 ], [ 77.938653802000033, 30.337347644, 0.0 ], [ 77.939025825, 30.337504469000013, 0.0 ], [ 77.93935492600005, 30.337584435999968, 0.0 ], [ 77.939728882, 30.337607598000019, 0.0 ], [ 77.940036522000042, 30.337649135, 0.0 ], [ 77.940497983000029, 30.33771144, 0.0 ], [ 77.940739581999949, 30.337752258, 0.0 ], [ 77.941025210000049, 30.33779355400004, 0.0 ], [ 77.941185478999984, 30.337809215, 0.0 ], [ 77.94129878900003, 30.337785946000032, 0.0 ], [ 77.942163030000046, 30.337795323, 0.0 ], [ 77.942795365999956, 30.337902147999966, 0.0 ], [ 77.943162179000026, 30.338275077, 0.0 ], [ 77.94328601899997, 30.338276419000024, 0.0 ], [ 77.943330045999971, 30.338276895999975, 0.0 ], [ 77.943351785, 30.338296228999976, 0.0 ], [ 77.943569724, 30.338451371000023, 0.0 ], [ 77.943852604000043, 30.338683606999965, 0.0 ], [ 77.944026240000014, 30.338857366000042, 0.0 ], [ 77.944221618000014, 30.339050458000031, 0.0 ], [ 77.944549627999976, 30.33920679, 0.0 ], [ 77.945099704000015, 30.339231843000029, 0.0 ], [ 77.945429639999958, 30.339254512000039, 0.0 ], [ 77.945845984999949, 30.339392700000015, 0.0 ], [ 77.946329470999984, 30.339455223000037, 0.0 ], [ 77.946944492999975, 30.339557360999962, 0.0 ], [ 77.947272510000033, 30.339713686000017, 0.0 ], [ 77.947330529000041, 30.339745307999969, 0.0 ], [ 77.947665747999977, 30.339928008999987, 0.0 ], [ 77.947950561, 30.340026573999971, 0.0 ], [ 77.948674565000047, 30.340206271, 0.0 ], [ 77.949310237999967, 30.340404108000033, 0.0 ], [ 77.94980874, 30.340608831, 0.0 ], [ 77.94982760299996, 30.340609035000025, 0.0 ], [ 77.949979027999973, 30.340629468000028, 0.0 ], [ 77.950346889000031, 30.340671034, 0.0 ], [ 77.950606129, 30.340730229000016, 0.0 ], [ 77.951059865000047, 30.340829117000027, 0.0 ], [ 77.951276571000037, 30.340831452000042, 0.0 ], [ 77.952012837000026, 30.340876984, 0.0 ], [ 77.952403177, 30.340862389000026, 0.0 ], [ 77.952615229388357, 30.340883090849772, 0.0 ], [ 77.951166244000063, 30.328819686000056, 0.0 ], [ 77.921498142000061, 30.336577878000085, 0.0 ], [ 77.921796216803557, 30.338183085264529, 0.0 ] ] ] ] } }
]
}
