{
"type": "FeatureCollection",
"name": "Geomorphology_Landform",
"crs": { "type": "name", "properties": { "name": "urn:ogc:def:crs:OGC:1.3:CRS84" } },
"features": [
{ "type": "Feature", "properties": { "OBJECTID": 641823.0, "GEOMORPHOL": "StrOri - Highly Dissected Hills and Valleys" }, "geometry": { "type": "MultiPolygon", "coordinates": [ [ [ [ 77.990278307947904, 30.407974128282781, 0.0 ], [ 77.990004840985051, 30.408929571091473, 0.0 ], [ 77.988571335229793, 30.411341186436317, 0.0 ], [ 77.986041753884251, 30.41204262543307, 0.0 ], [ 77.9838978477502, 30.411858306982523, 0.0 ], [ 77.982311549879725, 30.411841604760607, 0.0 ], [ 77.981751680935801, 30.411835705795735, 0.0 ], [ 77.978744105402569, 30.413340848559937, 0.0 ], [ 77.978442661364838, 30.413444724201092, 0.0 ], [ 77.977149815802491, 30.413890217339205, 0.0 ], [ 77.975739858603234, 30.414603293911306, 0.0 ], [ 77.974422053634441, 30.415398220222659, 0.0 ], [ 77.974311628483107, 30.416610371829304, 0.0 ], [ 77.973173570261849, 30.417892517526294, 0.0 ], [ 77.971765811849863, 30.418443799585763, 0.0 ], [ 77.971770967404879, 30.418516123400611, 0.0 ], [ 77.96592234208029, 30.418453917228931, 0.0 ], [ 77.965760124986232, 30.424562113275137, 0.0 ], [ 77.965626975688323, 30.424456975532625, 0.0 ], [ 77.965379710271122, 30.424368188686572, 0.0 ], [ 77.964386369256161, 30.424314519107924, 0.0 ], [ 77.963476292581163, 30.42442290971286, 0.0 ], [ 77.963390581463315, 30.424433117206643, 0.0 ], [ 77.962791758892863, 30.424599024944413, 0.0 ], [ 77.961940769672879, 30.425020686518337, 0.0 ], [ 77.961240706305247, 30.425314731571621, 0.0 ], [ 77.961136398793997, 30.425490075615439, 0.0 ], [ 77.961274155726343, 30.425627764878808, 0.0 ], [ 77.961487301569719, 30.425893227781579, 0.0 ], [ 77.961657873401492, 30.426101839646517, 0.0 ], [ 77.961677155096936, 30.42627123554276, 0.0 ], [ 77.961674746592507, 30.426440399402924, 0.0 ], [ 77.961436966592203, 30.426381461177691, 0.0 ], [ 77.961287549379378, 30.426210673781643, 0.0 ], [ 77.961225157961394, 30.426022017843483, 0.0 ], [ 77.961097966369195, 30.425813869709465, 0.0 ], [ 77.96097023960003, 30.425643313227994, 0.0 ], [ 77.96082109213161, 30.425453729540401, 0.0 ], [ 77.960607413232069, 30.425225857456709, 0.0 ], [ 77.960348750891981, 30.425110296785988, 0.0 ], [ 77.960176309709055, 30.425033255474791, 0.0 ], [ 77.959810274417194, 30.424841349085789, 0.0 ], [ 77.959594188470987, 30.424782639217888, 0.0 ], [ 77.959357216360971, 30.424667309037105, 0.0 ], [ 77.95903215096024, 30.424645028982148, 0.0 ], [ 77.958836145325321, 30.424699326302211, 0.0 ], [ 77.958574537613472, 30.42479051842664, 0.0 ], [ 77.958289898875734, 30.424975458416895, 0.0 ], [ 77.958027216367896, 30.425141833577744, 0.0 ], [ 77.957742575649434, 30.425326771323128, 0.0 ], [ 77.9574793542604, 30.42553073778809, 0.0 ], [ 77.957216937512158, 30.42567831529173, 0.0 ], [ 77.957020392823623, 30.42577020131532, 0.0 ], [ 77.956825189966551, 30.425768107942201, 0.0 ], [ 77.956738701693382, 30.425748381748988, 0.0 ], [ 77.956522615056087, 30.425689666758252, 0.0 ], [ 77.95626341856098, 30.425611689808111, 0.0 ], [ 77.956134358040927, 30.42553510909887, 0.0 ], [ 77.956085293803454, 30.425522945241749, 0.0 ], [ 77.956083181708863, 30.425670777629325, 0.0 ], [ 77.956080485554281, 30.425859437909789, 0.0 ], [ 77.955994803548876, 30.426141553322154, 0.0 ], [ 77.955993118404052, 30.426259466548004, 0.0 ], [ 77.955936333798945, 30.426423960182895, 0.0 ], [ 77.955797911462781, 30.426587578191548, 0.0 ], [ 77.955767327671808, 30.426823112102145, 0.0 ], [ 77.955735395643316, 30.42715297654706, 0.0 ], [ 77.955705148947601, 30.427364927777138, 0.0 ], [ 77.955647014887987, 30.427623751732028, 0.0 ], [ 77.95545247789552, 30.427904697271572, 0.0 ], [ 77.955313039507573, 30.428139062385998, 0.0 ], [ 77.955037198139422, 30.4283955484741, 0.0 ], [ 77.954818816973287, 30.428440375758651, 0.0 ], [ 77.954625287282624, 30.42865057280855, 0.0 ], [ 77.954487534099087, 30.428767023792961, 0.0 ], [ 77.954430408306735, 30.428955099968928, 0.0 ], [ 77.95434404439257, 30.429284378009939, 0.0 ], [ 77.954118573793764, 30.42982443857785, 0.0 ], [ 77.954032883821583, 30.430106551981954, 0.0 ], [ 77.953945842147263, 30.430482995640155, 0.0 ], [ 77.953913564685223, 30.430836441587065, 0.0 ], [ 77.953906139645355, 30.431355257730001, 0.0 ], [ 77.953831200344723, 30.431698325958315, 0.0 ], [ 77.953818758877048, 30.431755283733345, 0.0 ], [ 77.953720066680233, 30.431944341738419, 0.0 ], [ 77.953622858027103, 30.432130556734108, 0.0 ], [ 77.95352024163688, 30.432386688080463, 0.0 ], [ 77.9535099496036, 30.432412377330213, 0.0 ], [ 77.953495740077599, 30.432440924774355, 0.0 ], [ 77.953369825987963, 30.432693904676004, 0.0 ], [ 77.95323172699554, 30.432833937245277, 0.0 ], [ 77.952984770397975, 30.432972798765249, 0.0 ], [ 77.9528191185357, 30.433136120212993, 0.0 ], [ 77.952803726638436, 30.433144774806834, 0.0 ], [ 77.965266361, 30.449420059000069, 0.0 ], [ 78.00265947500003, 30.483308739000051, 0.0 ], [ 78.041613341000073, 30.492324968000077, 0.0 ], [ 78.09629377400006, 30.451264258000069, 0.0 ], [ 78.029222118000035, 30.434552645000061, 0.0 ], [ 77.990278307947904, 30.407974128282781, 0.0 ] ], [ [ 78.023231229129181, 30.464361643948749, 0.0 ], [ 78.021760029342303, 30.464473912962479, 0.0 ], [ 78.02014014227187, 30.464711953214344, 0.0 ], [ 78.017636822488399, 30.465068222344897, 0.0 ], [ 78.01601691772963, 30.465306213512825, 0.0 ], [ 78.014540462168881, 30.465800281881265, 0.0 ], [ 78.012918788149278, 30.466165528564652, 0.0 ], [ 78.011150154374732, 30.466529238444732, 0.0 ], [ 78.009379755036932, 30.467020217577371, 0.0 ], [ 78.008954672442385, 30.465870023346135, 0.0 ], [ 78.01042940733312, 30.465503311169243, 0.0 ], [ 78.011907626850942, 30.464881995147945, 0.0 ], [ 78.013233642828666, 30.464641028218779, 0.0 ], [ 78.014124051154141, 30.464013635057444, 0.0 ], [ 78.015593508621052, 30.464028745708486, 0.0 ], [ 78.017069933359423, 30.463534664077944, 0.0 ], [ 78.018835013714011, 30.46342546164658, 0.0 ], [ 78.020899189456259, 30.462937364356527, 0.0 ], [ 78.023252031262004, 30.462834118429253, 0.0 ], [ 78.02502401726926, 30.462215656276296, 0.0 ], [ 78.027383753174078, 30.461603162473331, 0.0 ], [ 78.029304357098155, 30.460858847359965, 0.0 ], [ 78.031517093045508, 30.460244782354454, 0.0 ], [ 78.03351440033849, 30.459690465156534, 0.0 ], [ 78.033729799850406, 30.459630682270692, 0.0 ], [ 78.035996147841544, 30.458798935923163, 0.0 ], [ 78.036715427697402, 30.459119648264824, 0.0 ], [ 78.036813982434566, 30.459574077384403, 0.0 ], [ 78.036598533760468, 30.46002532981165, 0.0 ], [ 78.036239491423459, 30.460517783220368, 0.0 ], [ 78.035332392200701, 30.460665416858927, 0.0 ], [ 78.033710878235368, 30.461030916823177, 0.0 ], [ 78.033542555783669, 30.461083660093994, 0.0 ], [ 78.031349474625387, 30.461770820235671, 0.0 ], [ 78.030165311512761, 30.462395342766605, 0.0 ], [ 78.028543751315084, 30.462760780460933, 0.0 ], [ 78.026329210835911, 30.463502087460185, 0.0 ], [ 78.024411995708988, 30.463991771789537, 0.0 ], [ 78.023231229129181, 30.464361643948749, 0.0 ] ] ] ] } },
{ "type": "Feature", "properties": { "OBJECTID": 634679.0, "GEOMORPHOL": "Ridge" }, "geometry": { "type": "MultiPolygon", "coordinates": [ [ [ [ 78.023231229129181, 30.464361643948749, 0.0 ], [ 78.024411995708988, 30.463991771789537, 0.0 ], [ 78.026329210835911, 30.463502087460185, 0.0 ], [ 78.028543751315084, 30.462760780460933, 0.0 ], [ 78.030165311512761, 30.462395342766605, 0.0 ], [ 78.031349474625387, 30.461770820235671, 0.0 ], [ 78.033542555783669, 30.461083660093994, 0.0 ], [ 78.033710878235368, 30.461030916823177, 0.0 ], [ 78.035332392200701, 30.460665416858927, 0.0 ], [ 78.036239491423459, 30.460517783220368, 0.0 ], [ 78.036598533760468, 30.46002532981165, 0.0 ], [ 78.036813982434566, 30.459574077384403, 0.0 ], [ 78.036715427697402, 30.459119648264824, 0.0 ], [ 78.035996147841544, 30.458798935923163, 0.0 ], [ 78.033729799850406, 30.459630682270692, 0.0 ], [ 78.03351440033849, 30.459690465156534, 0.0 ], [ 78.031517093045508, 30.460244782354454, 0.0 ], [ 78.029304357098155, 30.460858847359965, 0.0 ], [ 78.027383753174078, 30.461603162473331, 0.0 ], [ 78.02502401726926, 30.462215656276296, 0.0 ], [ 78.023252031262004, 30.462834118429253, 0.0 ], [ 78.020899189456259, 30.462937364356527, 0.0 ], [ 78.018835013714011, 30.46342546164658, 0.0 ], [ 78.017069933359423, 30.463534664077944, 0.0 ], [ 78.015593508621052, 30.464028745708486, 0.0 ], [ 78.014124051154141, 30.464013635057444, 0.0 ], [ 78.013233642828666, 30.464641028218779, 0.0 ], [ 78.011907626850942, 30.464881995147945, 0.0 ], [ 78.01042940733312, 30.465503311169243, 0.0 ], [ 78.008954672442385, 30.465870023346135, 0.0 ], [ 78.009379755036932, 30.467020217577371, 0.0 ], [ 78.011150154374732, 30.466529238444732, 0.0 ], [ 78.012918788149278, 30.466165528564652, 0.0 ], [ 78.014540462168881, 30.465800281881265, 0.0 ], [ 78.01601691772963, 30.465306213512825, 0.0 ], [ 78.017636822488399, 30.465068222344897, 0.0 ], [ 78.02014014227187, 30.464711953214344, 0.0 ], [ 78.021760029342303, 30.464473912962479, 0.0 ], [ 78.023231229129181, 30.464361643948749, 0.0 ] ] ] ] } },
{ "type": "Feature", "properties": { "OBJECTID": 632851.0, "GEOMORPHOL": "FluOri - Piedmont Alluvial Plain" }, "geometry": { "type": "MultiPolygon", "coordinates": [ [ [ [ 77.990278307947904, 30.407974128282781, 0.0 ], [ 77.986378492316405, 30.405312567567048, 0.0 ], [ 77.986206015369817, 30.405673568685291, 0.0 ], [ 77.985986977010455, 30.406566446323961, 0.0 ], [ 77.985770438836227, 30.407280313157607, 0.0 ], [ 77.984624533893111, 30.407984407173764, 0.0 ], [ 77.983885397843764, 30.409140362301205, 0.0 ], [ 77.983464816896984, 30.409673042019762, 0.0 ], [ 77.98242213344399, 30.410378204189129, 0.0 ], [ 77.982001541117242, 30.410910878253009, 0.0 ], [ 77.980654060727844, 30.411254743983211, 0.0 ], [ 77.979924913129011, 30.41169464013667, 0.0 ], [ 77.979297766324024, 30.412225126407048, 0.0 ], [ 77.979084942771294, 30.412670468097684, 0.0 ], [ 77.978442661364838, 30.413444724201092, 0.0 ], [ 77.978744105402569, 30.413340848559937, 0.0 ], [ 77.981751680935801, 30.411835705795735, 0.0 ], [ 77.982311549879725, 30.411841604760607, 0.0 ], [ 77.9838978477502, 30.411858306982523, 0.0 ], [ 77.986041753884251, 30.41204262543307, 0.0 ], [ 77.988571335229793, 30.411341186436317, 0.0 ], [ 77.990004840985051, 30.408929571091473, 0.0 ], [ 77.990278307947904, 30.407974128282781, 0.0 ] ] ] ] } },
{ "type": "Feature", "properties": { "OBJECTID": 632871.0, "GEOMORPHOL": "Alluvial Fan" }, "geometry": { "type": "MultiPolygon", "coordinates": [ [ [ [ 77.978442661364838, 30.413444724201092, 0.0 ], [ 77.979084942771294, 30.412670468097684, 0.0 ], [ 77.979297766324024, 30.412225126407048, 0.0 ], [ 77.979924913129011, 30.41169464013667, 0.0 ], [ 77.980654060727844, 30.411254743983211, 0.0 ], [ 77.982001541117242, 30.410910878253009, 0.0 ], [ 77.98242213344399, 30.410378204189129, 0.0 ], [ 77.983464816896984, 30.409673042019762, 0.0 ], [ 77.983885397843764, 30.409140362301205, 0.0 ], [ 77.984624533893111, 30.407984407173764, 0.0 ], [ 77.985770438836227, 30.407280313157607, 0.0 ], [ 77.985986977010455, 30.406566446323961, 0.0 ], [ 77.986206015369817, 30.405673568685291, 0.0 ], [ 77.986378492316405, 30.405312567567048, 0.0 ], [ 77.973599148000048, 30.396590873000044, 0.0 ], [ 77.970818194792685, 30.390371934861541, 0.0 ], [ 77.970084641394664, 30.391806939762226, 0.0 ], [ 77.969860424648601, 30.393057811844496, 0.0 ], [ 77.970468515958174, 30.393869938925459, 0.0 ], [ 77.97055657691368, 30.394945094313378, 0.0 ], [ 77.970747889640947, 30.3960213450071, 0.0 ], [ 77.970842282652214, 30.396648974864963, 0.0 ], [ 77.970830895069696, 30.397454517569326, 0.0 ], [ 77.9702931188815, 30.39897061162327, 0.0 ], [ 77.97007521734983, 30.399773958927327, 0.0 ], [ 77.969542483579573, 30.400932031103615, 0.0 ], [ 77.969526017710379, 30.402095590130433, 0.0 ], [ 77.970030904822934, 30.402906619810647, 0.0 ], [ 77.971068537228803, 30.402559573261282, 0.0 ], [ 77.971781851523374, 30.403238531787483, 0.0 ], [ 77.971764990357215, 30.404431926515056, 0.0 ], [ 77.972701779414294, 30.406351583340289, 0.0 ], [ 77.973233974957495, 30.407670157390591, 0.0 ], [ 77.974034820921872, 30.409469003870896, 0.0 ], [ 77.974723840750897, 30.410700832952212, 0.0 ], [ 77.974349791038449, 30.41154617022395, 0.0 ], [ 77.973927887163057, 30.412168323926018, 0.0 ], [ 77.973817043259842, 30.412704255677262, 0.0 ], [ 77.972979531106787, 30.413501035774274, 0.0 ], [ 77.972557610391533, 30.414123184648737, 0.0 ], [ 77.971203728455023, 30.414914475439318, 0.0 ], [ 77.970364911210197, 30.415800742837099, 0.0 ], [ 77.970149506990495, 30.416425077748514, 0.0 ], [ 77.969110458487165, 30.416861620440731, 0.0 ], [ 77.968076473180275, 30.416940138564112, 0.0 ], [ 77.967145758628988, 30.417019748077493, 0.0 ], [ 77.965984536343456, 30.416111847307906, 0.0 ], [ 77.966079982098847, 30.412517385745822, 0.0 ], [ 77.965594819902833, 30.411622218647153, 0.0 ], [ 77.96552011039438, 30.411125362294381, 0.0 ], [ 77.965045711036893, 30.409986451079355, 0.0 ], [ 77.964892275886882, 30.409276157007884, 0.0 ], [ 77.964737836610936, 30.4086367178007, 0.0 ], [ 77.964743872985807, 30.408211588049298, 0.0 ], [ 77.964346211192534, 30.40742782110684, 0.0 ], [ 77.964026273229479, 30.406928346145893, 0.0 ], [ 77.963870836731587, 30.406359760405802, 0.0 ], [ 77.963634663856553, 30.40571944634554, 0.0 ], [ 77.963398493731404, 30.405079132012428, 0.0 ], [ 77.96316131962358, 30.404509672319339, 0.0 ], [ 77.962768722281481, 30.403371624938295, 0.0 ], [ 77.962209626460464, 30.402444393510567, 0.0 ], [ 77.962221721633767, 30.401594132398206, 0.0 ], [ 77.962309509349453, 30.40116987525812, 0.0 ], [ 77.962159130205549, 30.400247010369611, 0.0 ], [ 77.96217828052005, 30.398900761222428, 0.0 ], [ 77.96196229740741, 30.396843338689109, 0.0 ], [ 77.961897696912672, 30.395637926098654, 0.0 ], [ 77.961583859652222, 30.394713311353975, 0.0 ], [ 77.96077961926639, 30.39378344954731, 0.0 ], [ 77.960137853529474, 30.392926188229822, 0.0 ], [ 77.959897698539891, 30.392569286837649, 0.0 ], [ 77.95949710816879, 30.39199806781108, 0.0 ], [ 77.958769591793569, 30.391423345990546, 0.0 ], [ 77.957799919245531, 30.390633423779615, 0.0 ], [ 77.956991701397683, 30.389986959753305, 0.0 ], [ 77.956590126616874, 30.389486587235041, 0.0 ], [ 77.955367197895569, 30.389260858140602, 0.0 ], [ 77.954551915059838, 30.389110366197695, 0.0 ], [ 77.953571146594186, 30.389099821945113, 0.0 ], [ 77.953000044817387, 30.389022812636227, 0.0 ], [ 77.951610623122178, 30.389007855963527, 0.0 ], [ 77.951031398818998, 30.389497681080972, 0.0 ], [ 77.950611567349853, 30.390272685354617, 0.0 ], [ 77.950596326591509, 30.391335514365995, 0.0 ], [ 77.951317701824379, 30.392335412741204, 0.0 ], [ 77.951796934935885, 30.393120102328467, 0.0 ], [ 77.951867501564692, 30.393900390147714, 0.0 ], [ 77.952585864881883, 30.395112847414744, 0.0 ], [ 77.952824984871029, 30.395540617012976, 0.0 ], [ 77.95330525934348, 30.39625444462564, 0.0 ], [ 77.953459606140427, 30.396893899141556, 0.0 ], [ 77.953780472489925, 30.397322546674225, 0.0 ], [ 77.954346553845838, 30.397753828070332, 0.0 ], [ 77.954993366561496, 30.398256841081043, 0.0 ], [ 77.955395981865436, 30.398686361817621, 0.0 ], [ 77.955716861299393, 30.399115003630776, 0.0 ], [ 77.956280937844426, 30.399687987816296, 0.0 ], [ 77.956764292671792, 30.40018923629129, 0.0 ], [ 77.957568547139971, 30.401119121438661, 0.0 ], [ 77.957890454989226, 30.401476902531858, 0.0 ], [ 77.958211353991004, 30.401905537606137, 0.0 ], [ 77.958041806631385, 30.402328915902114, 0.0 ], [ 77.957139613232286, 30.402531839854689, 0.0 ], [ 77.955996239701051, 30.402448704748512, 0.0 ], [ 77.954854894185615, 30.402223849917135, 0.0 ], [ 77.953551086110963, 30.401926371391145, 0.0 ], [ 77.952659034582766, 30.401420713329856, 0.0 ], [ 77.951854824160861, 30.400490799950845, 0.0 ], [ 77.950714526248674, 30.400195053068838, 0.0 ], [ 77.950216971977468, 30.400685753884552, 0.0 ], [ 77.950045359468461, 30.401250831598418, 0.0 ], [ 77.950365207928627, 30.40175034148174, 0.0 ], [ 77.950686076139561, 30.402178995666866, 0.0 ], [ 77.951006947089198, 30.402607648327788, 0.0 ], [ 77.951324773024538, 30.40324886577919, 0.0 ], [ 77.951968560352881, 30.403964457730485, 0.0 ], [ 77.952194503465449, 30.405313343049038, 0.0 ], [ 77.952268128009337, 30.405881062217247, 0.0 ], [ 77.953226747376689, 30.407450426307307, 0.0 ], [ 77.953777675363028, 30.408944533905395, 0.0 ], [ 77.954254980735413, 30.409870919512286, 0.0 ], [ 77.955140024696647, 30.410872549965621, 0.0 ], [ 77.955703151870068, 30.411516389264829, 0.0 ], [ 77.956425738068233, 30.412445400010672, 0.0 ], [ 77.957313861505256, 30.413234450488073, 0.0 ], [ 77.958206042389975, 30.413740074926746, 0.0 ], [ 77.958770217525029, 30.414313045075406, 0.0 ], [ 77.959089140873829, 30.414883387824524, 0.0 ], [ 77.959399989462298, 30.416020566790273, 0.0 ], [ 77.959716903105885, 30.416732616832846, 0.0 ], [ 77.959869303076843, 30.417513770190755, 0.0 ], [ 77.960022715006588, 30.418224067957581, 0.0 ], [ 77.960260913647488, 30.418722676210756, 0.0 ], [ 77.960577842827803, 30.41943472407063, 0.0 ], [ 77.961064342170658, 30.419723389673429, 0.0 ], [ 77.961545801089699, 30.42036632791039, 0.0 ], [ 77.962114064711812, 30.420655864599592, 0.0 ], [ 77.962457761746649, 30.421403624816804, 0.0 ], [ 77.962667718833032, 30.421972792584477, 0.0 ], [ 77.962879022192112, 30.422447485671892, 0.0 ], [ 77.963199339669004, 30.422923344056411, 0.0 ], [ 77.963298950123288, 30.423585818382474, 0.0 ], [ 77.963398561501194, 30.424248293566961, 0.0 ], [ 77.963476292581163, 30.42442290971286, 0.0 ], [ 77.964386369256161, 30.424314519107924, 0.0 ], [ 77.965379710271122, 30.424368188686572, 0.0 ], [ 77.965626975688323, 30.424456975532625, 0.0 ], [ 77.965760124986232, 30.424562113275137, 0.0 ], [ 77.96592234208029, 30.418453917228931, 0.0 ], [ 77.971770967404879, 30.418516123400611, 0.0 ], [ 77.971765811849863, 30.418443799585763, 0.0 ], [ 77.973173570261849, 30.417892517526294, 0.0 ], [ 77.974311628483107, 30.416610371829304, 0.0 ], [ 77.974422053634441, 30.415398220222659, 0.0 ], [ 77.975739858603234, 30.414603293911306, 0.0 ], [ 77.977149815802491, 30.413890217339205, 0.0 ], [ 77.978442661364838, 30.413444724201092, 0.0 ] ] ] ] } },
{ "type": "Feature", "properties": { "OBJECTID": 633760.0, "GEOMORPHOL": "WatBod - River" }, "geometry": { "type": "MultiPolygon", "coordinates": [ [ [ [ 77.938727617493839, 30.340908630147915, 0.0 ], [ 77.938680001683352, 30.340841897323937, 0.0 ], [ 77.938270029965167, 30.340054284517585, 0.0 ], [ 77.937734413713827, 30.339630775002394, 0.0 ], [ 77.937199557485627, 30.339155061985327, 0.0 ], [ 77.936541316457095, 30.338886843349314, 0.0 ], [ 77.935880813132712, 30.338775229016161, 0.0 ], [ 77.935221822355643, 30.338559206555619, 0.0 ], [ 77.935035220624783, 30.338440495366029, 0.0 ], [ 77.93530029574228, 30.338287384776844, 0.0 ], [ 77.935760179184186, 30.338094160542543, 0.0 ], [ 77.936169601796351, 30.337878358380625, 0.0 ], [ 77.936552995294022, 30.337706323763051, 0.0 ], [ 77.936960821585515, 30.337600632909027, 0.0 ], [ 77.937317548489077, 30.33751641091467, 0.0 ], [ 77.937926895951435, 30.337523041078644, 0.0 ], [ 77.938307738008078, 30.337527184158922, 0.0 ], [ 77.938735858654212, 30.337774127970988, 0.0 ], [ 77.938882785952899, 30.338150171429582, 0.0 ], [ 77.939181734627425, 30.33854989327001, 0.0 ], [ 77.939457204690811, 30.338817201765881, 0.0 ], [ 77.940013237487676, 30.338999453223717, 0.0 ], [ 77.940621640104141, 30.339072139641669, 0.0 ], [ 77.941179264457233, 30.33914427196747, 0.0 ], [ 77.94158455035533, 30.339214749417568, 0.0 ], [ 77.941987295843489, 30.339461407496863, 0.0 ], [ 77.942314191347307, 30.339685215504989, 0.0 ], [ 77.942620695249659, 30.339872927907589, 0.0 ], [ 77.942624502114427, 30.339873441734703, 0.0 ], [ 77.942837320690799, 30.33989750182258, 0.0 ], [ 77.942998192198999, 30.339915688361256, 0.0 ], [ 77.943261537218305, 30.339975836178205, 0.0 ], [ 77.943415360954987, 30.339996600531286, 0.0 ], [ 77.943700445755013, 30.340076079888693, 0.0 ], [ 77.943941777971986, 30.340135987346532, 0.0 ], [ 77.944183383971009, 30.340176799236133, 0.0 ], [ 77.944511399029508, 30.340333132574408, 0.0 ], [ 77.944906556342147, 30.340413800342517, 0.0 ], [ 77.945301990706611, 30.340475373674639, 0.0 ], [ 77.945719438565376, 30.340537183626108, 0.0 ], [ 77.945828959849322, 30.340576563798297, 0.0 ], [ 77.945934601430849, 30.340621088032641, 0.0 ], [ 77.946227745089359, 30.340564597506873, 0.0 ], [ 77.946771514069155, 30.34042363672134, 0.0 ], [ 77.94714559214772, 30.340310207724301, 0.0 ], [ 77.947687249887537, 30.340316060744502, 0.0 ], [ 77.948396068476157, 30.340470559589065, 0.0 ], [ 77.948866649121896, 30.340710586434842, 0.0 ], [ 77.949438793542896, 30.340951708130873, 0.0 ], [ 77.949841671841796, 30.341191001150673, 0.0 ], [ 77.95034527126316, 30.341490115824058, 0.0 ], [ 77.950814599122751, 30.341818227338639, 0.0 ], [ 77.951068748203639, 30.341992198329141, 0.0 ], [ 77.951086508744595, 30.341994962876665, 0.0 ], [ 77.951324081308883, 30.342053921634097, 0.0 ], [ 77.951582786514138, 30.342150706062569, 0.0 ], [ 77.951710658774033, 30.342302478844555, 0.0 ], [ 77.951773249076396, 30.342472346630615, 0.0 ], [ 77.951836108539183, 30.342623418466189, 0.0 ], [ 77.951856165144278, 30.342736430046727, 0.0 ], [ 77.951878405834364, 30.342738426098673, 0.0 ], [ 77.951799133321188, 30.342987110225653, 0.0 ], [ 77.95181677293354, 30.343292860616081, 0.0 ], [ 77.95183441360841, 30.343598611023562, 0.0 ], [ 77.951897450151421, 30.343809362563604, 0.0 ], [ 77.95200479164302, 30.344001494318022, 0.0 ], [ 77.952112953600462, 30.344136342148435, 0.0 ], [ 77.952220021806312, 30.344347568074962, 0.0 ], [ 77.952239850718342, 30.34450056122671, 0.0 ], [ 77.952324630537689, 30.344730644634414, 0.0 ], [ 77.952366747599697, 30.344864781105322, 0.0 ], [ 77.952408318838508, 30.345037106227672, 0.0 ], [ 77.95247108432838, 30.345266951927833, 0.0 ], [ 77.952534398036875, 30.345458608998491, 0.0 ], [ 77.952620000094583, 30.345631408442934, 0.0 ], [ 77.952639828674435, 30.345784401544055, 0.0 ], [ 77.952702868999125, 30.345995152872533, 0.0 ], [ 77.952853698951742, 30.346225947136322, 0.0 ], [ 77.952940121889696, 30.346341461656849, 0.0 ], [ 77.953091499642696, 30.346534067062251, 0.0 ], [ 77.95322168111683, 30.346669149975906, 0.0 ], [ 77.953286635039873, 30.346746239000048, 0.0 ], [ 77.953322453614376, 30.346771026108502, 0.0 ], [ 77.953276842875113, 30.346391297770573, 0.0 ], [ 77.953265264333865, 30.346391173241297, 0.0 ], [ 77.953008900858705, 30.346151227514632, 0.0 ], [ 77.952880085888637, 30.345920670094987, 0.0 ], [ 77.952730622912071, 30.34559440426348, 0.0 ], [ 77.952695064496652, 30.345001998673652, 0.0 ], [ 77.952676055688883, 30.344791720788859, 0.0 ], [ 77.95267906182734, 30.344581681400665, 0.0 ], [ 77.952661145714742, 30.344295025290883, 0.0 ], [ 77.952642956707635, 30.344027464412274, 0.0 ], [ 77.952582103782547, 30.343663956678849, 0.0 ], [ 77.952539986786334, 30.343529820271357, 0.0 ], [ 77.952409810111831, 30.343394736068777, 0.0 ], [ 77.95230055559324, 30.343336266707158, 0.0 ], [ 77.952239704147047, 30.342972758896817, 0.0 ], [ 77.952266366209031, 30.342648387634345, 0.0 ], [ 77.952290020135052, 30.342561191301346, 0.0 ], [ 77.952446126975929, 30.342404397409521, 0.0 ], [ 77.952598900549631, 30.342330845062286, 0.0 ], [ 77.952793440933249, 30.342366775938693, 0.0 ], [ 77.952615229371034, 30.340883090705177, 0.0 ], [ 77.952403176502699, 30.340862388543414, 0.0 ], [ 77.952012836637124, 30.340876983937108, 0.0 ], [ 77.951276571186469, 30.340831452357357, 0.0 ], [ 77.95105986535043, 30.3408291167, 0.0 ], [ 77.95060612862251, 30.340730228526706, 0.0 ], [ 77.950346888707827, 30.34067103426921, 0.0 ], [ 77.949979027752875, 30.340629468487016, 0.0 ], [ 77.949827602970217, 30.340609034718739, 0.0 ], [ 77.949808740195408, 30.340608831495789, 0.0 ], [ 77.949310238178853, 30.340404108295353, 0.0 ], [ 77.948674564516338, 30.340206270559559, 0.0 ], [ 77.947950561403232, 30.340026574438109, 0.0 ], [ 77.947665748343695, 30.339928009016951, 0.0 ], [ 77.947330529029614, 30.339745308405245, 0.0 ], [ 77.947186617336385, 30.3398113902043, 0.0 ], [ 77.946844284875965, 30.340072004500932, 0.0 ], [ 77.946469363416398, 30.340244159571753, 0.0 ], [ 77.946096551935156, 30.340269495840747, 0.0 ], [ 77.945690308279808, 30.34026510132755, 0.0 ], [ 77.945286177240959, 30.340113886211743, 0.0 ], [ 77.944950176833103, 30.339934039871256, 0.0 ], [ 77.944375936190696, 30.339839717036735, 0.0 ], [ 77.943971385952139, 30.339717861929397, 0.0 ], [ 77.943599843532368, 30.339655100523014, 0.0 ], [ 77.943229572216723, 30.339504245752828, 0.0 ], [ 77.942858877438908, 30.339382754687975, 0.0 ], [ 77.942219898440669, 30.339082143008159, 0.0 ], [ 77.941815777417887, 30.33893091689475, 0.0 ], [ 77.941477669083937, 30.338897880294805, 0.0 ], [ 77.94086788923687, 30.338920629918945, 0.0 ], [ 77.940529358258601, 30.338916953761256, 0.0 ], [ 77.940023681555687, 30.338764620026119, 0.0 ], [ 77.939756249508875, 30.33852676820921, 0.0 ], [ 77.939657234464178, 30.338349482865738, 0.0 ], [ 77.939523943325256, 30.338201192960849, 0.0 ], [ 77.939323371464354, 30.338022803507862, 0.0 ], [ 77.939124496948565, 30.337726958855175, 0.0 ], [ 77.938823640913185, 30.33745937333903, 0.0 ], [ 77.938487236669346, 30.337308873611772, 0.0 ], [ 77.938221896130386, 30.337190165970721, 0.0 ], [ 77.937973587762571, 30.33718746419725, 0.0 ], [ 77.937576240088603, 30.337259531340614, 0.0 ], [ 77.937377565033529, 30.337295564419001, 0.0 ], [ 77.937222641211662, 30.337351171514285, 0.0 ], [ 77.936958201498697, 30.337367390404872, 0.0 ], [ 77.936782645661012, 30.337327284511598, 0.0 ], [ 77.936649594387902, 30.337302691817939, 0.0 ], [ 77.936583803273209, 30.337332212793115, 0.0 ], [ 77.936175659438831, 30.337459925504898, 0.0 ], [ 77.936102365459064, 30.33749520308087, 0.0 ], [ 77.936046613168983, 30.337565804344816, 0.0 ], [ 77.935754090316379, 30.337730395464394, 0.0 ], [ 77.935404032875653, 30.337860803492859, 0.0 ], [ 77.935054703738487, 30.337940884059659, 0.0 ], [ 77.934667909053218, 30.337936667487501, 0.0 ], [ 77.93431979572884, 30.33793287136524, 0.0 ], [ 77.933991264092185, 30.337912510087154, 0.0 ], [ 77.933683288757436, 30.337808483777632, 0.0 ], [ 77.933318756170209, 30.337603171738706, 0.0 ], [ 77.93306928793659, 30.337466227250335, 0.0 ], [ 77.932801210770606, 30.337278744513089, 0.0 ], [ 77.932746410113879, 30.337210393729656, 0.0 ], [ 77.932625291944078, 30.337134864300367, 0.0 ], [ 77.932607607401181, 30.337118419122081, 0.0 ], [ 77.93255853400224, 30.337109347583539, 0.0 ], [ 77.932273466787606, 30.337029844113953, 0.0 ], [ 77.931901454775215, 30.336872999088186, 0.0 ], [ 77.931683815728519, 30.336698742759353, 0.0 ], [ 77.931508262824835, 30.336658629972661, 0.0 ], [ 77.931332155275754, 30.336656704989643, 0.0 ], [ 77.930803278739148, 30.33668911935861, 0.0 ], [ 77.930610613795949, 30.336833939167555, 0.0 ], [ 77.930263611324833, 30.336830144053732, 0.0 ], [ 77.929900806375812, 30.336797529262242, 0.0 ], [ 77.92943935701949, 30.336735187526291, 0.0 ], [ 77.928977490778948, 30.336701486499521, 0.0 ], [ 77.928648540017392, 30.336611945862661, 0.0 ], [ 77.928186674908204, 30.336578241193738, 0.0 ], [ 77.927724394365299, 30.33657317723311, 0.0 ], [ 77.927096177806874, 30.336623585461101, 0.0 ], [ 77.926465456058096, 30.336845841492725, 0.0 ], [ 77.925998998431254, 30.337127189349648, 0.0 ], [ 77.925765350060558, 30.337296505254411, 0.0 ], [ 77.925399201911787, 30.33749301218052, 0.0 ], [ 77.9248988817765, 30.33783127783947, 0.0 ], [ 77.924204614924236, 30.337880947570287, 0.0 ], [ 77.923776602961553, 30.337790306937421, 0.0 ], [ 77.923513275057005, 30.337730120906862, 0.0 ], [ 77.923116611202275, 30.337754407855314, 0.0 ], [ 77.92252056850441, 30.337862441405598, 0.0 ], [ 77.922287332446203, 30.33800310839219, 0.0 ], [ 77.921855552097753, 30.338170237291532, 0.0 ], [ 77.921796216847795, 30.338183085502738, 0.0 ], [ 77.921859821986459, 30.338525615060433, 0.0 ], [ 77.92201474110702, 30.338509024229769, 0.0 ], [ 77.922760792485462, 30.338429123300873, 0.0 ], [ 77.923441710113266, 30.338172292085112, 0.0 ], [ 77.924120909815159, 30.338032912369076, 0.0 ], [ 77.924389589139281, 30.338182704389375, 0.0 ], [ 77.924519428602821, 30.338565918878938, 0.0 ], [ 77.924378016637576, 30.338975522844439, 0.0 ], [ 77.92396406299909, 30.339499607047053, 0.0 ], [ 77.923384268637946, 30.339786920387372, 0.0 ], [ 77.92291075070527, 30.339752348475283, 0.0 ], [ 77.922135557983424, 30.339508877501501, 0.0 ], [ 77.922038922898523, 30.339490118204541, 0.0 ], [ 77.92213580350446, 30.34001184446478, 0.0 ], [ 77.922225004215179, 30.34000767111467, 0.0 ], [ 77.922753343215462, 30.340013480772047, 0.0 ], [ 77.923083137230947, 30.340045752344484, 0.0 ], [ 77.923644080285612, 30.340080562602449, 0.0 ], [ 77.924138980509525, 30.340114645206299, 0.0 ], [ 77.924667320907716, 30.340120447161393, 0.0 ], [ 77.925096597341494, 30.340125159839197, 0.0 ], [ 77.925394206696964, 30.340099779689481, 0.0 ], [ 77.925613964491234, 30.340054680145826, 0.0 ], [ 77.925650964755775, 30.340010045534797, 0.0 ], [ 77.925959819056402, 30.339727092545047, 0.0 ], [ 77.926218534951246, 30.339399536874105, 0.0 ], [ 77.926478211896168, 30.339005912165455, 0.0 ], [ 77.926661076206884, 30.3386554965047, 0.0 ], [ 77.926995634422241, 30.338350796659611, 0.0 ], [ 77.92775989007238, 30.338182961664199, 0.0 ], [ 77.928396874936695, 30.338035755566221, 0.0 ], [ 77.929136376721132, 30.337823588769645, 0.0 ], [ 77.929875554781674, 30.337633441303961, 0.0 ], [ 77.930969543225501, 30.337491221579874, 0.0 ], [ 77.931704878342217, 30.337565336228959, 0.0 ], [ 77.932028546776664, 30.338009397944003, 0.0 ], [ 77.932378565690783, 30.338387667218928, 0.0 ], [ 77.93277904905699, 30.33878851237635, 0.0 ], [ 77.93333442962421, 30.339014837309456, 0.0 ], [ 77.934200557805482, 30.338826050819993, 0.0 ], [ 77.934436161623267, 30.338727063278185, 0.0 ], [ 77.935035222008565, 30.33897485564561, 0.0 ], [ 77.935876277725285, 30.339088441901211, 0.0 ], [ 77.936657150951532, 30.33920136648787, 0.0 ], [ 77.937313882661442, 30.3395739887697, 0.0 ], [ 77.937666680893045, 30.340152140690883, 0.0 ], [ 77.937721580280666, 30.340518210621429, 0.0 ], [ 77.937740772190494, 30.340565841547743, 0.0 ], [ 77.937783357976869, 30.340581496353817, 0.0 ], [ 77.93780790021755, 30.340732436928079, 0.0 ], [ 77.937811886739766, 30.340756950542062, 0.0 ], [ 77.937956360349474, 30.341110697780053, 0.0 ], [ 77.93796074112619, 30.341121423413856, 0.0 ], [ 77.938024299550307, 30.341293993191702, 0.0 ], [ 77.93810987217779, 30.341466802055276, 0.0 ], [ 77.938215251724472, 30.341792606485644, 0.0 ], [ 77.938278535289257, 30.341984270305037, 0.0 ], [ 77.938339886371608, 30.342309596481169, 0.0 ], [ 77.938381707512022, 30.342462831151543, 0.0 ], [ 77.938488193364435, 30.342712257215524, 0.0 ], [ 77.93859412844327, 30.342999873268809, 0.0 ], [ 77.938589987919343, 30.343286290359654, 0.0 ], [ 77.938586951841998, 30.343496331003198, 0.0 ], [ 77.938694543646804, 30.343669378736674, 0.0 ], [ 77.938780119183946, 30.34384218732971, 0.0 ], [ 77.938886883892579, 30.344072518194668, 0.0 ], [ 77.939030867490771, 30.344363269168987, 0.0 ], [ 77.939058037586634, 30.344418134288546, 0.0 ], [ 77.939054726705379, 30.344647269103135, 0.0 ], [ 77.939137270480757, 30.34503011647756, 0.0 ], [ 77.939151836974446, 30.345545908353703, 0.0 ], [ 77.939127338813535, 30.345717520005081, 0.0 ], [ 77.939211537775819, 30.345985800840584, 0.0 ], [ 77.939230518568934, 30.346196079621905, 0.0 ], [ 77.939228587540796, 30.346329742041792, 0.0 ], [ 77.939138042754109, 30.346500634853516, 0.0 ], [ 77.939070616205314, 30.346595390144952, 0.0 ], [ 77.93900291391985, 30.346709239510087, 0.0 ], [ 77.938890903326168, 30.346841704795139, 0.0 ], [ 77.938756050205669, 30.347031213226309, 0.0 ], [ 77.938753290365312, 30.347222158796686, 0.0 ], [ 77.938774005035384, 30.347254534744476, 0.0 ], [ 77.938623578417733, 30.34741592308761, 0.0 ], [ 77.938471245461344, 30.347672083150371, 0.0 ], [ 77.93833145086225, 30.347917637078318, 0.0 ], [ 77.938303888369603, 30.348110700261358, 0.0 ], [ 77.938238552125199, 30.348346321209178, 0.0 ], [ 77.938197672776838, 30.348603692735225, 0.0 ], [ 77.938206795672443, 30.348829381804791, 0.0 ], [ 77.93825244983023, 30.349098436984615, 0.0 ], [ 77.938212191367796, 30.349312846990454, 0.0 ], [ 77.93825070286303, 30.350075972311966, 0.0 ], [ 77.938282459928459, 30.350198446833069, 0.0 ], [ 77.938178598770648, 30.350344396267207, 0.0 ], [ 77.938209138592072, 30.35051660599191, 0.0 ], [ 77.938321826818822, 30.350718355539467, 0.0 ], [ 77.938352574078138, 30.350876244455186, 0.0 ], [ 77.93839983381018, 30.351034312099493, 0.0 ], [ 77.938513351375931, 30.351178778362268, 0.0 ], [ 77.938693332103753, 30.351295320441722, 0.0 ], [ 77.938723252775745, 30.351510492517079, 0.0 ], [ 77.938702393505082, 30.351811051460412, 0.0 ], [ 77.938683396883377, 30.35198272231057, 0.0 ], [ 77.938647887608042, 30.352154213536679, 0.0 ], [ 77.938645610465471, 30.352311743184583, 0.0 ], [ 77.938742202945974, 30.352484670416938, 0.0 ], [ 77.938840451365863, 30.352543031217309, 0.0 ], [ 77.939021470187754, 30.352587968139048, 0.0 ], [ 77.939266678645822, 30.352762511143986, 0.0 ], [ 77.939429116437395, 30.352950476925415, 0.0 ], [ 77.939674326565694, 30.353125018366448, 0.0 ], [ 77.939836765721239, 30.353312983725992, 0.0 ], [ 77.939983726314537, 30.353429164506366, 0.0 ], [ 77.940113968544694, 30.353559487432594, 0.0 ], [ 77.94035876663564, 30.353762669355081, 0.0 ], [ 77.940521622878975, 30.353921992410541, 0.0 ], [ 77.9406522791367, 30.354023672334399, 0.0 ], [ 77.940815548910578, 30.354154352526489, 0.0 ], [ 77.940880360795688, 30.35424099487463, 0.0 ], [ 77.940960652757298, 30.354399421547566, 0.0 ], [ 77.940991818558885, 30.354528667602757, 0.0 ], [ 77.940973031785049, 30.354686017247271, 0.0 ], [ 77.940821520053447, 30.354884896229887, 0.0 ], [ 77.940802939694152, 30.355027925908033, 0.0 ], [ 77.940784153462474, 30.35518527641328, 0.0 ], [ 77.94079818655743, 30.355357306481515, 0.0 ], [ 77.9408301796758, 30.355429269318627, 0.0 ], [ 77.940845039180189, 30.355544015212303, 0.0 ], [ 77.940874551394273, 30.355787828709161, 0.0 ], [ 77.940871657761306, 30.355988320116637, 0.0 ], [ 77.940885897836111, 30.356146029364698, 0.0 ], [ 77.940883004121062, 30.356346521664971, 0.0 ], [ 77.940979397217944, 30.35653376760115, 0.0 ], [ 77.94110943779323, 30.356678410665253, 0.0 ], [ 77.941190352215955, 30.356793873967817, 0.0 ], [ 77.941287573451987, 30.356923836480213, 0.0 ], [ 77.941401101579331, 30.357068299073745, 0.0 ], [ 77.941447955889984, 30.357255007680454, 0.0 ], [ 77.94152825085186, 30.357413433271766, 0.0 ], [ 77.941640953862162, 30.35761517990219, 0.0 ], [ 77.941737761923207, 30.35777378377205, 0.0 ], [ 77.941852530925857, 30.357832321134119, 0.0 ], [ 77.941999914842043, 30.357919858585184, 0.0 ], [ 77.942114477497313, 30.357992716559327, 0.0 ], [ 77.942195393091893, 30.358108178448177, 0.0 ], [ 77.942276723215329, 30.358194999577751, 0.0 ], [ 77.942358259125982, 30.358267498916284, 0.0 ], [ 77.94242307483016, 30.358354140730274, 0.0 ], [ 77.942458403776769, 30.358396072739694, 0.0 ], [ 77.942520504738027, 30.358469781665324, 0.0 ], [ 77.942550022436635, 30.358713594157742, 0.0 ], [ 77.942531651049379, 30.358842302431736, 0.0 ], [ 77.942496352518518, 30.358999474041951, 0.0 ], [ 77.942444974100738, 30.35905160238697, 0.0 ], [ 77.942412544759037, 30.35908450384817, 0.0 ], [ 77.942229447380257, 30.359182780799991, 0.0 ], [ 77.942162359765248, 30.359253667938017, 0.0 ], [ 77.942111579126433, 30.359339056013383, 0.0 ], [ 77.942092380093229, 30.359525048341411, 0.0 ], [ 77.94210662216679, 30.359682756651377, 0.0 ], [ 77.942119793306802, 30.359860233026041, 0.0 ], [ 77.942084326315936, 30.360083561318877, 0.0 ], [ 77.941966663345909, 30.360225516378762, 0.0 ], [ 77.941815144985824, 30.360424395947753, 0.0 ], [ 77.941630185355464, 30.360651559175892, 0.0 ], [ 77.941511281131568, 30.360879438600644, 0.0 ], [ 77.941442331280058, 30.361079213432166, 0.0 ], [ 77.941390929462145, 30.361207563543417, 0.0 ], [ 77.941321153704166, 30.361464622441229, 0.0 ], [ 77.941185733432732, 30.361692322041737, 0.0 ], [ 77.941199147524159, 30.361907314465068, 0.0 ], [ 77.941179534130683, 30.362121948096735, 0.0 ], [ 77.941177053537885, 30.362293797770516, 0.0 ], [ 77.941222463909781, 30.362580752158056, 0.0 ], [ 77.941236912500827, 30.362724139656997, 0.0 ], [ 77.941250326640315, 30.362939132063275, 0.0 ], [ 77.941231332622749, 30.363110802339225, 0.0 ], [ 77.941228232252655, 30.363325615322982, 0.0 ], [ 77.941127079332489, 30.363467748655285, 0.0 ], [ 77.941058747204522, 30.363624560644457, 0.0 ], [ 77.940957386757376, 30.363781014598249, 0.0 ], [ 77.94082361565377, 30.36389414707115, 0.0 ], [ 77.940458020001429, 30.364047732290537, 0.0 ], [ 77.940308974609493, 30.364074759888741, 0.0 ], [ 77.939993955831582, 30.364157278372076, 0.0 ], [ 77.9398766988067, 30.364270589363421, 0.0 ], [ 77.939725376542555, 30.364455145801998, 0.0 ], [ 77.939641975749268, 30.364511531724418, 0.0 ], [ 77.939491894653983, 30.364610163139186, 0.0 ], [ 77.93932529962234, 30.364708614712036, 0.0 ], [ 77.939207626728248, 30.364850566544014, 0.0 ], [ 77.939089953456318, 30.364992519144977, 0.0 ], [ 77.938854813166941, 30.365262102280347, 0.0 ], [ 77.938787305151408, 30.365361629636215, 0.0 ], [ 77.938701833135809, 30.365561223504582, 0.0 ], [ 77.938666318893951, 30.36573271414467, 0.0 ], [ 77.93872885932457, 30.365976886349259, 0.0 ], [ 77.938824843418487, 30.366192776490578, 0.0 ], [ 77.93885538993473, 30.366364985293618, 0.0 ], [ 77.93891938005514, 30.366508911127447, 0.0 ], [ 77.938933825311949, 30.366652298616884, 0.0 ], [ 77.938964163769029, 30.366838828149593, 0.0 ], [ 77.938979437189957, 30.366924932543252, 0.0 ], [ 77.93899429707804, 30.367039679395539, 0.0 ], [ 77.939043014248071, 30.367097500803556, 0.0 ], [ 77.939173686213138, 30.367199182252328, 0.0 ], [ 77.939288257822142, 30.367272042341312, 0.0 ], [ 77.939307830150156, 30.367279569244147, 0.0 ], [ 77.939304152249605, 30.36731518438183, 0.0 ], [ 77.939384452492675, 30.36747361055783, 0.0 ], [ 77.939647453887474, 30.367562406528496, 0.0 ], [ 77.939844188941052, 30.36766480425355, 0.0 ], [ 77.940024615294377, 30.367752702189591, 0.0 ], [ 77.940222384626495, 30.367783496350324, 0.0 ], [ 77.940403638920202, 30.367814109747563, 0.0 ], [ 77.940534727449034, 30.367887148419118, 0.0 ], [ 77.94073084301202, 30.368032508165935, 0.0 ], [ 77.940811559151925, 30.368162292050641, 0.0 ], [ 77.940875760190536, 30.368291896381109, 0.0 ], [ 77.940922826031894, 30.368464283561018, 0.0 ], [ 77.941085292613693, 30.368652246234621, 0.0 ], [ 77.941330750777524, 30.36881246362038, 0.0 ], [ 77.941510353930852, 30.368957642915721, 0.0 ], [ 77.941640205350254, 30.36911660543478, 0.0 ], [ 77.941770469990658, 30.369246925335162, 0.0 ], [ 77.941933352166586, 30.369406246417444, 0.0 ], [ 77.941980832990211, 30.369549991736914, 0.0 ], [ 77.942061346113135, 30.369694094941039, 0.0 ], [ 77.942159199373918, 30.369781094217888, 0.0 ], [ 77.942224237707563, 30.369824503125024, 0.0 ], [ 77.94235552900318, 30.369912130232461, 0.0 ], [ 77.94240383689332, 30.369998593122819, 0.0 ], [ 77.942566721335865, 30.370157912652832, 0.0 ], [ 77.942696369211333, 30.370331194222814, 0.0 ], [ 77.942744058291396, 30.370460618550602, 0.0 ], [ 77.942823952840854, 30.370647684707389, 0.0 ], [ 77.942935434994496, 30.370935353312948, 0.0 ], [ 77.943015537010538, 30.371108097685799, 0.0 ], [ 77.943145599239529, 30.371252738191682, 0.0 ], [ 77.943308694657048, 30.371397735308928, 0.0 ], [ 77.943520305793939, 30.371614873998269, 0.0 ], [ 77.943666059714687, 30.37181697566265, 0.0 ], [ 77.94366317144835, 30.372017467141092, 0.0 ], [ 77.943694346464525, 30.372146712025486, 0.0 ], [ 77.94362560075264, 30.372332166741337, 0.0 ], [ 77.943458583178113, 30.372459264521638, 0.0 ], [ 77.9433409076575, 30.372601220661636, 0.0 ], [ 77.943140444576869, 30.372756601988641, 0.0 ], [ 77.943072728081262, 30.372870452212112, 0.0 ], [ 77.942873503803483, 30.372939909132239, 0.0 ], [ 77.942756652096762, 30.373024580494604, 0.0 ], [ 77.942556599919627, 30.373151319176465, 0.0 ], [ 77.942357166832963, 30.373235096010557, 0.0 ], [ 77.942207075073682, 30.3733337297353, 0.0 ], [ 77.942150568078418, 30.373419382741499, 0.0 ], [ 77.942100032989501, 30.373495981967217, 0.0 ], [ 77.942072295545245, 30.373516081313049, 0.0 ], [ 77.941627730362185, 30.373797719522425, 0.0 ], [ 77.941226655965821, 30.374118025104927, 0.0 ], [ 77.941091769979181, 30.374307534939508, 0.0 ], [ 77.941044142985177, 30.374555284235164, 0.0 ], [ 77.941061480265859, 30.374880128128638, 0.0 ], [ 77.941035323850514, 30.37516630466968, 0.0 ], [ 77.941054865366027, 30.375338393207855, 0.0 ], [ 77.941051283063572, 30.375586619832266, 0.0 ], [ 77.941070548800141, 30.375777803339513, 0.0 ], [ 77.941133859262962, 30.375969463319045, 0.0 ], [ 77.941263236473063, 30.376161841533204, 0.0 ], [ 77.941327374772897, 30.376296219227953, 0.0 ], [ 77.941391787970161, 30.376411501899895, 0.0 ], [ 77.941455925544872, 30.376545879525899, 0.0 ], [ 77.941563833565354, 30.376699829385338, 0.0 ], [ 77.941628523009996, 30.376796016992284, 0.0 ], [ 77.941714683144397, 30.376930633575586, 0.0 ], [ 77.94177937388686, 30.377026822050816, 0.0 ], [ 77.941866085778116, 30.3771232494956, 0.0 ], [ 77.942041163972462, 30.377201537040758, 0.0 ], [ 77.942072976505429, 30.37720533651607, 0.0 ], [ 77.942568876030961, 30.377264550557385, 0.0 ], [ 77.942766527202835, 30.37730488787043, 0.0 ], [ 77.942920684215494, 30.377306558099008, 0.0 ], [ 77.943229549120176, 30.377271709807466, 0.0 ], [ 77.943581908452103, 30.377275527373907, 0.0 ], [ 77.943758362958761, 30.377258341228334, 0.0 ], [ 77.944000610640501, 30.377260964993539, 0.0 ], [ 77.944110997655756, 30.377243062347507, 0.0 ], [ 77.944216705161978, 30.377244207444591, 0.0 ], [ 77.944220835196148, 30.377263349665643, 0.0 ], [ 77.94446088264678, 30.37741872646134, 0.0 ], [ 77.944634312819318, 30.377611578134992, 0.0 ], [ 77.945224799150608, 30.377904428254524, 0.0 ], [ 77.945442827469037, 30.378059565880115, 0.0 ], [ 77.94557303986484, 30.378194655399064, 0.0 ], [ 77.945767672245353, 30.378445026633209, 0.0 ], [ 77.946004429414515, 30.378829533383115, 0.0 ], [ 77.946176492784204, 30.379117854104457, 0.0 ], [ 77.946196867151457, 30.379232659101788, 0.0 ], [ 77.946303960992452, 30.379443888122907, 0.0 ], [ 77.946322139810647, 30.379711447226668, 0.0 ], [ 77.946207631083695, 30.380015766483396, 0.0 ], [ 77.945938684457133, 30.380337513810666, 0.0 ], [ 77.945934839268787, 30.3806048353966, 0.0 ], [ 77.945952742051944, 30.38089148859067, 0.0 ], [ 77.946016889524174, 30.381025863644332, 0.0 ], [ 77.946119315876373, 30.381561696890639, 0.0 ], [ 77.946203564723646, 30.381829970148647, 0.0 ], [ 77.946289186465521, 30.382002771745768, 0.0 ], [ 77.946461805218775, 30.382252903231691, 0.0 ], [ 77.946767390577833, 30.382447179135944, 0.0 ], [ 77.947115651181562, 30.382737402498709, 0.0 ], [ 77.947509333309171, 30.382932628791707, 0.0 ], [ 77.947812178596237, 30.383317846822159, 0.0 ], [ 77.948048132463796, 30.38375963258542, 0.0 ], [ 77.948110637875047, 30.384008572758784, 0.0 ], [ 77.948173419175916, 30.384238418781177, 0.0 ], [ 77.94819270123196, 30.384429599428046, 0.0 ], [ 77.948101587249283, 30.384638686534164, 0.0 ], [ 77.948055619207651, 30.384771871309106, 0.0 ], [ 77.947877506400303, 30.384903629173191, 0.0 ], [ 77.94734041446732, 30.385287785472851, 0.0 ], [ 77.947293972444569, 30.385315611266698, 0.0 ], [ 77.947075531505632, 30.385571064968801, 0.0 ], [ 77.946989645890653, 30.385799304528764, 0.0 ], [ 77.947019183144889, 30.386043114798959, 0.0 ], [ 77.947032819184486, 30.386243784509851, 0.0 ], [ 77.947110264989277, 30.386602695559532, 0.0 ], [ 77.947221982474133, 30.386876039418635, 0.0 ], [ 77.947252960930911, 30.387019603812163, 0.0 ], [ 77.947283528774634, 30.387191809894713, 0.0 ], [ 77.947297988785863, 30.387335195358038, 0.0 ], [ 77.947262275816044, 30.38752100835476, 0.0 ], [ 77.947309156049698, 30.387707713283167, 0.0 ], [ 77.947306892046484, 30.387865241560789, 0.0 ], [ 77.947320528621105, 30.388065910349752, 0.0 ], [ 77.947351919150933, 30.388180833968107, 0.0 ], [ 77.947351302065698, 30.388223796479256, 0.0 ], [ 77.947365145104513, 30.38841014444316, 0.0 ], [ 77.947477894755195, 30.38861188315121, 0.0 ], [ 77.947524775712083, 30.388798588940084, 0.0 ], [ 77.947523128914895, 30.388913154708156, 0.0 ], [ 77.947570627081276, 30.389056897975667, 0.0 ], [ 77.947585088582699, 30.389200283443699, 0.0 ], [ 77.947566099456864, 30.389371953632253, 0.0 ], [ 77.947563836624639, 30.389529481929682, 0.0 ], [ 77.947508722865393, 30.389915606767563, 0.0 ], [ 77.947539085216334, 30.390102133636002, 0.0 ], [ 77.947502548738228, 30.390345229939712, 0.0 ], [ 77.947464571349173, 30.390688571129768, 0.0 ], [ 77.94746210174705, 30.390860419300662, 0.0 ], [ 77.947508571610285, 30.391075765868084, 0.0 ], [ 77.947572179070562, 30.391248328886537, 0.0 ], [ 77.947569914919924, 30.391405856217538, 0.0 ], [ 77.947600895763941, 30.39154942059961, 0.0 ], [ 77.947609644818229, 30.391689452195884, 0.0 ], [ 77.947595370817311, 30.391683071943469, 0.0 ], [ 77.947590132136085, 30.391737160704672, 0.0 ], [ 77.947596769834476, 30.391764668671154, 0.0 ], [ 77.947586319932384, 30.391845121672571, 0.0 ], [ 77.94757575451824, 30.391933631159066, 0.0 ], [ 77.947575176173217, 30.39197390906843, 0.0 ], [ 77.947573786557953, 30.39207057330762, 0.0 ], [ 77.947591098010491, 30.39215938397604, 0.0 ], [ 77.947627108557214, 30.392240339218816, 0.0 ], [ 77.947699361734522, 30.392386139435427, 0.0 ], [ 77.947717020733407, 30.392450783358175, 0.0 ], [ 77.947825748856886, 30.392645317345671, 0.0 ], [ 77.947916355392763, 30.392807429690109, 0.0 ], [ 77.947970720308888, 30.39290469619305, 0.0 ], [ 77.948006785221637, 30.392947483066294, 0.0 ], [ 77.948135728306028, 30.393039213433774, 0.0 ], [ 77.948375271668411, 30.393232772279347, 0.0 ], [ 77.948460633938112, 30.393424666441774, 0.0 ], [ 77.948479643061361, 30.393634941139251, 0.0 ], [ 77.948477449390879, 30.393787696142475, 0.0 ], [ 77.948474158859824, 30.394016827739549, 0.0 ], [ 77.948470593530644, 30.394265053464945, 0.0 ], [ 77.948468673469193, 30.394398713392071, 0.0 ], [ 77.94850943603727, 30.394628321326248, 0.0 ], [ 77.948661152793136, 30.394801833965261, 0.0 ], [ 77.948768816610198, 30.394974871094774, 0.0 ], [ 77.948876481827568, 30.395147908181656, 0.0 ], [ 77.948918341130607, 30.395301137615508, 0.0 ], [ 77.948826671213183, 30.395548412721055, 0.0 ], [ 77.948669468957249, 30.395756786759435, 0.0 ], [ 77.948447557509553, 30.395868975259702, 0.0 ], [ 77.948289531569486, 30.396134631176523, 0.0 ], [ 77.94824246181463, 30.396344192974215, 0.0 ], [ 77.948305250847184, 30.396574037366534, 0.0 ], [ 77.948346287269715, 30.396784550268666, 0.0 ], [ 77.948388147206828, 30.396937780756431, 0.0 ], [ 77.948450936842008, 30.397167625109937, 0.0 ], [ 77.948448467775009, 30.397339473259958, 0.0 ], [ 77.948511807285712, 30.397531130244285, 0.0 ], [ 77.94855394043681, 30.397665265625044, 0.0 ], [ 77.94874861930424, 30.397915630515197, 0.0 ], [ 77.948944395941453, 30.398089618592742, 0.0 ], [ 77.949052063395698, 30.3982626547926, 0.0 ], [ 77.949182307555148, 30.398397740763187, 0.0 ], [ 77.949313648645429, 30.398456449124382, 0.0 ], [ 77.949533372597074, 30.398497013649632, 0.0 ], [ 77.950041640217066, 30.398387910273165, 0.0 ], [ 77.950174899166456, 30.39831295774427, 0.0 ], [ 77.950397909357932, 30.398124388985707, 0.0 ], [ 77.95057467379435, 30.398088099228374, 0.0 ], [ 77.950816697907726, 30.398109805252108, 0.0 ], [ 77.951035874384871, 30.398188554688591, 0.0 ], [ 77.951122339579697, 30.398304069993912, 0.0 ], [ 77.951165025236477, 30.39840001554888, 0.0 ], [ 77.951274613880145, 30.398439390948621, 0.0 ], [ 77.951407050372495, 30.398421719635675, 0.0 ], [ 77.951408692731547, 30.39830715454022, 0.0 ], [ 77.951388854548455, 30.39815416242169, 0.0 ], [ 77.95134699046568, 30.398000934393824, 0.0 ], [ 77.951084033582916, 30.397902614847276, 0.0 ], [ 77.950532810016298, 30.397934870100855, 0.0 ], [ 77.950267663713262, 30.397989305036702, 0.0 ], [ 77.950090351457447, 30.398063781807853, 0.0 ], [ 77.950038296701379, 30.398088828607332, 0.0 ], [ 77.949869836550846, 30.398193652983622, 0.0 ], [ 77.949867451836724, 30.398195136581222, 0.0 ], [ 77.94979592389511, 30.398239644802953, 0.0 ], [ 77.949630104617697, 30.398280825358807, 0.0 ], [ 77.949399641717548, 30.398221048290534, 0.0 ], [ 77.949169179132269, 30.398161270833505, 0.0 ], [ 77.948908761229475, 30.397886325505045, 0.0 ], [ 77.948745614192532, 30.397741334981369, 0.0 ], [ 77.948698110111764, 30.397597593679752, 0.0 ], [ 77.948652663306959, 30.397310644049295, 0.0 ], [ 77.948524203697431, 30.397051445301052, 0.0 ], [ 77.948527288507975, 30.39683663461004, 0.0 ], [ 77.948514264741817, 30.396593003378051, 0.0 ], [ 77.948499595413395, 30.396463938802668, 0.0 ], [ 77.948503298104356, 30.396206166521281, 0.0 ], [ 77.948621817073928, 30.396006924160361, 0.0 ], [ 77.948738485071416, 30.395936568290164, 0.0 ], [ 77.948821907521776, 30.395880176398475, 0.0 ], [ 77.948922466671405, 30.395781000743497, 0.0 ], [ 77.948924111637709, 30.395666434933236, 0.0 ], [ 77.948959000804905, 30.395537904965945, 0.0 ], [ 77.948977371939563, 30.395409197128224, 0.0 ], [ 77.94899512530759, 30.395323450881854, 0.0 ], [ 77.949013700531168, 30.395180421253801, 0.0 ], [ 77.948901351715847, 30.394950041619143, 0.0 ], [ 77.948787358352746, 30.394834228630966, 0.0 ], [ 77.948756169898701, 30.394704985251856, 0.0 ], [ 77.948709078433936, 30.394532601423222, 0.0 ], [ 77.948677272286616, 30.394446321429761, 0.0 ], [ 77.948579799584621, 30.394330685336261, 0.0 ], [ 77.94856513023781, 30.3942016207472, 0.0 ], [ 77.948586586537743, 30.393858101291919, 0.0 ], [ 77.948604956602594, 30.393729393465744, 0.0 ], [ 77.948607013223693, 30.393586185978453, 0.0 ], [ 77.948624971680189, 30.393486118912442, 0.0 ], [ 77.948577058808837, 30.393371018435648, 0.0 ], [ 77.948496312053592, 30.393241240324546, 0.0 ], [ 77.948398840647627, 30.393125604173758, 0.0 ], [ 77.948169212792848, 30.393008542410275, 0.0 ], [ 77.948006488170989, 30.392834909882275, 0.0 ], [ 77.947797290990522, 30.392445930633286, 0.0 ], [ 77.947684947683953, 30.392215550275917, 0.0 ], [ 77.947696718643883, 30.392176213164749, 0.0 ], [ 77.947684019042967, 30.392160386642878, 0.0 ], [ 77.947684944695141, 30.39209594379582, 0.0 ], [ 77.947676579104879, 30.392031399983924, 0.0 ], [ 77.947677157382657, 30.391991122972687, 0.0 ], [ 77.947678546915768, 30.391894457823291, 0.0 ], [ 77.947670064843209, 30.391837969573924, 0.0 ], [ 77.947661930146111, 30.391757315487137, 0.0 ], [ 77.947663087727705, 30.3916767614866, 0.0 ], [ 77.947689365147141, 30.39159715476654, 0.0 ], [ 77.947708036648734, 30.390991982577024, 0.0 ], [ 77.947662949481838, 30.389530552655323, 0.0 ], [ 77.94760551695849, 30.3889283673672, 0.0 ], [ 77.947511755783665, 30.388554957641837, 0.0 ], [ 77.947401680763093, 30.388167048090246, 0.0 ], [ 77.947378728688989, 30.387464973847948, 0.0 ], [ 77.947303958098288, 30.386919893846546, 0.0 ], [ 77.94727483070757, 30.386647442808993, 0.0 ], [ 77.947212463283989, 30.386388954819314, 0.0 ], [ 77.947188689453881, 30.385744163869436, 0.0 ], [ 77.947336539649612, 30.385485432319118, 0.0 ], [ 77.947517985572787, 30.385396276594715, 0.0 ], [ 77.947872293909143, 30.385266422712046, 0.0 ], [ 77.948116480449912, 30.385135377399401, 0.0 ], [ 77.948207045741711, 30.384964479541846, 0.0 ], [ 77.948275037607544, 30.384831532764082, 0.0 ], [ 77.94836642496557, 30.384603351343923, 0.0 ], [ 77.948391739354122, 30.384374456637712, 0.0 ], [ 77.948415409432101, 30.384260127861843, 0.0 ], [ 77.948373555149487, 30.384106897542299, 0.0 ], [ 77.948353450146229, 30.383972999405898, 0.0 ], [ 77.948224597501223, 30.383742440227572, 0.0 ], [ 77.948117495493079, 30.383531213201923, 0.0 ], [ 77.947966619281374, 30.383300416651252, 0.0 ], [ 77.947815196559191, 30.383107808328983, 0.0 ], [ 77.947686346181712, 30.382877248756305, 0.0 ], [ 77.947556946995235, 30.382684878299052, 0.0 ], [ 77.947363125419471, 30.382377227412153, 0.0 ], [ 77.947321548089349, 30.382204901831503, 0.0 ], [ 77.947279146701703, 30.382089859597809, 0.0 ], [ 77.94723729484781, 30.381936629054177, 0.0 ], [ 77.947217467379701, 30.38178363581299, 0.0 ], [ 77.947132392533959, 30.381572646397718, 0.0 ], [ 77.946938024697104, 30.381303183371159, 0.0 ], [ 77.946808629912184, 30.381110811496463, 0.0 ], [ 77.946745030869877, 30.380938248464687, 0.0 ], [ 77.946593887716958, 30.38072654400699, 0.0 ], [ 77.946572963049974, 30.380649928230422, 0.0 ], [ 77.946574609941848, 30.380535362416254, 0.0 ], [ 77.94659965279746, 30.38032556231887, 0.0 ], [ 77.946623598336345, 30.380192139737442, 0.0 ], [ 77.946626069576524, 30.380020289669933, 0.0 ], [ 77.946650837270298, 30.379829584580435, 0.0 ], [ 77.946675605901888, 30.379638878598051, 0.0 ], [ 77.946811313139591, 30.379392079505866, 0.0 ], [ 77.946814057584973, 30.379201136118187, 0.0 ], [ 77.946684665483147, 30.379008763372187, 0.0 ], [ 77.946532976484889, 30.378835248224604, 0.0 ], [ 77.946404135010866, 30.378604686967407, 0.0 ], [ 77.946231797903536, 30.378335460711984, 0.0 ], [ 77.94612552875823, 30.37806694923804, 0.0 ], [ 77.946038811669254, 30.377970524294721, 0.0 ], [ 77.945930621157942, 30.377835673557211, 0.0 ], [ 77.945889322486522, 30.377644253578765, 0.0 ], [ 77.945870322119291, 30.377433976923033, 0.0 ], [ 77.945740110230105, 30.37729888682739, 0.0 ], [ 77.945588425402832, 30.377125369935513, 0.0 ], [ 77.945501984582734, 30.377009850578766, 0.0 ], [ 77.945217891077661, 30.376853998735868, 0.0 ], [ 77.944932425267112, 30.376793617027079, 0.0 ], [ 77.944624387527881, 30.376771186224531, 0.0 ], [ 77.944404164005093, 30.37676880230871, 0.0 ], [ 77.944204862738218, 30.376843034036675, 0.0 ], [ 77.9441917287199, 30.376881086443323, 0.0 ], [ 77.943895999363079, 30.376877883855173, 0.0 ], [ 77.943609708533984, 30.376874783431344, 0.0 ], [ 77.943191834272753, 30.376832062359686, 0.0 ], [ 77.943037677999854, 30.376830391601132, 0.0 ], [ 77.942861774131401, 30.376809388598062, 0.0 ], [ 77.942509692215069, 30.376786475110155, 0.0 ], [ 77.942247351081178, 30.376649949246119, 0.0 ], [ 77.942085038360759, 30.376616822623607, 0.0 ], [ 77.942049701490447, 30.376609611247488, 0.0 ], [ 77.941962714150179, 30.376532278922145, 0.0 ], [ 77.941876277241263, 30.376416757456063, 0.0 ], [ 77.941789841596133, 30.376301235068141, 0.0 ], [ 77.941705332815445, 30.376052053093087, 0.0 ], [ 77.94170891462683, 30.375803826378259, 0.0 ], [ 77.941711669361396, 30.37561288190194, 0.0 ], [ 77.941670930990952, 30.375383271190785, 0.0 ], [ 77.941631570118247, 30.375058189134045, 0.0 ], [ 77.941570463589343, 30.374713773057231, 0.0 ], [ 77.941550921186632, 30.374541684528914, 0.0 ], [ 77.941530277095126, 30.374445974157197, 0.0 ], [ 77.941488713353081, 30.374273646590403, 0.0 ], [ 77.941489815073396, 30.37419726933344, 0.0 ], [ 77.941553295269344, 30.374021803400812, 0.0 ], [ 77.941614607438723, 30.373968748882966, 0.0 ], [ 77.94209274887335, 30.373641631479401, 0.0 ], [ 77.942146275377468, 30.373628823721702, 0.0 ], [ 77.942584263359265, 30.373524017904433, 0.0 ], [ 77.943233762419311, 30.37315865860322, 0.0 ], [ 77.943910704519553, 30.372034470431423, 0.0 ], [ 77.943929695991145, 30.371862799739628, 0.0 ], [ 77.943982956904961, 30.371605561526142, 0.0 ], [ 77.943970153985347, 30.371347608436764, 0.0 ], [ 77.943956113422857, 30.371175580287616, 0.0 ], [ 77.943893144326339, 30.370960052172617, 0.0 ], [ 77.943813247449043, 30.370772987422882, 0.0 ], [ 77.943748422176157, 30.370686346672841, 0.0 ], [ 77.943603907440689, 30.370398320244266, 0.0 ], [ 77.943523598150904, 30.370239896998456, 0.0 ], [ 77.943459804769034, 30.370081652028972, 0.0 ], [ 77.943281641375933, 30.369836230278139, 0.0 ], [ 77.943201333030714, 30.369677805988186, 0.0 ], [ 77.943105129519239, 30.36947624088651, 0.0 ], [ 77.942859047339724, 30.369358989889331, 0.0 ], [ 77.942728987817461, 30.369214349262212, 0.0 ], [ 77.942630720964047, 30.369155992020151, 0.0 ], [ 77.94244987687145, 30.369096739900851, 0.0 ], [ 77.942334681242244, 30.369066843828477, 0.0 ], [ 77.942241310561371, 30.368991370693536, 0.0 ], [ 77.942155076551828, 30.368921666474517, 0.0 ], [ 77.941242197554814, 30.36808102700013, 0.0 ], [ 77.940965571775649, 30.367791563424532, 0.0 ], [ 77.94083448300772, 30.367718525171931, 0.0 ], [ 77.940556204997208, 30.367543628093511, 0.0 ], [ 77.940343988596496, 30.367369447898355, 0.0 ], [ 77.940286204018477, 30.367348673200038, 0.0 ], [ 77.940278341165268, 30.367340088898324, 0.0 ], [ 77.939757096325351, 30.366833120984452, 0.0 ], [ 77.9394819257314, 30.36644340836148, 0.0 ], [ 77.939273645789484, 30.365997130093184, 0.0 ], [ 77.939242477941988, 30.365867883678725, 0.0 ], [ 77.939247858538664, 30.365495542517444, 0.0 ], [ 77.939383702565351, 30.365239203233866, 0.0 ], [ 77.939852736209815, 30.364785959916855, 0.0 ], [ 77.940086010944725, 30.364645262711413, 0.0 ], [ 77.940418167048591, 30.364519961281115, 0.0 ], [ 77.940617998114419, 30.364407546462061, 0.0 ], [ 77.940917122502157, 30.36428188551961, 0.0 ], [ 77.941183630755319, 30.364127224282814, 0.0 ], [ 77.941267650107775, 30.364027873965153, 0.0 ], [ 77.941451171564822, 30.363900957506743, 0.0 ], [ 77.941569252804101, 30.363730361701617, 0.0 ], [ 77.941588660181409, 30.363530048848823, 0.0 ], [ 77.941625407206558, 30.363272632080655, 0.0 ], [ 77.941723266618339, 30.362213785128137, 0.0 ], [ 77.94174535841411, 30.36182730157773, 0.0 ], [ 77.941783551521183, 30.361469638962827, 0.0 ], [ 77.941869427685049, 30.361241401596487, 0.0 ], [ 77.941887180388363, 30.361155655082687, 0.0 ], [ 77.942022185789256, 30.36095659622902, 0.0 ], [ 77.942056039915158, 30.360899670616973, 0.0 ], [ 77.942413575246377, 30.360584134017547, 0.0 ], [ 77.942440820097374, 30.36056008931061, 0.0 ], [ 77.942643736195336, 30.360232858184858, 0.0 ], [ 77.942624384237874, 30.360143129013831, 0.0 ], [ 77.942662314531546, 30.360089828201623, 0.0 ], [ 77.942929634731911, 30.359877879940193, 0.0 ], [ 77.94301468127675, 30.359706924832167, 0.0 ], [ 77.943050599072592, 30.359506790569405, 0.0 ], [ 77.943052869300061, 30.359349261397476, 0.0 ], [ 77.943021698745483, 30.359220015601633, 0.0 ], [ 77.9429420187857, 30.359018628190174, 0.0 ], [ 77.942910848417014, 30.358889383280466, 0.0 ], [ 77.942732706412841, 30.358643959248081, 0.0 ], [ 77.942734770399241, 30.358500750925014, 0.0 ], [ 77.94262619340536, 30.358012588426412, 0.0 ], [ 77.942611125102047, 30.35791216253099, 0.0 ], [ 77.94259605679224, 30.357811737535737, 0.0 ], [ 77.942547960344086, 30.357710955051246, 0.0 ], [ 77.94250007167976, 30.357595850850942, 0.0 ], [ 77.94247591146825, 30.357541510337875, 0.0 ], [ 77.942404086980915, 30.357379963217216, 0.0 ], [ 77.942274456792987, 30.357206681415331, 0.0 ], [ 77.942127900333574, 30.357061860128013, 0.0 ], [ 77.941997445341528, 30.356945860518984, 0.0 ], [ 77.941885362291046, 30.356701152618285, 0.0 ], [ 77.94174128568342, 30.356384481084135, 0.0 ], [ 77.941710530911806, 30.356226593466577, 0.0 ], [ 77.94169732309642, 30.35599728011578, 0.0 ], [ 77.941699388185768, 30.355854071858971, 0.0 ], [ 77.941701661030081, 30.355696541900915, 0.0 ], [ 77.941703106973975, 30.355596296126567, 0.0 ], [ 77.941704759642917, 30.355481728627879, 0.0 ], [ 77.94173943854986, 30.355367520552349, 0.0 ], [ 77.941709923160971, 30.355123707074942, 0.0 ], [ 77.941679789803388, 30.354922857010894, 0.0 ], [ 77.94163293471486, 30.35473614845197, 0.0 ], [ 77.941634587359729, 30.354621580945821, 0.0 ], [ 77.941603008300632, 30.354520976655323, 0.0 ], [ 77.941522301719033, 30.354391192847444, 0.0 ], [ 77.941424463205564, 30.354304193104479, 0.0 ], [ 77.941342931093388, 30.354231692516013, 0.0 ], [ 77.941260779851589, 30.354202155267366, 0.0 ], [ 77.941179660437726, 30.354101012928417, 0.0 ], [ 77.941165214160492, 30.353957624500975, 0.0 ], [ 77.941101849575531, 30.353770736559586, 0.0 ], [ 77.940955092847958, 30.353640235176108, 0.0 ], [ 77.940857048761245, 30.35356755590071, 0.0 ], [ 77.940775517663283, 30.353495055021099, 0.0 ], [ 77.940727839564389, 30.353365629574828, 0.0 ], [ 77.940714840648667, 30.353121995406877, 0.0 ], [ 77.94068346870452, 30.353007069231012, 0.0 ], [ 77.94065209679421, 30.352892143952118, 0.0 ], [ 77.94053836729266, 30.352762000946413, 0.0 ], [ 77.94045869868512, 30.352560612603789, 0.0 ], [ 77.940379442029396, 30.352330581654122, 0.0 ], [ 77.940250648993953, 30.35210001337774, 0.0 ], [ 77.939989342445472, 30.351896652067015, 0.0 ], [ 77.939908846873394, 30.351752545800451, 0.0 ], [ 77.939712972064754, 30.351592864257618, 0.0 ], [ 77.939550741657243, 30.351390577182261, 0.0 ], [ 77.939437223276414, 30.351246112630296, 0.0 ], [ 77.939290059454308, 30.351144251370602, 0.0 ], [ 77.939077879436937, 30.350970068643871, 0.0 ], [ 77.93894743580006, 30.35085406579228, 0.0 ], [ 77.938885561555665, 30.350776912351311, 0.0 ], [ 77.938899771353363, 30.350587919702669, 0.0 ], [ 77.938902100061796, 30.350426810246759, 0.0 ], [ 77.938911723098641, 30.349760889331282, 0.0 ], [ 77.938969952275954, 30.349159950633279, 0.0 ], [ 77.939060366069029, 30.348903116442653, 0.0 ], [ 77.939111298771437, 30.348806989108915, 0.0 ], [ 77.939187465597087, 30.348678907855046, 0.0 ], [ 77.939238553770423, 30.348572040309744, 0.0 ], [ 77.939365031587798, 30.348390793908834, 0.0 ], [ 77.939441663787846, 30.348230491995935, 0.0 ], [ 77.939656845334554, 30.347910559490824, 0.0 ], [ 77.939696014171261, 30.347771334382671, 0.0 ], [ 77.939771869004531, 30.347664734786765, 0.0 ], [ 77.939822645669437, 30.347579347241552, 0.0 ], [ 77.939922958631641, 30.347494498801812, 0.0 ], [ 77.940022805575424, 30.347441870750206, 0.0 ], [ 77.94008503447337, 30.347421062642081, 0.0 ], [ 77.940183796035143, 30.347443619225348, 0.0 ], [ 77.94028255658155, 30.347466176613572, 0.0 ], [ 77.940405930302035, 30.347499744019494, 0.0 ], [ 77.940515990371892, 30.347597620091275, 0.0 ], [ 77.940526513898746, 30.347726642463261, 0.0 ], [ 77.940537657722473, 30.347812702362823, 0.0 ], [ 77.940548645954664, 30.347909503317986, 0.0 ], [ 77.940658396480217, 30.348028860542534, 0.0 ], [ 77.940817528474554, 30.348159496663655, 0.0 ], [ 77.940902976294581, 30.348246362451818, 0.0 ], [ 77.941037960083349, 30.348333766907313, 0.0 ], [ 77.941124183822069, 30.348366929925334, 0.0 ], [ 77.941258549025122, 30.348497296692226, 0.0 ], [ 77.941368764483485, 30.348584431055862, 0.0 ], [ 77.941578054266685, 30.348672641546685, 0.0 ], [ 77.941688736655891, 30.348727553377945, 0.0 ], [ 77.941799418107621, 30.348782466000216, 0.0 ], [ 77.941946943507872, 30.348859262491871, 0.0 ], [ 77.942031928663056, 30.3489783508935, 0.0 ], [ 77.942079451469453, 30.349118516977217, 0.0 ], [ 77.942151588196893, 30.349269691950379, 0.0 ], [ 77.94219895687911, 30.349420599098934, 0.0 ], [ 77.942210256641573, 30.349495917857631, 0.0 ], [ 77.942282393801648, 30.349647092783719, 0.0 ], [ 77.94239261248525, 30.349734226444184, 0.0 ], [ 77.942576517880241, 30.349865129406787, 0.0 ], [ 77.942631711436817, 30.349936153247462, 0.0 ], [ 77.94268596327575, 30.350005966479635, 0.0 ], [ 77.942894328339619, 30.350158618037074, 0.0 ], [ 77.943029162299709, 30.35025676000798, 0.0 ], [ 77.943337995029495, 30.350313819823075, 0.0 ], [ 77.943510291438187, 30.350390883245652, 0.0 ], [ 77.943683361413605, 30.350414242789995, 0.0 ], [ 77.943705292765003, 30.350420447990526, 0.0 ], [ 77.943794510721148, 30.350436931549844, 0.0 ], [ 77.94382924741555, 30.350455522909762, 0.0 ], [ 77.943880737340407, 30.350470092927043, 0.0 ], [ 77.943954733474428, 30.350492378489861, 0.0 ], [ 77.943992515977783, 30.350529715140521, 0.0 ], [ 77.944040649727029, 30.350547021031907, 0.0 ], [ 77.944089413746781, 30.350601261448332, 0.0 ], [ 77.944125794095299, 30.350655366332905, 0.0 ], [ 77.944198862181992, 30.350742096542053, 0.0 ], [ 77.944247626381781, 30.350796336910605, 0.0 ], [ 77.944259392425835, 30.350839433221569, 0.0 ], [ 77.944295153098565, 30.350936501529272, 0.0 ], [ 77.944294225958771, 30.35100094542749, 0.0 ], [ 77.944305681580559, 30.351065523904278, 0.0 ], [ 77.944329832522428, 30.3511087548384, 0.0 ], [ 77.944341443401271, 30.351162592229478, 0.0 ], [ 77.944337716157335, 30.35118059926161, 0.0 ], [ 77.944341134013811, 30.351184073520979, 0.0 ], [ 77.944451357324738, 30.351271205692058, 0.0 ], [ 77.944598113725107, 30.351401703210094, 0.0 ], [ 77.944720256900325, 30.351521191244583, 0.0 ], [ 77.944817632575223, 30.351640410967832, 0.0 ], [ 77.944914698165363, 30.351781111908153, 0.0 ], [ 77.944974457037802, 30.351932152048015, 0.0 ], [ 77.944997680703096, 30.352039825888081, 0.0 ], [ 77.94500836419914, 30.352158108047348, 0.0 ], [ 77.945056202806356, 30.352276791207093, 0.0 ], [ 77.945117042951367, 30.352352646266482, 0.0 ], [ 77.945214110641871, 30.352493347072688, 0.0 ], [ 77.945422483924673, 30.352645994247055, 0.0 ], [ 77.945482553180639, 30.352775552920267, 0.0 ], [ 77.945592005863119, 30.352916387107424, 0.0 ], [ 77.945664768720988, 30.353024598006332, 0.0 ], [ 77.945676226437982, 30.353089175546625, 0.0 ], [ 77.945699141877839, 30.353218331526758, 0.0 ], [ 77.945770823648317, 30.353401726530386, 0.0 ], [ 77.945867738133913, 30.353553168059481, 0.0 ], [ 77.945940346665182, 30.353672119041789, 0.0 ], [ 77.946025803681763, 30.353758982050131, 0.0 ], [ 77.946135876268897, 30.353856853262776, 0.0 ], [ 77.946259260358957, 30.353890414890387, 0.0 ], [ 77.946370259317064, 30.353923841951417, 0.0 ], [ 77.946456643907567, 30.353946260757429, 0.0 ], [ 77.946567951946534, 30.353958207238744, 0.0 ], [ 77.946716104799179, 30.353992035475223, 0.0 ], [ 77.946790259270728, 30.354003579445092, 0.0 ], [ 77.946851874574691, 30.354025730089344, 0.0 ], [ 77.946913488869697, 30.354047880681993, 0.0 ], [ 77.947011950131866, 30.35409191396861, 0.0 ], [ 77.94711025652866, 30.354146688290399, 0.0 ], [ 77.947246333429078, 30.354158901136156, 0.0 ], [ 77.947432568022506, 30.354128686783003, 0.0 ], [ 77.947569571216277, 30.354076455278104, 0.0 ], [ 77.947917732884306, 30.353983535166943, 0.0 ], [ 77.948240198677482, 30.353954791404906, 0.0 ], [ 77.948413430332991, 30.353967404030428, 0.0 ], [ 77.948562047325041, 30.353969008644025, 0.0 ], [ 77.948735280096642, 30.35398162177199, 0.0 ], [ 77.948858355975815, 30.35403666144774, 0.0 ], [ 77.948944586624123, 30.354069819771027, 0.0 ], [ 77.94903066365363, 30.354113718284651, 0.0 ], [ 77.949191203149198, 30.354147677087532, 0.0 ], [ 77.949326973152083, 30.354181370074599, 0.0 ], [ 77.949400973525726, 30.354203652813098, 0.0 ], [ 77.949573743942011, 30.35424848645896, 0.0 ], [ 77.949697437259829, 30.354260562646921, 0.0 ], [ 77.949833054041363, 30.354304995379348, 0.0 ], [ 77.949943438478158, 30.35438138227056, 0.0 ], [ 77.950004746635287, 30.354425012868983, 0.0 ], [ 77.950128440235801, 30.354437089568002, 0.0 ], [ 77.950264211068415, 30.354470780726487, 0.0 ], [ 77.95037505776105, 30.354514944745507, 0.0 ], [ 77.950442137208995, 30.354560116685828, 0.0 ], [ 77.950456186437449, 30.354616082007539, 0.0 ], [ 77.950565493918916, 30.354767651945561, 0.0 ], [ 77.950760572216069, 30.354984602476257, 0.0 ], [ 77.95090657427896, 30.355168795051672, 0.0 ], [ 77.950977651099379, 30.355395149794798, 0.0 ], [ 77.950974880855881, 30.355588482382782, 0.0 ], [ 77.951008032946021, 30.355868139885981, 0.0 ], [ 77.951006185778354, 30.355997027364005, 0.0 ], [ 77.950990414849443, 30.356233188710306, 0.0 ], [ 77.950964260053425, 30.356329587401913, 0.0 ], [ 77.95086348660206, 30.35644666686235, 0.0 ], [ 77.950837330568632, 30.35654306548912, 0.0 ], [ 77.950746324944348, 30.356842870250404, 0.0 ], [ 77.950706090880189, 30.357057282887205, 0.0 ], [ 77.950679164662574, 30.357207384472144, 0.0 ], [ 77.950638930231761, 30.357421797057697, 0.0 ], [ 77.950624389490443, 30.357572032692385, 0.0 ], [ 77.950585231753479, 30.357711260817769, 0.0 ], [ 77.950515539918868, 30.357809211086732, 0.0 ], [ 77.950489534248533, 30.3578657407976, 0.0 ], [ 77.950426550961055, 30.357914572456938, 0.0 ], [ 77.950397666084342, 30.357942492599758, 0.0 ], [ 77.950401256917672, 30.35793066390227, 0.0 ], [ 77.950383928803348, 30.357941645184464, 0.0 ], [ 77.950326128178261, 30.357963681408865, 0.0 ], [ 77.950299419051433, 30.358004180796353, 0.0 ], [ 77.950261868884112, 30.358071754633102, 0.0 ], [ 77.950224190148063, 30.358148390169596, 0.0 ], [ 77.950228439793861, 30.35821641525818, 0.0 ], [ 77.950237979896784, 30.358279964799365, 0.0 ], [ 77.950279001406088, 30.358334789791289, 0.0 ], [ 77.950304151638832, 30.358403039620455, 0.0 ], [ 77.950318786845301, 30.358475707923475, 0.0 ], [ 77.950343938144741, 30.358543958673504, 0.0 ], [ 77.950348585416819, 30.358577344764463, 0.0 ], [ 77.95038542744625, 30.358615572221751, 0.0 ], [ 77.950483433083093, 30.358691825805998, 0.0 ], [ 77.950532203539566, 30.358746062449086, 0.0 ], [ 77.950617361754453, 30.358854404371808, 0.0 ], [ 77.950677748342798, 30.358962478070865, 0.0 ], [ 77.950688747973246, 30.359059277922022, 0.0 ], [ 77.950700055825152, 30.359134595494023, 0.0 ], [ 77.950698670582383, 30.359231261277667, 0.0 ], [ 77.950689082131461, 30.359330326344573, 0.0 ], [ 77.950764827480924, 30.359416981482394, 0.0 ], [ 77.950750748120399, 30.359534994556284, 0.0 ], [ 77.950697357480934, 30.359802976874576, 0.0 ], [ 77.950621659038404, 30.359898841722281, 0.0 ], [ 77.950570885107112, 30.359984232662377, 0.0 ], [ 77.95044502876479, 30.360122525551429, 0.0 ], [ 77.950417981643184, 30.360128779974097, 0.0 ], [ 77.950272304115003, 30.360265684591695, 0.0 ], [ 77.950137727937431, 30.360436110515113, 0.0 ], [ 77.950076686653674, 30.360464135356938, 0.0 ], [ 77.950067918492977, 30.360505182601564, 0.0 ], [ 77.949967909694223, 30.360568557977356, 0.0 ], [ 77.949855053608147, 30.360664021608933, 0.0 ], [ 77.949742504690235, 30.360738003746327, 0.0 ], [ 77.949666958277191, 30.360823126775397, 0.0 ], [ 77.949578718136408, 30.360929597817602, 0.0 ], [ 77.949577331576023, 30.361026264390571, 0.0 ], [ 77.949563096659929, 30.361155018336831, 0.0 ], [ 77.949561556355434, 30.36126242514268, 0.0 ], [ 77.949567934459878, 30.361301614962159, 0.0 ], [ 77.949596130202949, 30.36134694513111, 0.0 ], [ 77.949769268553098, 30.361558885106636, 0.0 ], [ 77.949920388892707, 30.361770586574991, 0.0 ], [ 77.949916829505355, 30.362018815377304, 0.0 ], [ 77.949914911874231, 30.362152475972074, 0.0 ], [ 77.949890702519525, 30.362304995201054, 0.0 ], [ 77.94980016043823, 30.36247589536503, 0.0 ], [ 77.949819988721686, 30.362628888561453, 0.0 ], [ 77.949950186848454, 30.362763974751065, 0.0 ], [ 77.949965358677147, 30.362785619272085, 0.0 ], [ 77.949983055036981, 30.362796528426909, 0.0 ], [ 77.950055689554858, 30.362833566587181, 0.0 ], [ 77.950126504083315, 30.362997478973867, 0.0 ], [ 77.950156101152999, 30.363120159643934, 0.0 ], [ 77.950123190122483, 30.363228570630344, 0.0 ], [ 77.950074602318125, 30.363336812053902, 0.0 ], [ 77.949972592460398, 30.363526052717752, 0.0 ], [ 77.949893303268212, 30.363588643903586, 0.0 ], [ 77.949782596660242, 30.363655428529327, 0.0 ], [ 77.949645828191166, 30.363717400171989, 0.0 ], [ 77.949540281346827, 30.363788771627224, 0.0 ], [ 77.949424024081864, 30.363878155663485, 0.0 ], [ 77.949324897165937, 30.364230575481614, 0.0 ], [ 77.9493482276783, 30.364425698781176, 0.0 ], [ 77.949347709585709, 30.364461789493195, 0.0 ], [ 77.949352755368523, 30.364495395020356, 0.0 ], [ 77.949416348940986, 30.364667958492401, 0.0 ], [ 77.949479119863312, 30.364897804614092, 0.0 ], [ 77.949587026807308, 30.365051747982189, 0.0 ], [ 77.949717228544969, 30.365186834583206, 0.0 ], [ 77.949869449186309, 30.365322157638811, 0.0 ], [ 77.950022766655337, 30.365381103615, 0.0 ], [ 77.950404758306362, 30.365477567438063, 0.0 ], [ 77.950394724667902, 30.365431068106123, 0.0 ], [ 77.950358182297535, 30.365387704702677, 0.0 ], [ 77.950271941456222, 30.36535454755294, 0.0 ], [ 77.950198086339796, 30.365321524517256, 0.0 ], [ 77.95011199930984, 30.365277627033208, 0.0 ], [ 77.950013680412198, 30.365222855079303, 0.0 ], [ 77.949927902018118, 30.365157477039787, 0.0 ], [ 77.949805273256317, 30.365070215859017, 0.0 ], [ 77.949756653114974, 30.365005237643409, 0.0 ], [ 77.949754751740542, 30.365001834995645, 0.0 ], [ 77.949741987061628, 30.364996127041447, 0.0 ], [ 77.949611237666588, 30.364899229844248, 0.0 ], [ 77.9495253512939, 30.364745524063434, 0.0 ], [ 77.949442751451556, 30.364362684733596, 0.0 ], [ 77.949378610067271, 30.364228310641831, 0.0 ], [ 77.949425663059884, 30.364018746503611, 0.0 ], [ 77.94949363934812, 30.36388579769476, 0.0 ], [ 77.949760064202394, 30.363735893022795, 0.0 ], [ 77.949804651377761, 30.363698178620528, 0.0 ], [ 77.949915569912918, 30.363642082334955, 0.0 ], [ 77.950004743971547, 30.363566655193623, 0.0 ], [ 77.950185827418267, 30.363224853681285, 0.0 ], [ 77.950172002847268, 30.363191635616808, 0.0 ], [ 77.950190047357339, 30.363146570264025, 0.0 ], [ 77.950181450849115, 30.36309813769638, 0.0 ], [ 77.950145563786108, 30.363009126044908, 0.0 ], [ 77.950137545398022, 30.362920416267873, 0.0 ], [ 77.950120468555767, 30.362815493714294, 0.0 ], [ 77.950103275643613, 30.362718628573941, 0.0 ], [ 77.950104661861502, 30.36262196198312, 0.0 ], [ 77.950114875495359, 30.362557618514433, 0.0 ], [ 77.95009722058947, 30.362492974069347, 0.0 ], [ 77.950079796715826, 30.362412219275029, 0.0 ], [ 77.950072059654445, 30.362387580448495, 0.0 ], [ 77.950067677029068, 30.362249610979223, 0.0 ], [ 77.950009287347086, 30.361714253543418, 0.0 ], [ 77.949880733193723, 30.361464600203018, 0.0 ], [ 77.949728244251531, 30.361348370842659, 0.0 ], [ 77.949688314351349, 30.361061478668287, 0.0 ], [ 77.94977967650857, 30.360833294833348, 0.0 ], [ 77.949891140252134, 30.360739009854946, 0.0 ], [ 77.950024622296837, 30.360644962155718, 0.0 ], [ 77.950179848846318, 30.360570246818778, 0.0 ], [ 77.950469925832934, 30.360306010001018, 0.0 ], [ 77.950648812712373, 30.360116964902154, 0.0 ], [ 77.950786124486683, 30.35975559302662, 0.0 ], [ 77.95085820105983, 30.359336226448622, 0.0 ], [ 77.950840834424952, 30.359011383091698, 0.0 ], [ 77.950689716779891, 30.358799681890595, 0.0 ], [ 77.950647595699579, 30.358665545724687, 0.0 ], [ 77.950561712241097, 30.358511839860828, 0.0 ], [ 77.950431518329438, 30.358376754533637, 0.0 ], [ 77.95034536177377, 30.358242143725537, 0.0 ], [ 77.950362016698321, 30.358102539941093, 0.0 ], [ 77.950369140374548, 30.35809565434722, 0.0 ], [ 77.950431836304162, 30.358042619117857, 0.0 ], [ 77.950518840985922, 30.358022071852279, 0.0 ], [ 77.950605692026329, 30.358012266579596, 0.0 ], [ 77.950667771460274, 30.358002193984394, 0.0 ], [ 77.95079208596475, 30.357971306696111, 0.0 ], [ 77.950953401130235, 30.357951560737199, 0.0 ], [ 77.951126486975539, 30.357974910514066, 0.0 ], [ 77.951287495131766, 30.357976645552757, 0.0 ], [ 77.951424040742324, 30.357956631904241, 0.0 ], [ 77.951449734198746, 30.35789245569385, 0.0 ], [ 77.951376808049631, 30.35779498856828, 0.0 ], [ 77.951290419741483, 30.357772573649203, 0.0 ], [ 77.951192415315035, 30.357696320706221, 0.0 ], [ 77.951143950910549, 30.357620602874928, 0.0 ], [ 77.951157721303815, 30.357524070167056, 0.0 ], [ 77.951146414237598, 30.357448751730679, 0.0 ], [ 77.951148106895886, 30.357330604497172, 0.0 ], [ 77.951187263620326, 30.357191377032148, 0.0 ], [ 77.951264190206942, 30.357009586043574, 0.0 ], [ 77.951267268149365, 30.356794772956167, 0.0 ], [ 77.951232112704588, 30.35665474408216, 0.0 ], [ 77.951234575671762, 30.356482893803353, 0.0 ], [ 77.951237653585864, 30.356268079803876, 0.0 ], [ 77.951265193505179, 30.356075015192111, 0.0 ], [ 77.951267809792995, 30.355892423733358, 0.0 ], [ 77.951258502985937, 30.355677477529856, 0.0 ], [ 77.9512491951659, 30.355462530396963, 0.0 ], [ 77.951214965028342, 30.355258057358107, 0.0 ], [ 77.951167733583006, 30.355096414001274, 0.0 ], [ 77.951009193266927, 30.354922827949963, 0.0 ], [ 77.950900501013862, 30.354728294638637, 0.0 ], [ 77.950816269787865, 30.354555508885287, 0.0 ], [ 77.9506690374388, 30.354457241857084, 0.0 ], [ 77.950653593248958, 30.354451302852951, 0.0 ], [ 77.950587909686462, 30.354356104743555, 0.0 ], [ 77.950502755970831, 30.354247763931678, 0.0 ], [ 77.950344371704688, 30.354063436070614, 0.0 ], [ 77.950147755102037, 30.353953892899192, 0.0 ], [ 77.9499144481005, 30.353811726449734, 0.0 ], [ 77.949620604452861, 30.353572225012119, 0.0 ], [ 77.949411760203859, 30.35345180650291, 0.0 ], [ 77.94918868103521, 30.353460141721914, 0.0 ], [ 77.949015296401001, 30.353458270423687, 0.0 ], [ 77.948878602169785, 30.353489021274175, 0.0 ], [ 77.948766523519865, 30.353530780646224, 0.0 ], [ 77.948604905959726, 30.353572005712163, 0.0 ], [ 77.948480751458121, 30.35359215015108, 0.0 ], [ 77.948257826861649, 30.353589742636359, 0.0 ], [ 77.948121594669715, 30.353588271077928, 0.0 ], [ 77.947911517832452, 30.35355377477638, 0.0 ], [ 77.947812595171996, 30.353541963777534, 0.0 ], [ 77.947603907322943, 30.353410801396045, 0.0 ], [ 77.947493833619021, 30.353312931350466, 0.0 ], [ 77.947284529120665, 30.353224731190046, 0.0 ], [ 77.947198453720702, 30.353180831625796, 0.0 ], [ 77.947001997697868, 30.353060542956548, 0.0 ], [ 77.946854153963912, 30.353005232875145, 0.0 ], [ 77.946669157112652, 30.352949521235221, 0.0 ], [ 77.946607233578874, 30.352948851875986, 0.0 ], [ 77.946508620722426, 30.352915558615837, 0.0 ], [ 77.946311084153891, 30.352870453157092, 0.0 ], [ 77.94606401048766, 30.352824812294447, 0.0 ], [ 77.945880558911242, 30.352661692995046, 0.0 ], [ 77.945758257842854, 30.352552946965531, 0.0 ], [ 77.945709801090558, 30.352477225746192, 0.0 ], [ 77.945611961371924, 30.352390229022856, 0.0 ], [ 77.945515047244882, 30.352238787361777, 0.0 ], [ 77.945516902166702, 30.352109899508942, 0.0 ], [ 77.945481448051055, 30.351991350106204, 0.0 ], [ 77.945457914721899, 30.351905156723639, 0.0 ], [ 77.945386080338579, 30.351732501842314, 0.0 ], [ 77.945288858981925, 30.351602541399551, 0.0 ], [ 77.945179872372933, 30.351429485568552, 0.0 ], [ 77.945119650115174, 30.35131066703061, 0.0 ], [ 77.945095809033802, 30.351245954936616, 0.0 ], [ 77.945047507423624, 30.351159494224959, 0.0 ], [ 77.944986822079855, 30.351072898962354, 0.0 ], [ 77.94490183158095, 30.350953812148965, 0.0 ], [ 77.94477582196842, 30.350902063106759, 0.0 ], [ 77.944266351147604, 30.350356103643076, 0.0 ], [ 77.944133372197712, 30.350129074211999, 0.0 ], [ 77.943951165475113, 30.349880026624469, 0.0 ], [ 77.943756576023631, 30.349630844195644, 0.0 ], [ 77.943305324723127, 30.349142549888612, 0.0 ], [ 77.943061665994549, 30.3488606072615, 0.0 ], [ 77.942938754405915, 30.348794821646145, 0.0 ], [ 77.942657338140592, 30.348685056200079, 0.0 ], [ 77.942655468467564, 30.348684327086065, 0.0 ], [ 77.942421564895753, 30.348585109443874, 0.0 ], [ 77.942138590032485, 30.348453132577639, 0.0 ], [ 77.941843386935133, 30.348310280145178, 0.0 ], [ 77.941463665223282, 30.348016116120395, 0.0 ], [ 77.940667697841775, 30.347384420645, 0.0 ], [ 77.940176374017568, 30.347099783616208, 0.0 ], [ 77.939918329937157, 30.346957330395345, 0.0 ], [ 77.939770119210792, 30.346922279829784, 0.0 ], [ 77.939752825564639, 30.346621900573115, 0.0 ], [ 77.939733568164698, 30.346430716829168, 0.0 ], [ 77.939715689219796, 30.346144058846928, 0.0 ], [ 77.93969698283118, 30.345914685932755, 0.0 ], [ 77.939634245543459, 30.345684833373191, 0.0 ], [ 77.939704153036587, 30.345418227873559, 0.0 ], [ 77.939684894743849, 30.345227043189475, 0.0 ], [ 77.93966674037641, 30.344959480214943, 0.0 ], [ 77.939647483204737, 30.344768295549244, 0.0 ], [ 77.939608693521095, 30.344405021245983, 0.0 ], [ 77.939547059954222, 30.34409879036453, 0.0 ], [ 77.939484049358541, 30.343888032841008, 0.0 ], [ 77.93937811082877, 30.343600419101605, 0.0 ], [ 77.939357751291695, 30.343485612726088, 0.0 ], [ 77.939185494792767, 30.343216374423324, 0.0 ], [ 77.939057818925022, 30.342909425629387, 0.0 ], [ 77.939016548684464, 30.342718001963224, 0.0 ], [ 77.938975002011773, 30.342545672395541, 0.0 ], [ 77.938911716794266, 30.342354008810005, 0.0 ], [ 77.938870171443469, 30.342181679248185, 0.0 ], [ 77.938786251323364, 30.341894303316689, 0.0 ], [ 77.938788734437168, 30.341722452627543, 0.0 ], [ 77.938748017201007, 30.341492838881216, 0.0 ], [ 77.938729314049709, 30.341263465027261, 0.0 ], [ 77.938732901432374, 30.34101523605797, 0.0 ], [ 77.938727617493839, 30.340908630147915, 0.0 ] ], [ [ 77.929230704017854, 30.337061044178085, 0.0 ], [ 77.929281055314505, 30.337090963580952, 0.0 ], [ 77.929413049056663, 30.337327355158376, 0.0 ], [ 77.929342353322596, 30.337532159696149, 0.0 ], [ 77.928729588831885, 30.337760399112138, 0.0 ], [ 77.928084249998051, 30.33790017377687, 0.0 ], [ 77.927474472718714, 30.337922861785319, 0.0 ], [ 77.926998395259929, 30.338064485920849, 0.0 ], [ 77.926521033284118, 30.33829419853156, 0.0 ], [ 77.926176083949599, 30.33873094110611, 0.0 ], [ 77.926034678431279, 30.339140547317637, 0.0 ], [ 77.925894555584705, 30.339462062122905, 0.0 ], [ 77.925313053980332, 30.339866838059319, 0.0 ], [ 77.924805253297222, 30.339861264355775, 0.0 ], [ 77.924331734035817, 30.339826697541387, 0.0 ], [ 77.924097332788079, 30.339647913176652, 0.0 ], [ 77.92430473833042, 30.339356506784657, 0.0 ], [ 77.924818106957403, 30.338980355522253, 0.0 ], [ 77.925060219362379, 30.338630592978436, 0.0 ], [ 77.925438597810057, 30.338223588103833, 0.0 ], [ 77.925782692985877, 30.337845575311476, 0.0 ], [ 77.926191493420532, 30.337673849714889, 0.0 ], [ 77.926872825547875, 30.33738763703813, 0.0 ], [ 77.927552014376786, 30.337248239592544, 0.0 ], [ 77.92833318723315, 30.33708058669227, 0.0 ], [ 77.929112220636625, 30.337059747289977, 0.0 ], [ 77.929230704017854, 30.337061044178085, 0.0 ] ] ] ] } },
{ "type": "Feature", "properties": { "OBJECTID": 632866.0, "GEOMORPHOL": "FluOri - Piedmont Alluvial Plain" }, "geometry": { "type": "MultiPolygon", "coordinates": [ [ [ [ 77.954517062108465, 30.427518208191632, 0.0 ], [ 77.95431471821118, 30.427529511386101, 0.0 ], [ 77.95355275237462, 30.427521322301402, 0.0 ], [ 77.953374483182941, 30.427299267275568, 0.0 ], [ 77.952977160693194, 30.427169201577446, 0.0 ], [ 77.952690492594783, 30.426914531760833, 0.0 ], [ 77.952332160072459, 30.426596194196168, 0.0 ], [ 77.951935742768669, 30.426403238733627, 0.0 ], [ 77.951649980584804, 30.42608567918537, 0.0 ], [ 77.951549372848788, 30.425781369814246, 0.0 ], [ 77.951378156563649, 30.425779525894118, 0.0 ], [ 77.951092545450749, 30.425719159813362, 0.0 ], [ 77.950895068483618, 30.425659740714831, 0.0 ], [ 77.950675283632947, 30.425619179852962, 0.0 ], [ 77.950522695241958, 30.425502952625919, 0.0 ], [ 77.950349168917626, 30.425310112277696, 0.0 ], [ 77.950285261499332, 30.425156647160993, 0.0 ], [ 77.950265694269802, 30.424984561883853, 0.0 ], [ 77.950113107302215, 30.424868335168757, 0.0 ], [ 77.949893872756221, 30.424789584025106, 0.0 ], [ 77.949783708019694, 30.424788396532691, 0.0 ], [ 77.949630846829677, 30.424691263381835, 0.0 ], [ 77.9494782611375, 30.424575035099902, 0.0 ], [ 77.949436114233052, 30.424440901323372, 0.0 ], [ 77.949307754113633, 30.424172157670352, 0.0 ], [ 77.949265881748502, 30.424018928865596, 0.0 ], [ 77.949092087281059, 30.423845181267598, 0.0 ], [ 77.948873404397972, 30.423728239531126, 0.0 ], [ 77.948742853718983, 30.423612249079216, 0.0 ], [ 77.948547027267935, 30.423438262266703, 0.0 ], [ 77.948394993405273, 30.423283844754327, 0.0 ], [ 77.948154554450227, 30.423147570146906, 0.0 ], [ 77.947870051162269, 30.423010819538291, 0.0 ], [ 77.947475660805367, 30.422853784995766, 0.0 ], [ 77.947236322355153, 30.422641132582932, 0.0 ], [ 77.947150388967728, 30.422487427519144, 0.0 ], [ 77.947109068554852, 30.422296010113484, 0.0 ], [ 77.947089508111006, 30.42212392473758, 0.0 ], [ 77.946938301225245, 30.421912222680451, 0.0 ], [ 77.94676533837027, 30.421681189382713, 0.0 ], [ 77.946591276790727, 30.421526532112701, 0.0 ], [ 77.946395184710369, 30.421371635741416, 0.0 ], [ 77.946110962862889, 30.421215786800374, 0.0 ], [ 77.945848775003469, 30.421060176340657, 0.0 ], [ 77.945520217195835, 30.420922944960886, 0.0 ], [ 77.945214790834839, 30.420709573050523, 0.0 ], [ 77.944931398734568, 30.420496439698045, 0.0 ], [ 77.944691246672946, 30.420341064509685, 0.0 ], [ 77.944496259022657, 30.420109789478026, 0.0 ], [ 77.944301547302402, 30.419859420182952, 0.0 ], [ 77.944258310008479, 30.419801660501026, 0.0 ], [ 77.94417265760633, 30.419628858952223, 0.0 ], [ 77.943955366838367, 30.419416438942463, 0.0 ], [ 77.943803070252358, 30.419281110004629, 0.0 ], [ 77.943606160618245, 30.419183492930649, 0.0 ], [ 77.943453864885427, 30.419048163638077, 0.0 ], [ 77.943301845819377, 30.418893740203504, 0.0 ], [ 77.943127519482374, 30.418758172071229, 0.0 ], [ 77.942996705960041, 30.418661269786011, 0.0 ], [ 77.942911057715989, 30.418488467625963, 0.0 ], [ 77.942825134464272, 30.418334759435165, 0.0 ], [ 77.942880089734032, 30.418146699310448, 0.0 ], [ 77.942825099379803, 30.418081473030782, 0.0 ], [ 77.94251367464696, 30.417965032480513, 0.0 ], [ 77.942387148850543, 30.417692300509284, 0.0 ], [ 77.94233693107563, 30.417556076587008, 0.0 ], [ 77.942107034107764, 30.417214384043682, 0.0 ], [ 77.942081924963134, 30.417146272485866, 0.0 ], [ 77.942018242127688, 30.417068352585822, 0.0 ], [ 77.94187681278656, 30.416895301820993, 0.0 ], [ 77.941773114404143, 30.416848950846379, 0.0 ], [ 77.941643981463187, 30.416757097905126, 0.0 ], [ 77.9413599548907, 30.416550497646892, 0.0 ], [ 77.941266948085058, 30.416517078606201, 0.0 ], [ 77.941230169734297, 30.416503862861614, 0.0 ], [ 77.941153539619506, 30.416389965768346, 0.0 ], [ 77.941051801503178, 30.416207955138667, 0.0 ], [ 77.940898215232281, 30.416002768648202, 0.0 ], [ 77.940821585889054, 30.41588887050413, 0.0 ], [ 77.940680953729796, 30.415819146163074, 0.0 ], [ 77.94058843135133, 30.415773273734906, 0.0 ], [ 77.940407126587147, 30.41568085350859, 0.0 ], [ 77.939938535166903, 30.415607927011127, 0.0 ], [ 77.939704402404487, 30.41556015873859, 0.0 ], [ 77.939600053833274, 30.415559026482434, 0.0 ], [ 77.939367555560551, 30.415398207417702, 0.0 ], [ 77.939143601009476, 30.415305655060813, 0.0 ], [ 77.951447893886225, 30.431374156916483, 0.0 ], [ 77.951510962132232, 30.431353079898219, 0.0 ], [ 77.951810317038522, 30.431356302246119, 0.0 ], [ 77.952138912985589, 30.431218320972246, 0.0 ], [ 77.952361018958314, 30.430914090524478, 0.0 ], [ 77.952339549083987, 30.430512894557186, 0.0 ], [ 77.952507562445888, 30.43018449545221, 0.0 ], [ 77.952568408542049, 30.42973701216232, 0.0 ], [ 77.952575165189728, 30.429265360726813, 0.0 ], [ 77.952795912786726, 30.429055459350444, 0.0 ], [ 77.952961220967296, 30.428915720897102, 0.0 ], [ 77.953073113430861, 30.428704648244679, 0.0 ], [ 77.953404063417025, 30.428401585813084, 0.0 ], [ 77.953843864207215, 30.428099693194802, 0.0 ], [ 77.954309862834549, 30.427868839529197, 0.0 ], [ 77.954487744518602, 30.427857915634785, 0.0 ], [ 77.95454511437822, 30.42776149088953, 0.0 ], [ 77.9545470256991, 30.427627831719487, 0.0 ], [ 77.954517062108465, 30.427518208191632, 0.0 ] ] ] ] } },
{ "type": "Feature", "properties": { "OBJECTID": 633779.0, "GEOMORPHOL": "FluOri - Active Flood plain" }, "geometry": { "type": "MultiPolygon", "coordinates": [ [ [ [ 77.961136398793997, 30.425490075615439, 0.0 ], [ 77.961103050902167, 30.425456744384952, 0.0 ], [ 77.960953368743944, 30.425304753519104, 0.0 ], [ 77.960803150297636, 30.425190353327739, 0.0 ], [ 77.96058759867131, 30.425094053279715, 0.0 ], [ 77.960307782745147, 30.424940667722659, 0.0 ], [ 77.960157030682851, 30.42486385952126, 0.0 ], [ 77.959963169307102, 30.424767789863697, 0.0 ], [ 77.959423623329158, 30.424574025068466, 0.0 ], [ 77.959165232420759, 30.424439666400009, 0.0 ], [ 77.958623009402984, 30.42443385878251, 0.0 ], [ 77.958361669546647, 30.424506254655896, 0.0 ], [ 77.958209579136252, 30.424523423543363, 0.0 ], [ 77.957926013231443, 30.424633178504838, 0.0 ], [ 77.957750891607574, 30.424744094265236, 0.0 ], [ 77.957576306529546, 30.424817419015064, 0.0 ], [ 77.957422068469356, 30.424984955340676, 0.0 ], [ 77.957245335353207, 30.425208647072214, 0.0 ], [ 77.957090828539819, 30.425394978756518, 0.0 ], [ 77.957002461314815, 30.425506824378438, 0.0 ], [ 77.956742459875855, 30.425485236742492, 0.0 ], [ 77.956569483930295, 30.425445783324715, 0.0 ], [ 77.956462649631646, 30.425331844168472, 0.0 ], [ 77.956312436864522, 30.425217439152345, 0.0 ], [ 77.955815468154881, 30.425080513799333, 0.0 ], [ 77.955491744322956, 30.424964244936085, 0.0 ], [ 77.955254509443222, 30.424867702505857, 0.0 ], [ 77.954865181865657, 30.424788326342792, 0.0 ], [ 77.95449673757085, 30.424765568695648, 0.0 ], [ 77.954462417009083, 30.424813776224816, 0.0 ], [ 77.954301296063434, 30.424779725098098, 0.0 ], [ 77.953816023081899, 30.424812704142926, 0.0 ], [ 77.953373995884661, 30.424903437629073, 0.0 ], [ 77.953065260002376, 30.42491921477222, 0.0 ], [ 77.952697596912628, 30.424899316279856, 0.0 ], [ 77.952690970951693, 30.424896091827328, 0.0 ], [ 77.952516074451026, 30.424798724861549, 0.0 ], [ 77.952362937724089, 30.424720688894084, 0.0 ], [ 77.952254961478005, 30.424566750398711, 0.0 ], [ 77.952212263521986, 30.424470805535368, 0.0 ], [ 77.952059948420654, 30.424335485953961, 0.0 ], [ 77.95190790734901, 30.424181072989235, 0.0 ], [ 77.951733833969755, 30.424026421810527, 0.0 ], [ 77.951559213713722, 30.423909959590837, 0.0 ], [ 77.951384319110915, 30.423812591264902, 0.0 ], [ 77.951320138087397, 30.423678220731357, 0.0 ], [ 77.951169194284432, 30.423447429644405, 0.0 ], [ 77.950952152278902, 30.423215926557393, 0.0 ], [ 77.95060401245189, 30.422906622747984, 0.0 ], [ 77.950430217271787, 30.422732875981232, 0.0 ], [ 77.9502993919087, 30.422635981151206, 0.0 ], [ 77.95008153184672, 30.422461759180667, 0.0 ], [ 77.949863125610776, 30.422325725131575, 0.0 ], [ 77.949469830452827, 30.42209232017559, 0.0 ], [ 77.949033569332443, 30.421782060798289, 0.0 ], [ 77.948946812170888, 30.421685639969368, 0.0 ], [ 77.948772746872365, 30.42153098537899, 0.0 ], [ 77.948576651005268, 30.421376092956812, 0.0 ], [ 77.948270394134994, 30.42122001175596, 0.0 ], [ 77.948161605142786, 30.421123350946292, 0.0 ], [ 77.947965784384692, 30.420949363612152, 0.0 ], [ 77.947835787025227, 30.420795183474073, 0.0 ], [ 77.947705515681207, 30.42066009730862, 0.0 ], [ 77.947575244691748, 30.420525011035075, 0.0 ], [ 77.947510246524985, 30.420447921270636, 0.0 ], [ 77.947403929046615, 30.420179413259433, 0.0 ], [ 77.947406948880058, 30.419969376660831, 0.0 ], [ 77.947409968631618, 30.419759340956624, 0.0 ], [ 77.947282443629064, 30.419433312838077, 0.0 ], [ 77.947241674700734, 30.419203706466472, 0.0 ], [ 77.947133437762659, 30.41906885774868, 0.0 ], [ 77.947046958217356, 30.418953340913472, 0.0 ], [ 77.947005091991144, 30.418800111693937, 0.0 ], [ 77.946918338316493, 30.418703688866881, 0.0 ], [ 77.946875922320885, 30.418588647738702, 0.0 ], [ 77.946723349052476, 30.418472417006729, 0.0 ], [ 77.946572698102713, 30.418222525850517, 0.0 ], [ 77.946487319224872, 30.418030632487007, 0.0 ], [ 77.946270849120907, 30.417760933077091, 0.0 ], [ 77.946206129362281, 30.417664747889365, 0.0 ], [ 77.945965981633464, 30.417509374426825, 0.0 ], [ 77.945813960479938, 30.417354954686008, 0.0 ], [ 77.945749240383549, 30.417258769290715, 0.0 ], [ 77.945575188861099, 30.417104109440011, 0.0 ], [ 77.945399762999529, 30.417044921429429, 0.0 ], [ 77.945230768714126, 30.416831835475659, 0.0 ], [ 77.945218964461702, 30.41672796951849, 0.0 ], [ 77.945117218202725, 30.416545961532385, 0.0 ], [ 77.944910471090765, 30.416408044974833, 0.0 ], [ 77.944781010292246, 30.416338804762603, 0.0 ], [ 77.944625462268363, 30.416269281678158, 0.0 ], [ 77.94447056600454, 30.41615453888538, 0.0 ], [ 77.944341431146711, 30.416062688498972, 0.0 ], [ 77.944211644926014, 30.416016056627807, 0.0 ], [ 77.944055772498515, 30.415969143598169, 0.0 ], [ 77.943899900263389, 30.415922229490814, 0.0 ], [ 77.943744352584389, 30.41585270451295, 0.0 ], [ 77.943641307172712, 30.415761135548362, 0.0 ], [ 77.943434562870593, 30.415623216864955, 0.0 ], [ 77.943226842592111, 30.415553128072318, 0.0 ], [ 77.94302010041433, 30.415415207920486, 0.0 ], [ 77.942760857893987, 30.41529933279277, 0.0 ], [ 77.942501942734992, 30.415160847465565, 0.0 ], [ 77.942243679795155, 30.414977142183645, 0.0 ], [ 77.942141288269056, 30.41484035179414, 0.0 ], [ 77.942064332436502, 30.414749064068673, 0.0 ], [ 77.941909114858504, 30.414656928291354, 0.0 ], [ 77.941832158343928, 30.414565640426709, 0.0 ], [ 77.941598354740691, 30.414495265972356, 0.0 ], [ 77.94141639729061, 30.414448065743475, 0.0 ], [ 77.941310122703698, 30.414412203956424, 0.0 ], [ 77.941208681194908, 30.414377973090104, 0.0 ], [ 77.941001617446531, 30.414262659777162, 0.0 ], [ 77.940768467406016, 30.414147063579392, 0.0 ], [ 77.940560751447535, 30.41407696994121, 0.0 ], [ 77.940457383805096, 30.414008008458108, 0.0 ], [ 77.940354342478244, 30.413916436288439, 0.0 ], [ 77.940173694667664, 30.413778795666872, 0.0 ], [ 77.940070981086123, 30.413664613620565, 0.0 ], [ 77.939994027080544, 30.413573324828484, 0.0 ], [ 77.939943160829074, 30.413482319670763, 0.0 ], [ 77.939763494242484, 30.413276848576668, 0.0 ], [ 77.939530020757502, 30.413183860084295, 0.0 ], [ 77.939269807483456, 30.413135807701867, 0.0 ], [ 77.939010248433732, 30.413042534558258, 0.0 ], [ 77.938723622966549, 30.413016806989649, 0.0 ], [ 77.938489170532378, 30.412991646662938, 0.0 ], [ 77.938177438904759, 30.412897804953513, 0.0 ], [ 77.938047660237743, 30.412851167409819, 0.0 ], [ 77.937864072362615, 30.412917012645039, 0.0 ], [ 77.93781091739028, 30.412984274396319, 0.0 ], [ 77.937758090070602, 30.413028927377631, 0.0 ], [ 77.937651125192673, 30.413208671855688, 0.0 ], [ 77.937555188298518, 30.41323130484415, 0.0 ], [ 77.939143601009476, 30.415305655060813, 0.0 ], [ 77.939367555560551, 30.415398207417702, 0.0 ], [ 77.939600053833274, 30.415559026482434, 0.0 ], [ 77.939704402404487, 30.41556015873859, 0.0 ], [ 77.939938535166903, 30.415607927011127, 0.0 ], [ 77.940407126587147, 30.41568085350859, 0.0 ], [ 77.94058843135133, 30.415773273734906, 0.0 ], [ 77.940680953729796, 30.415819146163074, 0.0 ], [ 77.940821585889054, 30.41588887050413, 0.0 ], [ 77.940898215232281, 30.416002768648202, 0.0 ], [ 77.941051801503178, 30.416207955138667, 0.0 ], [ 77.941153539619506, 30.416389965768346, 0.0 ], [ 77.941230169734297, 30.416503862861614, 0.0 ], [ 77.941266948085058, 30.416517078606201, 0.0 ], [ 77.9413599548907, 30.416550497646892, 0.0 ], [ 77.941643981463187, 30.416757097905126, 0.0 ], [ 77.941773114404143, 30.416848950846379, 0.0 ], [ 77.94187681278656, 30.416895301820993, 0.0 ], [ 77.942018242127688, 30.417068352585822, 0.0 ], [ 77.942081924963134, 30.417146272485866, 0.0 ], [ 77.942107034107764, 30.417214384043682, 0.0 ], [ 77.94233693107563, 30.417556076587008, 0.0 ], [ 77.942387148850543, 30.417692300509284, 0.0 ], [ 77.94251367464696, 30.417965032480513, 0.0 ], [ 77.942825099379803, 30.418081473030782, 0.0 ], [ 77.942880089734032, 30.418146699310448, 0.0 ], [ 77.942825134464272, 30.418334759435165, 0.0 ], [ 77.942911057715989, 30.418488467625963, 0.0 ], [ 77.942996705960041, 30.418661269786011, 0.0 ], [ 77.943127519482374, 30.418758172071229, 0.0 ], [ 77.943301845819377, 30.418893740203504, 0.0 ], [ 77.943453864885427, 30.419048163638077, 0.0 ], [ 77.943606160618245, 30.419183492930649, 0.0 ], [ 77.943803070252358, 30.419281110004629, 0.0 ], [ 77.943955366838367, 30.419416438942463, 0.0 ], [ 77.94417265760633, 30.419628858952223, 0.0 ], [ 77.944258310008479, 30.419801660501026, 0.0 ], [ 77.944301547302402, 30.419859420182952, 0.0 ], [ 77.944496259022657, 30.420109789478026, 0.0 ], [ 77.944691246672946, 30.420341064509685, 0.0 ], [ 77.944931398734568, 30.420496439698045, 0.0 ], [ 77.945214790834839, 30.420709573050523, 0.0 ], [ 77.945520217195835, 30.420922944960886, 0.0 ], [ 77.945848775003469, 30.421060176340657, 0.0 ], [ 77.946110962862889, 30.421215786800374, 0.0 ], [ 77.946395184710369, 30.421371635741416, 0.0 ], [ 77.946591276790727, 30.421526532112701, 0.0 ], [ 77.94676533837027, 30.421681189382713, 0.0 ], [ 77.946938301225245, 30.421912222680451, 0.0 ], [ 77.947089508111006, 30.42212392473758, 0.0 ], [ 77.947109068554852, 30.422296010113484, 0.0 ], [ 77.947150388967728, 30.422487427519144, 0.0 ], [ 77.947236322355153, 30.422641132582932, 0.0 ], [ 77.947475660805367, 30.422853784995766, 0.0 ], [ 77.947870051162269, 30.423010819538291, 0.0 ], [ 77.948154554450227, 30.423147570146906, 0.0 ], [ 77.948394993405273, 30.423283844754327, 0.0 ], [ 77.948547027267935, 30.423438262266703, 0.0 ], [ 77.948742853718983, 30.423612249079216, 0.0 ], [ 77.948873404397972, 30.423728239531126, 0.0 ], [ 77.949092087281059, 30.423845181267598, 0.0 ], [ 77.949265881748502, 30.424018928865596, 0.0 ], [ 77.949307754113633, 30.424172157670352, 0.0 ], [ 77.949436114233052, 30.424440901323372, 0.0 ], [ 77.9494782611375, 30.424575035099902, 0.0 ], [ 77.949630846829677, 30.424691263381835, 0.0 ], [ 77.949783708019694, 30.424788396532691, 0.0 ], [ 77.949893872756221, 30.424789584025106, 0.0 ], [ 77.950113107302215, 30.424868335168757, 0.0 ], [ 77.950265694269802, 30.424984561883853, 0.0 ], [ 77.950285261499332, 30.425156647160993, 0.0 ], [ 77.950349168917626, 30.425310112277696, 0.0 ], [ 77.950522695241958, 30.425502952625919, 0.0 ], [ 77.950675283632947, 30.425619179852962, 0.0 ], [ 77.950895068483618, 30.425659740714831, 0.0 ], [ 77.951092545450749, 30.425719159813362, 0.0 ], [ 77.951378156563649, 30.425779525894118, 0.0 ], [ 77.951549372848788, 30.425781369814246, 0.0 ], [ 77.951554422157315, 30.425781423803148, 0.0 ], [ 77.951731508890248, 30.425726039096993, 0.0 ], [ 77.951908595441623, 30.42567065413602, 0.0 ], [ 77.952063648638656, 30.425615031787071, 0.0 ], [ 77.952439034391276, 30.425561779259617, 0.0 ], [ 77.952482463340331, 30.425539828451868, 0.0 ], [ 77.952704252958469, 30.425507341419248, 0.0 ], [ 77.9529254049733, 30.425452429051795, 0.0 ], [ 77.953057877327453, 30.425434756760431, 0.0 ], [ 77.95318925599318, 30.425493460926848, 0.0 ], [ 77.953430527366109, 30.425572443685937, 0.0 ], [ 77.953539053217085, 30.425688193080184, 0.0 ], [ 77.95384205239057, 30.426073392290135, 0.0 ], [ 77.953905692725172, 30.426245950220657, 0.0 ], [ 77.953946754369468, 30.426456458743093, 0.0 ], [ 77.953943201614578, 30.426704682790188, 0.0 ], [ 77.953764474040241, 30.426874636286087, 0.0 ], [ 77.953719313738972, 30.42695053825604, 0.0 ], [ 77.953718767057339, 30.42698872656198, 0.0 ], [ 77.953826474721183, 30.427161758286839, 0.0 ], [ 77.95411209112585, 30.427222119639467, 0.0 ], [ 77.954310666508121, 30.427205156649521, 0.0 ], [ 77.954398527606784, 30.427225197000411, 0.0 ], [ 77.954485295927483, 30.427321614851003, 0.0 ], [ 77.954505144998237, 30.427474604936403, 0.0 ], [ 77.954517062108465, 30.427518208191632, 0.0 ], [ 77.9545470256991, 30.427627831719487, 0.0 ], [ 77.95454511437822, 30.42776149088953, 0.0 ], [ 77.954487744518602, 30.427857915634785, 0.0 ], [ 77.954309862834549, 30.427868839529197, 0.0 ], [ 77.953843864207215, 30.428099693194802, 0.0 ], [ 77.953404063417025, 30.428401585813084, 0.0 ], [ 77.953073113430861, 30.428704648244679, 0.0 ], [ 77.952961220967296, 30.428915720897102, 0.0 ], [ 77.952795912786726, 30.429055459350444, 0.0 ], [ 77.952575165189728, 30.429265360726813, 0.0 ], [ 77.952568408542049, 30.42973701216232, 0.0 ], [ 77.952507562445888, 30.43018449545221, 0.0 ], [ 77.952339549083987, 30.430512894557186, 0.0 ], [ 77.952361018958314, 30.430914090524478, 0.0 ], [ 77.952138912985589, 30.431218320972246, 0.0 ], [ 77.951810317038522, 30.431356302246119, 0.0 ], [ 77.951510962132232, 30.431353079898219, 0.0 ], [ 77.951447893886225, 30.431374156916483, 0.0 ], [ 77.952803726638436, 30.433144774806834, 0.0 ], [ 77.9528191185357, 30.433136120212993, 0.0 ], [ 77.952984770397975, 30.432972798765249, 0.0 ], [ 77.95323172699554, 30.432833937245277, 0.0 ], [ 77.953369825987963, 30.432693904676004, 0.0 ], [ 77.953495740077599, 30.432440924774355, 0.0 ], [ 77.9535099496036, 30.432412377330213, 0.0 ], [ 77.95352024163688, 30.432386688080463, 0.0 ], [ 77.953622858027103, 30.432130556734108, 0.0 ], [ 77.953720066680233, 30.431944341738419, 0.0 ], [ 77.953818758877048, 30.431755283733345, 0.0 ], [ 77.953831200344723, 30.431698325958315, 0.0 ], [ 77.953906139645355, 30.431355257730001, 0.0 ], [ 77.953913564685223, 30.430836441587065, 0.0 ], [ 77.953945842147263, 30.430482995640155, 0.0 ], [ 77.954032883821583, 30.430106551981954, 0.0 ], [ 77.954118573793764, 30.42982443857785, 0.0 ], [ 77.95434404439257, 30.429284378009939, 0.0 ], [ 77.954430408306735, 30.428955099968928, 0.0 ], [ 77.954487534099087, 30.428767023792961, 0.0 ], [ 77.954625287282624, 30.42865057280855, 0.0 ], [ 77.954818816973287, 30.428440375758651, 0.0 ], [ 77.955037198139422, 30.4283955484741, 0.0 ], [ 77.955313039507573, 30.428139062385998, 0.0 ], [ 77.95545247789552, 30.427904697271572, 0.0 ], [ 77.955647014887987, 30.427623751732028, 0.0 ], [ 77.955705148947601, 30.427364927777138, 0.0 ], [ 77.955735395643316, 30.42715297654706, 0.0 ], [ 77.955767327671808, 30.426823112102145, 0.0 ], [ 77.955797911462781, 30.426587578191548, 0.0 ], [ 77.955936333798945, 30.426423960182895, 0.0 ], [ 77.955993118404052, 30.426259466548004, 0.0 ], [ 77.955994803548876, 30.426141553322154, 0.0 ], [ 77.956080485554281, 30.425859437909789, 0.0 ], [ 77.956083181708863, 30.425670777629325, 0.0 ], [ 77.956085293803454, 30.425522945241749, 0.0 ], [ 77.956134358040927, 30.42553510909887, 0.0 ], [ 77.95626341856098, 30.425611689808111, 0.0 ], [ 77.956522615056087, 30.425689666758252, 0.0 ], [ 77.956738701693382, 30.425748381748988, 0.0 ], [ 77.956825189966551, 30.425768107942201, 0.0 ], [ 77.957020392823623, 30.42577020131532, 0.0 ], [ 77.957216937512158, 30.42567831529173, 0.0 ], [ 77.9574793542604, 30.42553073778809, 0.0 ], [ 77.957742575649434, 30.425326771323128, 0.0 ], [ 77.958027216367896, 30.425141833577744, 0.0 ], [ 77.958289898875734, 30.424975458416895, 0.0 ], [ 77.958574537613472, 30.42479051842664, 0.0 ], [ 77.958836145325321, 30.424699326302211, 0.0 ], [ 77.95903215096024, 30.424645028982148, 0.0 ], [ 77.959357216360971, 30.424667309037105, 0.0 ], [ 77.959594188470987, 30.424782639217888, 0.0 ], [ 77.959810274417194, 30.424841349085789, 0.0 ], [ 77.960176309709055, 30.425033255474791, 0.0 ], [ 77.960348750891981, 30.425110296785988, 0.0 ], [ 77.960607413232069, 30.425225857456709, 0.0 ], [ 77.96082109213161, 30.425453729540401, 0.0 ], [ 77.96097023960003, 30.425643313227994, 0.0 ], [ 77.961097966369195, 30.425813869709465, 0.0 ], [ 77.961225157961394, 30.426022017843483, 0.0 ], [ 77.961287549379378, 30.426210673781643, 0.0 ], [ 77.961436966592203, 30.426381461177691, 0.0 ], [ 77.961674746592507, 30.426440399402924, 0.0 ], [ 77.961677155096936, 30.42627123554276, 0.0 ], [ 77.961657873401492, 30.426101839646517, 0.0 ], [ 77.961487301569719, 30.425893227781579, 0.0 ], [ 77.961274155726343, 30.425627764878808, 0.0 ], [ 77.961136398793997, 30.425490075615439, 0.0 ] ] ] ] } },
{ "type": "Feature", "properties": { "OBJECTID": 632867.0, "GEOMORPHOL": "FluOri - Piedmont Alluvial Plain" }, "geometry": { "type": "MultiPolygon", "coordinates": [ [ [ [ 77.961136398793997, 30.425490075615439, 0.0 ], [ 77.961240706305247, 30.425314731571621, 0.0 ], [ 77.961940769672879, 30.425020686518337, 0.0 ], [ 77.962791758892863, 30.424599024944413, 0.0 ], [ 77.963390581463315, 30.424433117206643, 0.0 ], [ 77.963476292581163, 30.42442290971286, 0.0 ], [ 77.963398561501194, 30.424248293566961, 0.0 ], [ 77.963298950123288, 30.423585818382474, 0.0 ], [ 77.963199339669004, 30.422923344056411, 0.0 ], [ 77.962879022192112, 30.422447485671892, 0.0 ], [ 77.962667718833032, 30.421972792584477, 0.0 ], [ 77.962457761746649, 30.421403624816804, 0.0 ], [ 77.962114064711812, 30.420655864599592, 0.0 ], [ 77.961545801089699, 30.42036632791039, 0.0 ], [ 77.961064342170658, 30.419723389673429, 0.0 ], [ 77.960577842827803, 30.41943472407063, 0.0 ], [ 77.960260913647488, 30.418722676210756, 0.0 ], [ 77.960022715006588, 30.418224067957581, 0.0 ], [ 77.959869303076843, 30.417513770190755, 0.0 ], [ 77.959716903105885, 30.416732616832846, 0.0 ], [ 77.959399989462298, 30.416020566790273, 0.0 ], [ 77.959089140873829, 30.414883387824524, 0.0 ], [ 77.958770217525029, 30.414313045075406, 0.0 ], [ 77.958206042389975, 30.413740074926746, 0.0 ], [ 77.957313861505256, 30.413234450488073, 0.0 ], [ 77.956425738068233, 30.412445400010672, 0.0 ], [ 77.955703151870068, 30.411516389264829, 0.0 ], [ 77.955140024696647, 30.410872549965621, 0.0 ], [ 77.954254980735413, 30.409870919512286, 0.0 ], [ 77.953777675363028, 30.408944533905395, 0.0 ], [ 77.953226747376689, 30.407450426307307, 0.0 ], [ 77.952268128009337, 30.405881062217247, 0.0 ], [ 77.952194503465449, 30.405313343049038, 0.0 ], [ 77.951968560352881, 30.403964457730485, 0.0 ], [ 77.951324773024538, 30.40324886577919, 0.0 ], [ 77.951006947089198, 30.402607648327788, 0.0 ], [ 77.950686076139561, 30.402178995666866, 0.0 ], [ 77.950365207928627, 30.40175034148174, 0.0 ], [ 77.950045359468461, 30.401250831598418, 0.0 ], [ 77.950216971977468, 30.400685753884552, 0.0 ], [ 77.950714526248674, 30.400195053068838, 0.0 ], [ 77.951854824160861, 30.400490799950845, 0.0 ], [ 77.952659034582766, 30.401420713329856, 0.0 ], [ 77.953551086110963, 30.401926371391145, 0.0 ], [ 77.954854894185615, 30.402223849917135, 0.0 ], [ 77.955996239701051, 30.402448704748512, 0.0 ], [ 77.957139613232286, 30.402531839854689, 0.0 ], [ 77.958041806631385, 30.402328915902114, 0.0 ], [ 77.958211353991004, 30.401905537606137, 0.0 ], [ 77.957890454989226, 30.401476902531858, 0.0 ], [ 77.957568547139971, 30.401119121438661, 0.0 ], [ 77.956764292671792, 30.40018923629129, 0.0 ], [ 77.956280937844426, 30.399687987816296, 0.0 ], [ 77.955716861299393, 30.399115003630776, 0.0 ], [ 77.955395981865436, 30.398686361817621, 0.0 ], [ 77.954993366561496, 30.398256841081043, 0.0 ], [ 77.954346553845838, 30.397753828070332, 0.0 ], [ 77.953780472489925, 30.397322546674225, 0.0 ], [ 77.953459606140427, 30.396893899141556, 0.0 ], [ 77.95330525934348, 30.39625444462564, 0.0 ], [ 77.952824984871029, 30.395540617012976, 0.0 ], [ 77.952585864881883, 30.395112847414744, 0.0 ], [ 77.951867501564692, 30.393900390147714, 0.0 ], [ 77.951796934935885, 30.393120102328467, 0.0 ], [ 77.951317701824379, 30.392335412741204, 0.0 ], [ 77.950596326591509, 30.391335514365995, 0.0 ], [ 77.950611567349853, 30.390272685354617, 0.0 ], [ 77.951031398818998, 30.389497681080972, 0.0 ], [ 77.951610623122178, 30.389007855963527, 0.0 ], [ 77.953000044817387, 30.389022812636227, 0.0 ], [ 77.953571146594186, 30.389099821945113, 0.0 ], [ 77.954551915059838, 30.389110366197695, 0.0 ], [ 77.955367197895569, 30.389260858140602, 0.0 ], [ 77.956590126616874, 30.389486587235041, 0.0 ], [ 77.956991701397683, 30.389986959753305, 0.0 ], [ 77.957799919245531, 30.390633423779615, 0.0 ], [ 77.958769591793569, 30.391423345990546, 0.0 ], [ 77.95949710816879, 30.39199806781108, 0.0 ], [ 77.959897698539891, 30.392569286837649, 0.0 ], [ 77.960137853529474, 30.392926188229822, 0.0 ], [ 77.96077961926639, 30.39378344954731, 0.0 ], [ 77.961583859652222, 30.394713311353975, 0.0 ], [ 77.961897696912672, 30.395637926098654, 0.0 ], [ 77.96196229740741, 30.396843338689109, 0.0 ], [ 77.96217828052005, 30.398900761222428, 0.0 ], [ 77.962159130205549, 30.400247010369611, 0.0 ], [ 77.962309509349453, 30.40116987525812, 0.0 ], [ 77.962221721633767, 30.401594132398206, 0.0 ], [ 77.962209626460464, 30.402444393510567, 0.0 ], [ 77.962768722281481, 30.403371624938295, 0.0 ], [ 77.96316131962358, 30.404509672319339, 0.0 ], [ 77.963398493731404, 30.405079132012428, 0.0 ], [ 77.963634663856553, 30.40571944634554, 0.0 ], [ 77.963870836731587, 30.406359760405802, 0.0 ], [ 77.964026273229479, 30.406928346145893, 0.0 ], [ 77.964346211192534, 30.40742782110684, 0.0 ], [ 77.964743872985807, 30.408211588049298, 0.0 ], [ 77.964737836610936, 30.4086367178007, 0.0 ], [ 77.964892275886882, 30.409276157007884, 0.0 ], [ 77.965045711036893, 30.409986451079355, 0.0 ], [ 77.96552011039438, 30.411125362294381, 0.0 ], [ 77.965594819902833, 30.411622218647153, 0.0 ], [ 77.966079982098847, 30.412517385745822, 0.0 ], [ 77.965984536343456, 30.416111847307906, 0.0 ], [ 77.967145758628988, 30.417019748077493, 0.0 ], [ 77.968076473180275, 30.416940138564112, 0.0 ], [ 77.969110458487165, 30.416861620440731, 0.0 ], [ 77.970149506990495, 30.416425077748514, 0.0 ], [ 77.970364911210197, 30.415800742837099, 0.0 ], [ 77.971203728455023, 30.414914475439318, 0.0 ], [ 77.972557610391533, 30.414123184648737, 0.0 ], [ 77.972979531106787, 30.413501035774274, 0.0 ], [ 77.973817043259842, 30.412704255677262, 0.0 ], [ 77.973927887163057, 30.412168323926018, 0.0 ], [ 77.974349791038449, 30.41154617022395, 0.0 ], [ 77.974723840750897, 30.410700832952212, 0.0 ], [ 77.974034820921872, 30.409469003870896, 0.0 ], [ 77.973233974957495, 30.407670157390591, 0.0 ], [ 77.972701779414294, 30.406351583340289, 0.0 ], [ 77.971764990357215, 30.404431926515056, 0.0 ], [ 77.971781851523374, 30.403238531787483, 0.0 ], [ 77.971068537228803, 30.402559573261282, 0.0 ], [ 77.970030904822934, 30.402906619810647, 0.0 ], [ 77.969526017710379, 30.402095590130433, 0.0 ], [ 77.969542483579573, 30.400932031103615, 0.0 ], [ 77.97007521734983, 30.399773958927327, 0.0 ], [ 77.9702931188815, 30.39897061162327, 0.0 ], [ 77.970830895069696, 30.397454517569326, 0.0 ], [ 77.970842282652214, 30.396648974864963, 0.0 ], [ 77.970747889640947, 30.3960213450071, 0.0 ], [ 77.97055657691368, 30.394945094313378, 0.0 ], [ 77.970468515958174, 30.393869938925459, 0.0 ], [ 77.969860424648601, 30.393057811844496, 0.0 ], [ 77.970084641394664, 30.391806939762226, 0.0 ], [ 77.970818194792685, 30.390371934861541, 0.0 ], [ 77.954057508000091, 30.352890659000046, 0.0 ], [ 77.953322453614376, 30.346771026108502, 0.0 ], [ 77.953286635039873, 30.346746239000048, 0.0 ], [ 77.95322168111683, 30.346669149975906, 0.0 ], [ 77.953091499642696, 30.346534067062251, 0.0 ], [ 77.952940121889696, 30.346341461656849, 0.0 ], [ 77.952853698951742, 30.346225947136322, 0.0 ], [ 77.952702868999125, 30.345995152872533, 0.0 ], [ 77.952639828674435, 30.345784401544055, 0.0 ], [ 77.952620000094583, 30.345631408442934, 0.0 ], [ 77.952534398036875, 30.345458608998491, 0.0 ], [ 77.95247108432838, 30.345266951927833, 0.0 ], [ 77.952408318838508, 30.345037106227672, 0.0 ], [ 77.952366747599697, 30.344864781105322, 0.0 ], [ 77.952324630537689, 30.344730644634414, 0.0 ], [ 77.952239850718342, 30.34450056122671, 0.0 ], [ 77.952220021806312, 30.344347568074962, 0.0 ], [ 77.952112953600462, 30.344136342148435, 0.0 ], [ 77.95200479164302, 30.344001494318022, 0.0 ], [ 77.951897450151421, 30.343809362563604, 0.0 ], [ 77.95183441360841, 30.343598611023562, 0.0 ], [ 77.95181677293354, 30.343292860616081, 0.0 ], [ 77.951799133321188, 30.342987110225653, 0.0 ], [ 77.951878405834364, 30.342738426098673, 0.0 ], [ 77.951856165144278, 30.342736430046727, 0.0 ], [ 77.951836108539183, 30.342623418466189, 0.0 ], [ 77.951773249076396, 30.342472346630615, 0.0 ], [ 77.951710658774033, 30.342302478844555, 0.0 ], [ 77.951582786514138, 30.342150706062569, 0.0 ], [ 77.951324081308883, 30.342053921634097, 0.0 ], [ 77.951086508744595, 30.341994962876665, 0.0 ], [ 77.951068748203639, 30.341992198329141, 0.0 ], [ 77.950826997047045, 30.341954566178856, 0.0 ], [ 77.95058888665892, 30.341933200183572, 0.0 ], [ 77.950573081931623, 30.341931503844947, 0.0 ], [ 77.950394118041245, 30.341912300828348, 0.0 ], [ 77.950090725728018, 30.341909028325635, 0.0 ], [ 77.949788949645225, 30.341792977000818, 0.0 ], [ 77.949357689822534, 30.341637928425328, 0.0 ], [ 77.949184862943497, 30.341598464234835, 0.0 ], [ 77.948818616556053, 30.341444116942466, 0.0 ], [ 77.948774811974857, 30.341365702821403, 0.0 ], [ 77.948527405151296, 30.341255046881614, 0.0 ], [ 77.948374399907792, 30.341177004638546, 0.0 ], [ 77.947978962061953, 30.341115440346393, 0.0 ], [ 77.947671582099304, 30.341054827589446, 0.0 ], [ 77.947209828288919, 30.341011641894603, 0.0 ], [ 77.946902724300017, 30.340931932246743, 0.0 ], [ 77.946398313878674, 30.340792795459407, 0.0 ], [ 77.946201007150478, 30.340733368727072, 0.0 ], [ 77.945934601430849, 30.340621088032641, 0.0 ], [ 77.945828959849322, 30.340576563798297, 0.0 ], [ 77.945719438565376, 30.340537183626108, 0.0 ], [ 77.945301990706611, 30.340475373674639, 0.0 ], [ 77.944906556342147, 30.340413800342517, 0.0 ], [ 77.944511399029508, 30.340333132574408, 0.0 ], [ 77.944183383971009, 30.340176799236133, 0.0 ], [ 77.943941777971986, 30.340135987346532, 0.0 ], [ 77.943700445755013, 30.340076079888693, 0.0 ], [ 77.943415360954987, 30.339996600531286, 0.0 ], [ 77.943261537218305, 30.339975836178205, 0.0 ], [ 77.942998192198999, 30.339915688361256, 0.0 ], [ 77.942837320690799, 30.33989750182258, 0.0 ], [ 77.942624502114427, 30.339873441734703, 0.0 ], [ 77.942620695249659, 30.339872927907589, 0.0 ], [ 77.942316854568773, 30.339831911011309, 0.0 ], [ 77.941854556545351, 30.33982689608257, 0.0 ], [ 77.941590938053338, 30.339785840589876, 0.0 ], [ 77.941307704953871, 30.339741730032891, 0.0 ], [ 77.941299835685086, 30.339742099490334, 0.0 ], [ 77.940969830102674, 30.339724193658139, 0.0 ], [ 77.940838159281398, 30.33969411848441, 0.0 ], [ 77.940624761622118, 30.339605861914979, 0.0 ], [ 77.940377515756481, 30.339574530757666, 0.0 ], [ 77.940129444354298, 30.339600482509969, 0.0 ], [ 77.939666941447214, 30.339609781645386, 0.0 ], [ 77.939452303371013, 30.339607449088483, 0.0 ], [ 77.939171624543278, 30.339604398606838, 0.0 ], [ 77.939089071219016, 30.339603501539528, 0.0 ], [ 77.938858544480254, 30.339558026153494, 0.0 ], [ 77.938543808342743, 30.339626219483677, 0.0 ], [ 77.938442675148565, 30.339768351584521, 0.0 ], [ 77.938423266322815, 30.339968665279308, 0.0 ], [ 77.938524349433322, 30.340210870357257, 0.0 ], [ 77.938587908429525, 30.340383439908617, 0.0 ], [ 77.938715854714829, 30.34067129478322, 0.0 ], [ 77.938727617493839, 30.340908630147915, 0.0 ], [ 77.938732901432374, 30.34101523605797, 0.0 ], [ 77.938729314049709, 30.341263465027261, 0.0 ], [ 77.938748017201007, 30.341492838881216, 0.0 ], [ 77.938788734437168, 30.341722452627543, 0.0 ], [ 77.938786251323364, 30.341894303316689, 0.0 ], [ 77.938870171443469, 30.342181679248185, 0.0 ], [ 77.938911716794266, 30.342354008810005, 0.0 ], [ 77.938975002011773, 30.342545672395541, 0.0 ], [ 77.939016548684464, 30.342718001963224, 0.0 ], [ 77.939057818925022, 30.342909425629387, 0.0 ], [ 77.939185494792767, 30.343216374423324, 0.0 ], [ 77.939357751291695, 30.343485612726088, 0.0 ], [ 77.93937811082877, 30.343600419101605, 0.0 ], [ 77.939484049358541, 30.343888032841008, 0.0 ], [ 77.939547059954222, 30.34409879036453, 0.0 ], [ 77.939608693521095, 30.344405021245983, 0.0 ], [ 77.939647483204737, 30.344768295549244, 0.0 ], [ 77.93966674037641, 30.344959480214943, 0.0 ], [ 77.939684894743849, 30.345227043189475, 0.0 ], [ 77.939704153036587, 30.345418227873559, 0.0 ], [ 77.939634245543459, 30.345684833373191, 0.0 ], [ 77.93969698283118, 30.345914685932755, 0.0 ], [ 77.939715689219796, 30.346144058846928, 0.0 ], [ 77.939733568164698, 30.346430716829168, 0.0 ], [ 77.939752825564639, 30.346621900573115, 0.0 ], [ 77.939770119210792, 30.346922279829784, 0.0 ], [ 77.939918329937157, 30.346957330395345, 0.0 ], [ 77.940176374017568, 30.347099783616208, 0.0 ], [ 77.940667697841775, 30.347384420645, 0.0 ], [ 77.941463665223282, 30.348016116120395, 0.0 ], [ 77.941843386935133, 30.348310280145178, 0.0 ], [ 77.942138590032485, 30.348453132577639, 0.0 ], [ 77.942421564895753, 30.348585109443874, 0.0 ], [ 77.942655468467564, 30.348684327086065, 0.0 ], [ 77.942657338140592, 30.348685056200079, 0.0 ], [ 77.942938754405915, 30.348794821646145, 0.0 ], [ 77.943061665994549, 30.3488606072615, 0.0 ], [ 77.943305324723127, 30.349142549888612, 0.0 ], [ 77.943756576023631, 30.349630844195644, 0.0 ], [ 77.943951165475113, 30.349880026624469, 0.0 ], [ 77.944133372197712, 30.350129074211999, 0.0 ], [ 77.944266351147604, 30.350356103643076, 0.0 ], [ 77.94477582196842, 30.350902063106759, 0.0 ], [ 77.94490183158095, 30.350953812148965, 0.0 ], [ 77.944986822079855, 30.351072898962354, 0.0 ], [ 77.945047507423624, 30.351159494224959, 0.0 ], [ 77.945095809033802, 30.351245954936616, 0.0 ], [ 77.945119650115174, 30.35131066703061, 0.0 ], [ 77.945179872372933, 30.351429485568552, 0.0 ], [ 77.945288858981925, 30.351602541399551, 0.0 ], [ 77.945386080338579, 30.351732501842314, 0.0 ], [ 77.945457914721899, 30.351905156723639, 0.0 ], [ 77.945481448051055, 30.351991350106204, 0.0 ], [ 77.945516902166702, 30.352109899508942, 0.0 ], [ 77.945515047244882, 30.352238787361777, 0.0 ], [ 77.945611961371924, 30.352390229022856, 0.0 ], [ 77.945709801090558, 30.352477225746192, 0.0 ], [ 77.945758257842854, 30.352552946965531, 0.0 ], [ 77.945880558911242, 30.352661692995046, 0.0 ], [ 77.94606401048766, 30.352824812294447, 0.0 ], [ 77.946311084153891, 30.352870453157092, 0.0 ], [ 77.946508620722426, 30.352915558615837, 0.0 ], [ 77.946607233578874, 30.352948851875986, 0.0 ], [ 77.946669157112652, 30.352949521235221, 0.0 ], [ 77.946854153963912, 30.353005232875145, 0.0 ], [ 77.947001997697868, 30.353060542956548, 0.0 ], [ 77.947198453720702, 30.353180831625796, 0.0 ], [ 77.947284529120665, 30.353224731190046, 0.0 ], [ 77.947493833619021, 30.353312931350466, 0.0 ], [ 77.947603907322943, 30.353410801396045, 0.0 ], [ 77.947812595171996, 30.353541963777534, 0.0 ], [ 77.947911517832452, 30.35355377477638, 0.0 ], [ 77.948121594669715, 30.353588271077928, 0.0 ], [ 77.948257826861649, 30.353589742636359, 0.0 ], [ 77.948480751458121, 30.35359215015108, 0.0 ], [ 77.948604905959726, 30.353572005712163, 0.0 ], [ 77.948766523519865, 30.353530780646224, 0.0 ], [ 77.948878602169785, 30.353489021274175, 0.0 ], [ 77.949015296401001, 30.353458270423687, 0.0 ], [ 77.94918868103521, 30.353460141721914, 0.0 ], [ 77.949411760203859, 30.35345180650291, 0.0 ], [ 77.949620604452861, 30.353572225012119, 0.0 ], [ 77.9499144481005, 30.353811726449734, 0.0 ], [ 77.950147755102037, 30.353953892899192, 0.0 ], [ 77.950344371704688, 30.354063436070614, 0.0 ], [ 77.950502755970831, 30.354247763931678, 0.0 ], [ 77.950587909686462, 30.354356104743555, 0.0 ], [ 77.950653593248958, 30.354451302852951, 0.0 ], [ 77.9506690374388, 30.354457241857084, 0.0 ], [ 77.950816269787865, 30.354555508885287, 0.0 ], [ 77.950900501013862, 30.354728294638637, 0.0 ], [ 77.951009193266927, 30.354922827949963, 0.0 ], [ 77.951167733583006, 30.355096414001274, 0.0 ], [ 77.951214965028342, 30.355258057358107, 0.0 ], [ 77.9512491951659, 30.355462530396963, 0.0 ], [ 77.951258502985937, 30.355677477529856, 0.0 ], [ 77.951267809792995, 30.355892423733358, 0.0 ], [ 77.951265193505179, 30.356075015192111, 0.0 ], [ 77.951237653585864, 30.356268079803876, 0.0 ], [ 77.951234575671762, 30.356482893803353, 0.0 ], [ 77.951232112704588, 30.35665474408216, 0.0 ], [ 77.951267268149365, 30.356794772956167, 0.0 ], [ 77.951264190206942, 30.357009586043574, 0.0 ], [ 77.951187263620326, 30.357191377032148, 0.0 ], [ 77.951148106895886, 30.357330604497172, 0.0 ], [ 77.951146414237598, 30.357448751730679, 0.0 ], [ 77.951157721303815, 30.357524070167056, 0.0 ], [ 77.951143950910549, 30.357620602874928, 0.0 ], [ 77.951192415315035, 30.357696320706221, 0.0 ], [ 77.951290419741483, 30.357772573649203, 0.0 ], [ 77.951376808049631, 30.35779498856828, 0.0 ], [ 77.951449734198746, 30.35789245569385, 0.0 ], [ 77.951424040742324, 30.357956631904241, 0.0 ], [ 77.951287495131766, 30.357976645552757, 0.0 ], [ 77.951126486975539, 30.357974910514066, 0.0 ], [ 77.950953401130235, 30.357951560737199, 0.0 ], [ 77.95079208596475, 30.357971306696111, 0.0 ], [ 77.950667771460274, 30.358002193984394, 0.0 ], [ 77.950605692026329, 30.358012266579596, 0.0 ], [ 77.950518840985922, 30.358022071852279, 0.0 ], [ 77.950431836304162, 30.358042619117857, 0.0 ], [ 77.950369140374548, 30.35809565434722, 0.0 ], [ 77.950362016698321, 30.358102539941093, 0.0 ], [ 77.95034536177377, 30.358242143725537, 0.0 ], [ 77.950431518329438, 30.358376754533637, 0.0 ], [ 77.950561712241097, 30.358511839860828, 0.0 ], [ 77.950647595699579, 30.358665545724687, 0.0 ], [ 77.950689716779891, 30.358799681890595, 0.0 ], [ 77.950840834424952, 30.359011383091698, 0.0 ], [ 77.95085820105983, 30.359336226448622, 0.0 ], [ 77.950786124486683, 30.35975559302662, 0.0 ], [ 77.950648812712373, 30.360116964902154, 0.0 ], [ 77.950469925832934, 30.360306010001018, 0.0 ], [ 77.950179848846318, 30.360570246818778, 0.0 ], [ 77.950024622296837, 30.360644962155718, 0.0 ], [ 77.949891140252134, 30.360739009854946, 0.0 ], [ 77.94977967650857, 30.360833294833348, 0.0 ], [ 77.949688314351349, 30.361061478668287, 0.0 ], [ 77.949728244251531, 30.361348370842659, 0.0 ], [ 77.949880733193723, 30.361464600203018, 0.0 ], [ 77.950009287347086, 30.361714253543418, 0.0 ], [ 77.950067677029068, 30.362249610979223, 0.0 ], [ 77.950072059654445, 30.362387580448495, 0.0 ], [ 77.950079796715826, 30.362412219275029, 0.0 ], [ 77.95009722058947, 30.362492974069347, 0.0 ], [ 77.950114875495359, 30.362557618514433, 0.0 ], [ 77.950104661861502, 30.36262196198312, 0.0 ], [ 77.950103275643613, 30.362718628573941, 0.0 ], [ 77.950120468555767, 30.362815493714294, 0.0 ], [ 77.950137545398022, 30.362920416267873, 0.0 ], [ 77.950145563786108, 30.363009126044908, 0.0 ], [ 77.950181450849115, 30.36309813769638, 0.0 ], [ 77.950190047357339, 30.363146570264025, 0.0 ], [ 77.950172002847268, 30.363191635616808, 0.0 ], [ 77.950185827418267, 30.363224853681285, 0.0 ], [ 77.950004743971547, 30.363566655193623, 0.0 ], [ 77.949915569912918, 30.363642082334955, 0.0 ], [ 77.949804651377761, 30.363698178620528, 0.0 ], [ 77.949760064202394, 30.363735893022795, 0.0 ], [ 77.94949363934812, 30.36388579769476, 0.0 ], [ 77.949425663059884, 30.364018746503611, 0.0 ], [ 77.949378610067271, 30.364228310641831, 0.0 ], [ 77.949442751451556, 30.364362684733596, 0.0 ], [ 77.9495253512939, 30.364745524063434, 0.0 ], [ 77.949611237666588, 30.364899229844248, 0.0 ], [ 77.949741987061628, 30.364996127041447, 0.0 ], [ 77.949754751740542, 30.365001834995645, 0.0 ], [ 77.949756653114974, 30.365005237643409, 0.0 ], [ 77.949805273256317, 30.365070215859017, 0.0 ], [ 77.949927902018118, 30.365157477039787, 0.0 ], [ 77.950013680412198, 30.365222855079303, 0.0 ], [ 77.95011199930984, 30.365277627033208, 0.0 ], [ 77.950198086339796, 30.365321524517256, 0.0 ], [ 77.950271941456222, 30.36535454755294, 0.0 ], [ 77.950358182297535, 30.365387704702677, 0.0 ], [ 77.950394724667902, 30.365431068106123, 0.0 ], [ 77.950404758306362, 30.365477567438063, 0.0 ], [ 77.950022766655337, 30.365381103615, 0.0 ], [ 77.949869449186309, 30.365322157638811, 0.0 ], [ 77.949717228544969, 30.365186834583206, 0.0 ], [ 77.949587026807308, 30.365051747982189, 0.0 ], [ 77.949479119863312, 30.364897804614092, 0.0 ], [ 77.949416348940986, 30.364667958492401, 0.0 ], [ 77.949352755368523, 30.364495395020356, 0.0 ], [ 77.949347709585709, 30.364461789493195, 0.0 ], [ 77.9493482276783, 30.364425698781176, 0.0 ], [ 77.949324897165937, 30.364230575481614, 0.0 ], [ 77.949424024081864, 30.363878155663485, 0.0 ], [ 77.949540281346827, 30.363788771627224, 0.0 ], [ 77.949645828191166, 30.363717400171989, 0.0 ], [ 77.949782596660242, 30.363655428529327, 0.0 ], [ 77.949893303268212, 30.363588643903586, 0.0 ], [ 77.949972592460398, 30.363526052717752, 0.0 ], [ 77.950074602318125, 30.363336812053902, 0.0 ], [ 77.950123190122483, 30.363228570630344, 0.0 ], [ 77.950156101152999, 30.363120159643934, 0.0 ], [ 77.950126504083315, 30.362997478973867, 0.0 ], [ 77.950055689554858, 30.362833566587181, 0.0 ], [ 77.949983055036981, 30.362796528426909, 0.0 ], [ 77.949965358677147, 30.362785619272085, 0.0 ], [ 77.949950186848454, 30.362763974751065, 0.0 ], [ 77.949819988721686, 30.362628888561453, 0.0 ], [ 77.94980016043823, 30.36247589536503, 0.0 ], [ 77.949890702519525, 30.362304995201054, 0.0 ], [ 77.949914911874231, 30.362152475972074, 0.0 ], [ 77.949916829505355, 30.362018815377304, 0.0 ], [ 77.949920388892707, 30.361770586574991, 0.0 ], [ 77.949769268553098, 30.361558885106636, 0.0 ], [ 77.949596130202949, 30.36134694513111, 0.0 ], [ 77.949567934459878, 30.361301614962159, 0.0 ], [ 77.949561556355434, 30.36126242514268, 0.0 ], [ 77.949563096659929, 30.361155018336831, 0.0 ], [ 77.949577331576023, 30.361026264390571, 0.0 ], [ 77.949578718136408, 30.360929597817602, 0.0 ], [ 77.949666958277191, 30.360823126775397, 0.0 ], [ 77.949742504690235, 30.360738003746327, 0.0 ], [ 77.949855053608147, 30.360664021608933, 0.0 ], [ 77.949967909694223, 30.360568557977356, 0.0 ], [ 77.950067918492977, 30.360505182601564, 0.0 ], [ 77.950076686653674, 30.360464135356938, 0.0 ], [ 77.950137727937431, 30.360436110515113, 0.0 ], [ 77.950272304115003, 30.360265684591695, 0.0 ], [ 77.950417981643184, 30.360128779974097, 0.0 ], [ 77.95044502876479, 30.360122525551429, 0.0 ], [ 77.950570885107112, 30.359984232662377, 0.0 ], [ 77.950621659038404, 30.359898841722281, 0.0 ], [ 77.950697357480934, 30.359802976874576, 0.0 ], [ 77.950750748120399, 30.359534994556284, 0.0 ], [ 77.950764827480924, 30.359416981482394, 0.0 ], [ 77.950689082131461, 30.359330326344573, 0.0 ], [ 77.950698670582383, 30.359231261277667, 0.0 ], [ 77.950700055825152, 30.359134595494023, 0.0 ], [ 77.950688747973246, 30.359059277922022, 0.0 ], [ 77.950677748342798, 30.358962478070865, 0.0 ], [ 77.950617361754453, 30.358854404371808, 0.0 ], [ 77.950532203539566, 30.358746062449086, 0.0 ], [ 77.950483433083093, 30.358691825805998, 0.0 ], [ 77.95038542744625, 30.358615572221751, 0.0 ], [ 77.950348585416819, 30.358577344764463, 0.0 ], [ 77.950343938144741, 30.358543958673504, 0.0 ], [ 77.950318786845301, 30.358475707923475, 0.0 ], [ 77.950304151638832, 30.358403039620455, 0.0 ], [ 77.950279001406088, 30.358334789791289, 0.0 ], [ 77.950237979896784, 30.358279964799365, 0.0 ], [ 77.950228439793861, 30.35821641525818, 0.0 ], [ 77.950224190148063, 30.358148390169596, 0.0 ], [ 77.950261868884112, 30.358071754633102, 0.0 ], [ 77.950299419051433, 30.358004180796353, 0.0 ], [ 77.950326128178261, 30.357963681408865, 0.0 ], [ 77.950383928803348, 30.357941645184464, 0.0 ], [ 77.950401256917672, 30.35793066390227, 0.0 ], [ 77.950397666084342, 30.357942492599758, 0.0 ], [ 77.950426550961055, 30.357914572456938, 0.0 ], [ 77.950489534248533, 30.3578657407976, 0.0 ], [ 77.950515539918868, 30.357809211086732, 0.0 ], [ 77.950585231753479, 30.357711260817769, 0.0 ], [ 77.950624389490443, 30.357572032692385, 0.0 ], [ 77.950638930231761, 30.357421797057697, 0.0 ], [ 77.950679164662574, 30.357207384472144, 0.0 ], [ 77.950706090880189, 30.357057282887205, 0.0 ], [ 77.950746324944348, 30.356842870250404, 0.0 ], [ 77.950837330568632, 30.35654306548912, 0.0 ], [ 77.95086348660206, 30.35644666686235, 0.0 ], [ 77.950964260053425, 30.356329587401913, 0.0 ], [ 77.950990414849443, 30.356233188710306, 0.0 ], [ 77.951006185778354, 30.355997027364005, 0.0 ], [ 77.951008032946021, 30.355868139885981, 0.0 ], [ 77.950974880855881, 30.355588482382782, 0.0 ], [ 77.950977651099379, 30.355395149794798, 0.0 ], [ 77.95090657427896, 30.355168795051672, 0.0 ], [ 77.950760572216069, 30.354984602476257, 0.0 ], [ 77.950565493918916, 30.354767651945561, 0.0 ], [ 77.950456186437449, 30.354616082007539, 0.0 ], [ 77.950442137208995, 30.354560116685828, 0.0 ], [ 77.95037505776105, 30.354514944745507, 0.0 ], [ 77.950264211068415, 30.354470780726487, 0.0 ], [ 77.950128440235801, 30.354437089568002, 0.0 ], [ 77.950004746635287, 30.354425012868983, 0.0 ], [ 77.949943438478158, 30.35438138227056, 0.0 ], [ 77.949833054041363, 30.354304995379348, 0.0 ], [ 77.949697437259829, 30.354260562646921, 0.0 ], [ 77.949573743942011, 30.35424848645896, 0.0 ], [ 77.949400973525726, 30.354203652813098, 0.0 ], [ 77.949326973152083, 30.354181370074599, 0.0 ], [ 77.949191203149198, 30.354147677087532, 0.0 ], [ 77.94903066365363, 30.354113718284651, 0.0 ], [ 77.948944586624123, 30.354069819771027, 0.0 ], [ 77.948858355975815, 30.35403666144774, 0.0 ], [ 77.948735280096642, 30.35398162177199, 0.0 ], [ 77.948562047325041, 30.353969008644025, 0.0 ], [ 77.948413430332991, 30.353967404030428, 0.0 ], [ 77.948240198677482, 30.353954791404906, 0.0 ], [ 77.947917732884306, 30.353983535166943, 0.0 ], [ 77.947569571216277, 30.354076455278104, 0.0 ], [ 77.947432568022506, 30.354128686783003, 0.0 ], [ 77.947246333429078, 30.354158901136156, 0.0 ], [ 77.94711025652866, 30.354146688290399, 0.0 ], [ 77.947011950131866, 30.35409191396861, 0.0 ], [ 77.946913488869697, 30.354047880681993, 0.0 ], [ 77.946851874574691, 30.354025730089344, 0.0 ], [ 77.946790259270728, 30.354003579445092, 0.0 ], [ 77.946716104799179, 30.353992035475223, 0.0 ], [ 77.946567951946534, 30.353958207238744, 0.0 ], [ 77.946456643907567, 30.353946260757429, 0.0 ], [ 77.946370259317064, 30.353923841951417, 0.0 ], [ 77.946259260358957, 30.353890414890387, 0.0 ], [ 77.946135876268897, 30.353856853262776, 0.0 ], [ 77.946025803681763, 30.353758982050131, 0.0 ], [ 77.945940346665182, 30.353672119041789, 0.0 ], [ 77.945867738133913, 30.353553168059481, 0.0 ], [ 77.945770823648317, 30.353401726530386, 0.0 ], [ 77.945699141877839, 30.353218331526758, 0.0 ], [ 77.945676226437982, 30.353089175546625, 0.0 ], [ 77.945664768720988, 30.353024598006332, 0.0 ], [ 77.945592005863119, 30.352916387107424, 0.0 ], [ 77.945482553180639, 30.352775552920267, 0.0 ], [ 77.945422483924673, 30.352645994247055, 0.0 ], [ 77.945214110641871, 30.352493347072688, 0.0 ], [ 77.945117042951367, 30.352352646266482, 0.0 ], [ 77.945056202806356, 30.352276791207093, 0.0 ], [ 77.94500836419914, 30.352158108047348, 0.0 ], [ 77.944997680703096, 30.352039825888081, 0.0 ], [ 77.944974457037802, 30.351932152048015, 0.0 ], [ 77.944914698165363, 30.351781111908153, 0.0 ], [ 77.944817632575223, 30.351640410967832, 0.0 ], [ 77.944720256900325, 30.351521191244583, 0.0 ], [ 77.944598113725107, 30.351401703210094, 0.0 ], [ 77.944451357324738, 30.351271205692058, 0.0 ], [ 77.944341134013811, 30.351184073520979, 0.0 ], [ 77.944337716157335, 30.35118059926161, 0.0 ], [ 77.944341443401271, 30.351162592229478, 0.0 ], [ 77.944329832522428, 30.3511087548384, 0.0 ], [ 77.944305681580559, 30.351065523904278, 0.0 ], [ 77.944294225958771, 30.35100094542749, 0.0 ], [ 77.944295153098565, 30.350936501529272, 0.0 ], [ 77.944259392425835, 30.350839433221569, 0.0 ], [ 77.944247626381781, 30.350796336910605, 0.0 ], [ 77.944198862181992, 30.350742096542053, 0.0 ], [ 77.944125794095299, 30.350655366332905, 0.0 ], [ 77.944089413746781, 30.350601261448332, 0.0 ], [ 77.944040649727029, 30.350547021031907, 0.0 ], [ 77.943992515977783, 30.350529715140521, 0.0 ], [ 77.943954733474428, 30.350492378489861, 0.0 ], [ 77.943880737340407, 30.350470092927043, 0.0 ], [ 77.94382924741555, 30.350455522909762, 0.0 ], [ 77.943794510721148, 30.350436931549844, 0.0 ], [ 77.943705292765003, 30.350420447990526, 0.0 ], [ 77.943683361413605, 30.350414242789995, 0.0 ], [ 77.943510291438187, 30.350390883245652, 0.0 ], [ 77.943337995029495, 30.350313819823075, 0.0 ], [ 77.943029162299709, 30.35025676000798, 0.0 ], [ 77.942894328339619, 30.350158618037074, 0.0 ], [ 77.94268596327575, 30.350005966479635, 0.0 ], [ 77.942631711436817, 30.349936153247462, 0.0 ], [ 77.942576517880241, 30.349865129406787, 0.0 ], [ 77.94239261248525, 30.349734226444184, 0.0 ], [ 77.942282393801648, 30.349647092783719, 0.0 ], [ 77.942210256641573, 30.349495917857631, 0.0 ], [ 77.94219895687911, 30.349420599098934, 0.0 ], [ 77.942151588196893, 30.349269691950379, 0.0 ], [ 77.942079451469453, 30.349118516977217, 0.0 ], [ 77.942031928663056, 30.3489783508935, 0.0 ], [ 77.941946943507872, 30.348859262491871, 0.0 ], [ 77.941799418107621, 30.348782466000216, 0.0 ], [ 77.941688736655891, 30.348727553377945, 0.0 ], [ 77.941578054266685, 30.348672641546685, 0.0 ], [ 77.941368764483485, 30.348584431055862, 0.0 ], [ 77.941258549025122, 30.348497296692226, 0.0 ], [ 77.941124183822069, 30.348366929925334, 0.0 ], [ 77.941037960083349, 30.348333766907313, 0.0 ], [ 77.940902976294581, 30.348246362451818, 0.0 ], [ 77.940817528474554, 30.348159496663655, 0.0 ], [ 77.940658396480217, 30.348028860542534, 0.0 ], [ 77.940548645954664, 30.347909503317986, 0.0 ], [ 77.940537657722473, 30.347812702362823, 0.0 ], [ 77.940526513898746, 30.347726642463261, 0.0 ], [ 77.940515990371892, 30.347597620091275, 0.0 ], [ 77.940405930302035, 30.347499744019494, 0.0 ], [ 77.94028255658155, 30.347466176613572, 0.0 ], [ 77.940183796035143, 30.347443619225348, 0.0 ], [ 77.94008503447337, 30.347421062642081, 0.0 ], [ 77.940022805575424, 30.347441870750206, 0.0 ], [ 77.939922958631641, 30.347494498801812, 0.0 ], [ 77.939822645669437, 30.347579347241552, 0.0 ], [ 77.939771869004531, 30.347664734786765, 0.0 ], [ 77.939696014171261, 30.347771334382671, 0.0 ], [ 77.939656845334554, 30.347910559490824, 0.0 ], [ 77.939441663787846, 30.348230491995935, 0.0 ], [ 77.939365031587798, 30.348390793908834, 0.0 ], [ 77.939238553770423, 30.348572040309744, 0.0 ], [ 77.939187465597087, 30.348678907855046, 0.0 ], [ 77.939111298771437, 30.348806989108915, 0.0 ], [ 77.939060366069029, 30.348903116442653, 0.0 ], [ 77.938969952275954, 30.349159950633279, 0.0 ], [ 77.938911723098641, 30.349760889331282, 0.0 ], [ 77.938902100061796, 30.350426810246759, 0.0 ], [ 77.938899771353363, 30.350587919702669, 0.0 ], [ 77.938885561555665, 30.350776912351311, 0.0 ], [ 77.93894743580006, 30.35085406579228, 0.0 ], [ 77.939077879436937, 30.350970068643871, 0.0 ], [ 77.939290059454308, 30.351144251370602, 0.0 ], [ 77.939437223276414, 30.351246112630296, 0.0 ], [ 77.939550741657243, 30.351390577182261, 0.0 ], [ 77.939712972064754, 30.351592864257618, 0.0 ], [ 77.939908846873394, 30.351752545800451, 0.0 ], [ 77.939989342445472, 30.351896652067015, 0.0 ], [ 77.940250648993953, 30.35210001337774, 0.0 ], [ 77.940379442029396, 30.352330581654122, 0.0 ], [ 77.94045869868512, 30.352560612603789, 0.0 ], [ 77.94053836729266, 30.352762000946413, 0.0 ], [ 77.94065209679421, 30.352892143952118, 0.0 ], [ 77.94068346870452, 30.353007069231012, 0.0 ], [ 77.940714840648667, 30.353121995406877, 0.0 ], [ 77.940727839564389, 30.353365629574828, 0.0 ], [ 77.940775517663283, 30.353495055021099, 0.0 ], [ 77.940857048761245, 30.35356755590071, 0.0 ], [ 77.940955092847958, 30.353640235176108, 0.0 ], [ 77.941101849575531, 30.353770736559586, 0.0 ], [ 77.941165214160492, 30.353957624500975, 0.0 ], [ 77.941179660437726, 30.354101012928417, 0.0 ], [ 77.941260779851589, 30.354202155267366, 0.0 ], [ 77.941342931093388, 30.354231692516013, 0.0 ], [ 77.941424463205564, 30.354304193104479, 0.0 ], [ 77.941522301719033, 30.354391192847444, 0.0 ], [ 77.941603008300632, 30.354520976655323, 0.0 ], [ 77.941634587359729, 30.354621580945821, 0.0 ], [ 77.94163293471486, 30.35473614845197, 0.0 ], [ 77.941679789803388, 30.354922857010894, 0.0 ], [ 77.941709923160971, 30.355123707074942, 0.0 ], [ 77.94173943854986, 30.355367520552349, 0.0 ], [ 77.941704759642917, 30.355481728627879, 0.0 ], [ 77.941703106973975, 30.355596296126567, 0.0 ], [ 77.941701661030081, 30.355696541900915, 0.0 ], [ 77.941699388185768, 30.355854071858971, 0.0 ], [ 77.94169732309642, 30.35599728011578, 0.0 ], [ 77.941710530911806, 30.356226593466577, 0.0 ], [ 77.94174128568342, 30.356384481084135, 0.0 ], [ 77.941885362291046, 30.356701152618285, 0.0 ], [ 77.941997445341528, 30.356945860518984, 0.0 ], [ 77.942127900333574, 30.357061860128013, 0.0 ], [ 77.942274456792987, 30.357206681415331, 0.0 ], [ 77.942404086980915, 30.357379963217216, 0.0 ], [ 77.94247591146825, 30.357541510337875, 0.0 ], [ 77.94250007167976, 30.357595850850942, 0.0 ], [ 77.942547960344086, 30.357710955051246, 0.0 ], [ 77.94259605679224, 30.357811737535737, 0.0 ], [ 77.942611125102047, 30.35791216253099, 0.0 ], [ 77.94262619340536, 30.358012588426412, 0.0 ], [ 77.942734770399241, 30.358500750925014, 0.0 ], [ 77.942732706412841, 30.358643959248081, 0.0 ], [ 77.942910848417014, 30.358889383280466, 0.0 ], [ 77.9429420187857, 30.359018628190174, 0.0 ], [ 77.943021698745483, 30.359220015601633, 0.0 ], [ 77.943052869300061, 30.359349261397476, 0.0 ], [ 77.943050599072592, 30.359506790569405, 0.0 ], [ 77.94301468127675, 30.359706924832167, 0.0 ], [ 77.942929634731911, 30.359877879940193, 0.0 ], [ 77.942662314531546, 30.360089828201623, 0.0 ], [ 77.942624384237874, 30.360143129013831, 0.0 ], [ 77.942643736195336, 30.360232858184858, 0.0 ], [ 77.942440820097374, 30.36056008931061, 0.0 ], [ 77.942413575246377, 30.360584134017547, 0.0 ], [ 77.942056039915158, 30.360899670616973, 0.0 ], [ 77.942022185789256, 30.36095659622902, 0.0 ], [ 77.941887180388363, 30.361155655082687, 0.0 ], [ 77.941869427685049, 30.361241401596487, 0.0 ], [ 77.941783551521183, 30.361469638962827, 0.0 ], [ 77.94174535841411, 30.36182730157773, 0.0 ], [ 77.941723266618339, 30.362213785128137, 0.0 ], [ 77.941625407206558, 30.363272632080655, 0.0 ], [ 77.941588660181409, 30.363530048848823, 0.0 ], [ 77.941569252804101, 30.363730361701617, 0.0 ], [ 77.941451171564822, 30.363900957506743, 0.0 ], [ 77.941267650107775, 30.364027873965153, 0.0 ], [ 77.941183630755319, 30.364127224282814, 0.0 ], [ 77.940917122502157, 30.36428188551961, 0.0 ], [ 77.940617998114419, 30.364407546462061, 0.0 ], [ 77.940418167048591, 30.364519961281115, 0.0 ], [ 77.940086010944725, 30.364645262711413, 0.0 ], [ 77.939852736209815, 30.364785959916855, 0.0 ], [ 77.939383702565351, 30.365239203233866, 0.0 ], [ 77.939247858538664, 30.365495542517444, 0.0 ], [ 77.939242477941988, 30.365867883678725, 0.0 ], [ 77.939273645789484, 30.365997130093184, 0.0 ], [ 77.9394819257314, 30.36644340836148, 0.0 ], [ 77.939757096325351, 30.366833120984452, 0.0 ], [ 77.940278341165268, 30.367340088898324, 0.0 ], [ 77.940286204018477, 30.367348673200038, 0.0 ], [ 77.940343988596496, 30.367369447898355, 0.0 ], [ 77.940556204997208, 30.367543628093511, 0.0 ], [ 77.94083448300772, 30.367718525171931, 0.0 ], [ 77.940965571775649, 30.367791563424532, 0.0 ], [ 77.941242197554814, 30.36808102700013, 0.0 ], [ 77.942155076551828, 30.368921666474517, 0.0 ], [ 77.942241310561371, 30.368991370693536, 0.0 ], [ 77.942334681242244, 30.369066843828477, 0.0 ], [ 77.94244987687145, 30.369096739900851, 0.0 ], [ 77.942630720964047, 30.369155992020151, 0.0 ], [ 77.942728987817461, 30.369214349262212, 0.0 ], [ 77.942859047339724, 30.369358989889331, 0.0 ], [ 77.943105129519239, 30.36947624088651, 0.0 ], [ 77.943201333030714, 30.369677805988186, 0.0 ], [ 77.943281641375933, 30.369836230278139, 0.0 ], [ 77.943459804769034, 30.370081652028972, 0.0 ], [ 77.943523598150904, 30.370239896998456, 0.0 ], [ 77.943603907440689, 30.370398320244266, 0.0 ], [ 77.943748422176157, 30.370686346672841, 0.0 ], [ 77.943813247449043, 30.370772987422882, 0.0 ], [ 77.943893144326339, 30.370960052172617, 0.0 ], [ 77.943956113422857, 30.371175580287616, 0.0 ], [ 77.943970153985347, 30.371347608436764, 0.0 ], [ 77.943982956904961, 30.371605561526142, 0.0 ], [ 77.943929695991145, 30.371862799739628, 0.0 ], [ 77.943910704519553, 30.372034470431423, 0.0 ], [ 77.943233762419311, 30.37315865860322, 0.0 ], [ 77.942584263359265, 30.373524017904433, 0.0 ], [ 77.942146275377468, 30.373628823721702, 0.0 ], [ 77.94209274887335, 30.373641631479401, 0.0 ], [ 77.941614607438723, 30.373968748882966, 0.0 ], [ 77.941553295269344, 30.374021803400812, 0.0 ], [ 77.941489815073396, 30.37419726933344, 0.0 ], [ 77.941488713353081, 30.374273646590403, 0.0 ], [ 77.941530277095126, 30.374445974157197, 0.0 ], [ 77.941550921186632, 30.374541684528914, 0.0 ], [ 77.941570463589343, 30.374713773057231, 0.0 ], [ 77.941631570118247, 30.375058189134045, 0.0 ], [ 77.941670930990952, 30.375383271190785, 0.0 ], [ 77.941711669361396, 30.37561288190194, 0.0 ], [ 77.94170891462683, 30.375803826378259, 0.0 ], [ 77.941705332815445, 30.376052053093087, 0.0 ], [ 77.941789841596133, 30.376301235068141, 0.0 ], [ 77.941876277241263, 30.376416757456063, 0.0 ], [ 77.941962714150179, 30.376532278922145, 0.0 ], [ 77.942049701490447, 30.376609611247488, 0.0 ], [ 77.942085038360759, 30.376616822623607, 0.0 ], [ 77.942247351081178, 30.376649949246119, 0.0 ], [ 77.942509692215069, 30.376786475110155, 0.0 ], [ 77.942861774131401, 30.376809388598062, 0.0 ], [ 77.943037677999854, 30.376830391601132, 0.0 ], [ 77.943191834272753, 30.376832062359686, 0.0 ], [ 77.943609708533984, 30.376874783431344, 0.0 ], [ 77.943895999363079, 30.376877883855173, 0.0 ], [ 77.9441917287199, 30.376881086443323, 0.0 ], [ 77.944204862738218, 30.376843034036675, 0.0 ], [ 77.944404164005093, 30.37676880230871, 0.0 ], [ 77.944624387527881, 30.376771186224531, 0.0 ], [ 77.944932425267112, 30.376793617027079, 0.0 ], [ 77.945217891077661, 30.376853998735868, 0.0 ], [ 77.945501984582734, 30.377009850578766, 0.0 ], [ 77.945588425402832, 30.377125369935513, 0.0 ], [ 77.945740110230105, 30.37729888682739, 0.0 ], [ 77.945870322119291, 30.377433976923033, 0.0 ], [ 77.945889322486522, 30.377644253578765, 0.0 ], [ 77.945930621157942, 30.377835673557211, 0.0 ], [ 77.946038811669254, 30.377970524294721, 0.0 ], [ 77.94612552875823, 30.37806694923804, 0.0 ], [ 77.946231797903536, 30.378335460711984, 0.0 ], [ 77.946404135010866, 30.378604686967407, 0.0 ], [ 77.946532976484889, 30.378835248224604, 0.0 ], [ 77.946684665483147, 30.379008763372187, 0.0 ], [ 77.946814057584973, 30.379201136118187, 0.0 ], [ 77.946811313139591, 30.379392079505866, 0.0 ], [ 77.946675605901888, 30.379638878598051, 0.0 ], [ 77.946650837270298, 30.379829584580435, 0.0 ], [ 77.946626069576524, 30.380020289669933, 0.0 ], [ 77.946623598336345, 30.380192139737442, 0.0 ], [ 77.94659965279746, 30.38032556231887, 0.0 ], [ 77.946574609941848, 30.380535362416254, 0.0 ], [ 77.946572963049974, 30.380649928230422, 0.0 ], [ 77.946593887716958, 30.38072654400699, 0.0 ], [ 77.946745030869877, 30.380938248464687, 0.0 ], [ 77.946808629912184, 30.381110811496463, 0.0 ], [ 77.946938024697104, 30.381303183371159, 0.0 ], [ 77.947132392533959, 30.381572646397718, 0.0 ], [ 77.947217467379701, 30.38178363581299, 0.0 ], [ 77.94723729484781, 30.381936629054177, 0.0 ], [ 77.947279146701703, 30.382089859597809, 0.0 ], [ 77.947321548089349, 30.382204901831503, 0.0 ], [ 77.947363125419471, 30.382377227412153, 0.0 ], [ 77.947556946995235, 30.382684878299052, 0.0 ], [ 77.947686346181712, 30.382877248756305, 0.0 ], [ 77.947815196559191, 30.383107808328983, 0.0 ], [ 77.947966619281374, 30.383300416651252, 0.0 ], [ 77.948117495493079, 30.383531213201923, 0.0 ], [ 77.948224597501223, 30.383742440227572, 0.0 ], [ 77.948353450146229, 30.383972999405898, 0.0 ], [ 77.948373555149487, 30.384106897542299, 0.0 ], [ 77.948415409432101, 30.384260127861843, 0.0 ], [ 77.948391739354122, 30.384374456637712, 0.0 ], [ 77.94836642496557, 30.384603351343923, 0.0 ], [ 77.948275037607544, 30.384831532764082, 0.0 ], [ 77.948207045741711, 30.384964479541846, 0.0 ], [ 77.948116480449912, 30.385135377399401, 0.0 ], [ 77.947872293909143, 30.385266422712046, 0.0 ], [ 77.947517985572787, 30.385396276594715, 0.0 ], [ 77.947336539649612, 30.385485432319118, 0.0 ], [ 77.947188689453881, 30.385744163869436, 0.0 ], [ 77.947212463283989, 30.386388954819314, 0.0 ], [ 77.94727483070757, 30.386647442808993, 0.0 ], [ 77.947303958098288, 30.386919893846546, 0.0 ], [ 77.947378728688989, 30.387464973847948, 0.0 ], [ 77.947401680763093, 30.388167048090246, 0.0 ], [ 77.947511755783665, 30.388554957641837, 0.0 ], [ 77.94760551695849, 30.3889283673672, 0.0 ], [ 77.947662949481838, 30.389530552655323, 0.0 ], [ 77.947708036648734, 30.390991982577024, 0.0 ], [ 77.947689365147141, 30.39159715476654, 0.0 ], [ 77.947663087727705, 30.3916767614866, 0.0 ], [ 77.947661930146111, 30.391757315487137, 0.0 ], [ 77.947670064843209, 30.391837969573924, 0.0 ], [ 77.947678546915768, 30.391894457823291, 0.0 ], [ 77.947677157382657, 30.391991122972687, 0.0 ], [ 77.947676579104879, 30.392031399983924, 0.0 ], [ 77.947684944695141, 30.39209594379582, 0.0 ], [ 77.947684019042967, 30.392160386642878, 0.0 ], [ 77.947696718643883, 30.392176213164749, 0.0 ], [ 77.947684947683953, 30.392215550275917, 0.0 ], [ 77.947797290990522, 30.392445930633286, 0.0 ], [ 77.948006488170989, 30.392834909882275, 0.0 ], [ 77.948169212792848, 30.393008542410275, 0.0 ], [ 77.948398840647627, 30.393125604173758, 0.0 ], [ 77.948496312053592, 30.393241240324546, 0.0 ], [ 77.948577058808837, 30.393371018435648, 0.0 ], [ 77.948624971680189, 30.393486118912442, 0.0 ], [ 77.948607013223693, 30.393586185978453, 0.0 ], [ 77.948604956602594, 30.393729393465744, 0.0 ], [ 77.948586586537743, 30.393858101291919, 0.0 ], [ 77.94856513023781, 30.3942016207472, 0.0 ], [ 77.948579799584621, 30.394330685336261, 0.0 ], [ 77.948677272286616, 30.394446321429761, 0.0 ], [ 77.948709078433936, 30.394532601423222, 0.0 ], [ 77.948756169898701, 30.394704985251856, 0.0 ], [ 77.948787358352746, 30.394834228630966, 0.0 ], [ 77.948901351715847, 30.394950041619143, 0.0 ], [ 77.949013700531168, 30.395180421253801, 0.0 ], [ 77.94899512530759, 30.395323450881854, 0.0 ], [ 77.948977371939563, 30.395409197128224, 0.0 ], [ 77.948959000804905, 30.395537904965945, 0.0 ], [ 77.948924111637709, 30.395666434933236, 0.0 ], [ 77.948922466671405, 30.395781000743497, 0.0 ], [ 77.948821907521776, 30.395880176398475, 0.0 ], [ 77.948738485071416, 30.395936568290164, 0.0 ], [ 77.948621817073928, 30.396006924160361, 0.0 ], [ 77.948503298104356, 30.396206166521281, 0.0 ], [ 77.948499595413395, 30.396463938802668, 0.0 ], [ 77.948514264741817, 30.396593003378051, 0.0 ], [ 77.948527288507975, 30.39683663461004, 0.0 ], [ 77.948524203697431, 30.397051445301052, 0.0 ], [ 77.948652663306959, 30.397310644049295, 0.0 ], [ 77.948698110111764, 30.397597593679752, 0.0 ], [ 77.948745614192532, 30.397741334981369, 0.0 ], [ 77.948908761229475, 30.397886325505045, 0.0 ], [ 77.949169179132269, 30.398161270833505, 0.0 ], [ 77.949399641717548, 30.398221048290534, 0.0 ], [ 77.949630104617697, 30.398280825358807, 0.0 ], [ 77.94979592389511, 30.398239644802953, 0.0 ], [ 77.949867451836724, 30.398195136581222, 0.0 ], [ 77.949869836550846, 30.398193652983622, 0.0 ], [ 77.950038296701379, 30.398088828607332, 0.0 ], [ 77.950090351457447, 30.398063781807853, 0.0 ], [ 77.950267663713262, 30.397989305036702, 0.0 ], [ 77.950532810016298, 30.397934870100855, 0.0 ], [ 77.951084033582916, 30.397902614847276, 0.0 ], [ 77.95134699046568, 30.398000934393824, 0.0 ], [ 77.951388854548455, 30.39815416242169, 0.0 ], [ 77.951408692731547, 30.39830715454022, 0.0 ], [ 77.951407050372495, 30.398421719635675, 0.0 ], [ 77.951274613880145, 30.398439390948621, 0.0 ], [ 77.951165025236477, 30.39840001554888, 0.0 ], [ 77.951122339579697, 30.398304069993912, 0.0 ], [ 77.951035874384871, 30.398188554688591, 0.0 ], [ 77.950816697907726, 30.398109805252108, 0.0 ], [ 77.95057467379435, 30.398088099228374, 0.0 ], [ 77.950397909357932, 30.398124388985707, 0.0 ], [ 77.950174899166456, 30.39831295774427, 0.0 ], [ 77.950041640217066, 30.398387910273165, 0.0 ], [ 77.949533372597074, 30.398497013649632, 0.0 ], [ 77.949313648645429, 30.398456449124382, 0.0 ], [ 77.949182307555148, 30.398397740763187, 0.0 ], [ 77.949052063395698, 30.3982626547926, 0.0 ], [ 77.948944395941453, 30.398089618592742, 0.0 ], [ 77.94874861930424, 30.397915630515197, 0.0 ], [ 77.94855394043681, 30.397665265625044, 0.0 ], [ 77.948511807285712, 30.397531130244285, 0.0 ], [ 77.948448467775009, 30.397339473259958, 0.0 ], [ 77.948450936842008, 30.397167625109937, 0.0 ], [ 77.948388147206828, 30.396937780756431, 0.0 ], [ 77.948346287269715, 30.396784550268666, 0.0 ], [ 77.948305250847184, 30.396574037366534, 0.0 ], [ 77.94824246181463, 30.396344192974215, 0.0 ], [ 77.948289531569486, 30.396134631176523, 0.0 ], [ 77.948447557509553, 30.395868975259702, 0.0 ], [ 77.948669468957249, 30.395756786759435, 0.0 ], [ 77.948826671213183, 30.395548412721055, 0.0 ], [ 77.948918341130607, 30.395301137615508, 0.0 ], [ 77.948876481827568, 30.395147908181656, 0.0 ], [ 77.948768816610198, 30.394974871094774, 0.0 ], [ 77.948661152793136, 30.394801833965261, 0.0 ], [ 77.94850943603727, 30.394628321326248, 0.0 ], [ 77.948468673469193, 30.394398713392071, 0.0 ], [ 77.948470593530644, 30.394265053464945, 0.0 ], [ 77.948474158859824, 30.394016827739549, 0.0 ], [ 77.948477449390879, 30.393787696142475, 0.0 ], [ 77.948479643061361, 30.393634941139251, 0.0 ], [ 77.948460633938112, 30.393424666441774, 0.0 ], [ 77.948375271668411, 30.393232772279347, 0.0 ], [ 77.948135728306028, 30.393039213433774, 0.0 ], [ 77.948006785221637, 30.392947483066294, 0.0 ], [ 77.947970720308888, 30.39290469619305, 0.0 ], [ 77.947916355392763, 30.392807429690109, 0.0 ], [ 77.947825748856886, 30.392645317345671, 0.0 ], [ 77.947717020733407, 30.392450783358175, 0.0 ], [ 77.947699361734522, 30.392386139435427, 0.0 ], [ 77.947627108557214, 30.392240339218816, 0.0 ], [ 77.947591098010491, 30.39215938397604, 0.0 ], [ 77.947573786557953, 30.39207057330762, 0.0 ], [ 77.947575176173217, 30.39197390906843, 0.0 ], [ 77.94757575451824, 30.391933631159066, 0.0 ], [ 77.947586319932384, 30.391845121672571, 0.0 ], [ 77.947596769834476, 30.391764668671154, 0.0 ], [ 77.947590132136085, 30.391737160704672, 0.0 ], [ 77.947595370817311, 30.391683071943469, 0.0 ], [ 77.947609644818229, 30.391689452195884, 0.0 ], [ 77.947600895763941, 30.39154942059961, 0.0 ], [ 77.947569914919924, 30.391405856217538, 0.0 ], [ 77.947572179070562, 30.391248328886537, 0.0 ], [ 77.947508571610285, 30.391075765868084, 0.0 ], [ 77.94746210174705, 30.390860419300662, 0.0 ], [ 77.947464571349173, 30.390688571129768, 0.0 ], [ 77.947502548738228, 30.390345229939712, 0.0 ], [ 77.947539085216334, 30.390102133636002, 0.0 ], [ 77.947508722865393, 30.389915606767563, 0.0 ], [ 77.947563836624639, 30.389529481929682, 0.0 ], [ 77.947566099456864, 30.389371953632253, 0.0 ], [ 77.947585088582699, 30.389200283443699, 0.0 ], [ 77.947570627081276, 30.389056897975667, 0.0 ], [ 77.947523128914895, 30.388913154708156, 0.0 ], [ 77.947524775712083, 30.388798588940084, 0.0 ], [ 77.947477894755195, 30.38861188315121, 0.0 ], [ 77.947365145104513, 30.38841014444316, 0.0 ], [ 77.947351302065698, 30.388223796479256, 0.0 ], [ 77.947351919150933, 30.388180833968107, 0.0 ], [ 77.947320528621105, 30.388065910349752, 0.0 ], [ 77.947306892046484, 30.387865241560789, 0.0 ], [ 77.947309156049698, 30.387707713283167, 0.0 ], [ 77.947262275816044, 30.38752100835476, 0.0 ], [ 77.947297988785863, 30.387335195358038, 0.0 ], [ 77.947283528774634, 30.387191809894713, 0.0 ], [ 77.947252960930911, 30.387019603812163, 0.0 ], [ 77.947221982474133, 30.386876039418635, 0.0 ], [ 77.947110264989277, 30.386602695559532, 0.0 ], [ 77.947032819184486, 30.386243784509851, 0.0 ], [ 77.947019183144889, 30.386043114798959, 0.0 ], [ 77.946989645890653, 30.385799304528764, 0.0 ], [ 77.947075531505632, 30.385571064968801, 0.0 ], [ 77.947293972444569, 30.385315611266698, 0.0 ], [ 77.94734041446732, 30.385287785472851, 0.0 ], [ 77.947877506400303, 30.384903629173191, 0.0 ], [ 77.948055619207651, 30.384771871309106, 0.0 ], [ 77.948101587249283, 30.384638686534164, 0.0 ], [ 77.94819270123196, 30.384429599428046, 0.0 ], [ 77.948173419175916, 30.384238418781177, 0.0 ], [ 77.948110637875047, 30.384008572758784, 0.0 ], [ 77.948048132463796, 30.38375963258542, 0.0 ], [ 77.947812178596237, 30.383317846822159, 0.0 ], [ 77.947509333309171, 30.382932628791707, 0.0 ], [ 77.947115651181562, 30.382737402498709, 0.0 ], [ 77.946767390577833, 30.382447179135944, 0.0 ], [ 77.946461805218775, 30.382252903231691, 0.0 ], [ 77.946289186465521, 30.382002771745768, 0.0 ], [ 77.946203564723646, 30.381829970148647, 0.0 ], [ 77.946119315876373, 30.381561696890639, 0.0 ], [ 77.946016889524174, 30.381025863644332, 0.0 ], [ 77.945952742051944, 30.38089148859067, 0.0 ], [ 77.945934839268787, 30.3806048353966, 0.0 ], [ 77.945938684457133, 30.380337513810666, 0.0 ], [ 77.946207631083695, 30.380015766483396, 0.0 ], [ 77.946322139810647, 30.379711447226668, 0.0 ], [ 77.946303960992452, 30.379443888122907, 0.0 ], [ 77.946196867151457, 30.379232659101788, 0.0 ], [ 77.946176492784204, 30.379117854104457, 0.0 ], [ 77.946004429414515, 30.378829533383115, 0.0 ], [ 77.945767672245353, 30.378445026633209, 0.0 ], [ 77.94557303986484, 30.378194655399064, 0.0 ], [ 77.945442827469037, 30.378059565880115, 0.0 ], [ 77.945224799150608, 30.377904428254524, 0.0 ], [ 77.944634312819318, 30.377611578134992, 0.0 ], [ 77.94446088264678, 30.37741872646134, 0.0 ], [ 77.944220835196148, 30.377263349665643, 0.0 ], [ 77.944216705161978, 30.377244207444591, 0.0 ], [ 77.944110997655756, 30.377243062347507, 0.0 ], [ 77.944000610640501, 30.377260964993539, 0.0 ], [ 77.943758362958761, 30.377258341228334, 0.0 ], [ 77.943581908452103, 30.377275527373907, 0.0 ], [ 77.943229549120176, 30.377271709807466, 0.0 ], [ 77.942920684215494, 30.377306558099008, 0.0 ], [ 77.942766527202835, 30.37730488787043, 0.0 ], [ 77.942568876030961, 30.377264550557385, 0.0 ], [ 77.942072976505429, 30.37720533651607, 0.0 ], [ 77.942041163972462, 30.377201537040758, 0.0 ], [ 77.941866085778116, 30.3771232494956, 0.0 ], [ 77.94177937388686, 30.377026822050816, 0.0 ], [ 77.941714683144397, 30.376930633575586, 0.0 ], [ 77.941628523009996, 30.376796016992284, 0.0 ], [ 77.941563833565354, 30.376699829385338, 0.0 ], [ 77.941455925544872, 30.376545879525899, 0.0 ], [ 77.941391787970161, 30.376411501899895, 0.0 ], [ 77.941327374772897, 30.376296219227953, 0.0 ], [ 77.941263236473063, 30.376161841533204, 0.0 ], [ 77.941133859262962, 30.375969463319045, 0.0 ], [ 77.941070548800141, 30.375777803339513, 0.0 ], [ 77.941051283063572, 30.375586619832266, 0.0 ], [ 77.941054865366027, 30.375338393207855, 0.0 ], [ 77.941035323850514, 30.37516630466968, 0.0 ], [ 77.941061480265859, 30.374880128128638, 0.0 ], [ 77.941044142985177, 30.374555284235164, 0.0 ], [ 77.941091769979181, 30.374307534939508, 0.0 ], [ 77.941226655965821, 30.374118025104927, 0.0 ], [ 77.941627730362185, 30.373797719522425, 0.0 ], [ 77.942072295545245, 30.373516081313049, 0.0 ], [ 77.942100032989501, 30.373495981967217, 0.0 ], [ 77.942150568078418, 30.373419382741499, 0.0 ], [ 77.942207075073682, 30.3733337297353, 0.0 ], [ 77.942357166832963, 30.373235096010557, 0.0 ], [ 77.942556599919627, 30.373151319176465, 0.0 ], [ 77.942756652096762, 30.373024580494604, 0.0 ], [ 77.942873503803483, 30.372939909132239, 0.0 ], [ 77.943072728081262, 30.372870452212112, 0.0 ], [ 77.943140444576869, 30.372756601988641, 0.0 ], [ 77.9433409076575, 30.372601220661636, 0.0 ], [ 77.943458583178113, 30.372459264521638, 0.0 ], [ 77.94362560075264, 30.372332166741337, 0.0 ], [ 77.943694346464525, 30.372146712025486, 0.0 ], [ 77.94366317144835, 30.372017467141092, 0.0 ], [ 77.943666059714687, 30.37181697566265, 0.0 ], [ 77.943520305793939, 30.371614873998269, 0.0 ], [ 77.943308694657048, 30.371397735308928, 0.0 ], [ 77.943145599239529, 30.371252738191682, 0.0 ], [ 77.943015537010538, 30.371108097685799, 0.0 ], [ 77.942935434994496, 30.370935353312948, 0.0 ], [ 77.942823952840854, 30.370647684707389, 0.0 ], [ 77.942744058291396, 30.370460618550602, 0.0 ], [ 77.942696369211333, 30.370331194222814, 0.0 ], [ 77.942566721335865, 30.370157912652832, 0.0 ], [ 77.94240383689332, 30.369998593122819, 0.0 ], [ 77.94235552900318, 30.369912130232461, 0.0 ], [ 77.942224237707563, 30.369824503125024, 0.0 ], [ 77.942159199373918, 30.369781094217888, 0.0 ], [ 77.942061346113135, 30.369694094941039, 0.0 ], [ 77.941980832990211, 30.369549991736914, 0.0 ], [ 77.941933352166586, 30.369406246417444, 0.0 ], [ 77.941770469990658, 30.369246925335162, 0.0 ], [ 77.941640205350254, 30.36911660543478, 0.0 ], [ 77.941510353930852, 30.368957642915721, 0.0 ], [ 77.941330750777524, 30.36881246362038, 0.0 ], [ 77.941085292613693, 30.368652246234621, 0.0 ], [ 77.940922826031894, 30.368464283561018, 0.0 ], [ 77.940875760190536, 30.368291896381109, 0.0 ], [ 77.940811559151925, 30.368162292050641, 0.0 ], [ 77.94073084301202, 30.368032508165935, 0.0 ], [ 77.940534727449034, 30.367887148419118, 0.0 ], [ 77.940403638920202, 30.367814109747563, 0.0 ], [ 77.940222384626495, 30.367783496350324, 0.0 ], [ 77.940024615294377, 30.367752702189591, 0.0 ], [ 77.939844188941052, 30.36766480425355, 0.0 ], [ 77.939647453887474, 30.367562406528496, 0.0 ], [ 77.939384452492675, 30.36747361055783, 0.0 ], [ 77.939304152249605, 30.36731518438183, 0.0 ], [ 77.939307830150156, 30.367279569244147, 0.0 ], [ 77.939288257822142, 30.367272042341312, 0.0 ], [ 77.939173686213138, 30.367199182252328, 0.0 ], [ 77.939043014248071, 30.367097500803556, 0.0 ], [ 77.93899429707804, 30.367039679395539, 0.0 ], [ 77.938979437189957, 30.366924932543252, 0.0 ], [ 77.938964163769029, 30.366838828149593, 0.0 ], [ 77.938933825311949, 30.366652298616884, 0.0 ], [ 77.93891938005514, 30.366508911127447, 0.0 ], [ 77.93885538993473, 30.366364985293618, 0.0 ], [ 77.938824843418487, 30.366192776490578, 0.0 ], [ 77.93872885932457, 30.365976886349259, 0.0 ], [ 77.938666318893951, 30.36573271414467, 0.0 ], [ 77.938701833135809, 30.365561223504582, 0.0 ], [ 77.938787305151408, 30.365361629636215, 0.0 ], [ 77.938854813166941, 30.365262102280347, 0.0 ], [ 77.939089953456318, 30.364992519144977, 0.0 ], [ 77.939207626728248, 30.364850566544014, 0.0 ], [ 77.93932529962234, 30.364708614712036, 0.0 ], [ 77.939491894653983, 30.364610163139186, 0.0 ], [ 77.939641975749268, 30.364511531724418, 0.0 ], [ 77.939725376542555, 30.364455145801998, 0.0 ], [ 77.9398766988067, 30.364270589363421, 0.0 ], [ 77.939993955831582, 30.364157278372076, 0.0 ], [ 77.940308974609493, 30.364074759888741, 0.0 ], [ 77.940458020001429, 30.364047732290537, 0.0 ], [ 77.94082361565377, 30.36389414707115, 0.0 ], [ 77.940957386757376, 30.363781014598249, 0.0 ], [ 77.941058747204522, 30.363624560644457, 0.0 ], [ 77.941127079332489, 30.363467748655285, 0.0 ], [ 77.941228232252655, 30.363325615322982, 0.0 ], [ 77.941231332622749, 30.363110802339225, 0.0 ], [ 77.941250326640315, 30.362939132063275, 0.0 ], [ 77.941236912500827, 30.362724139656997, 0.0 ], [ 77.941222463909781, 30.362580752158056, 0.0 ], [ 77.941177053537885, 30.362293797770516, 0.0 ], [ 77.941179534130683, 30.362121948096735, 0.0 ], [ 77.941199147524159, 30.361907314465068, 0.0 ], [ 77.941185733432732, 30.361692322041737, 0.0 ], [ 77.941321153704166, 30.361464622441229, 0.0 ], [ 77.941390929462145, 30.361207563543417, 0.0 ], [ 77.941442331280058, 30.361079213432166, 0.0 ], [ 77.941511281131568, 30.360879438600644, 0.0 ], [ 77.941630185355464, 30.360651559175892, 0.0 ], [ 77.941815144985824, 30.360424395947753, 0.0 ], [ 77.941966663345909, 30.360225516378762, 0.0 ], [ 77.942084326315936, 30.360083561318877, 0.0 ], [ 77.942119793306802, 30.359860233026041, 0.0 ], [ 77.94210662216679, 30.359682756651377, 0.0 ], [ 77.942092380093229, 30.359525048341411, 0.0 ], [ 77.942111579126433, 30.359339056013383, 0.0 ], [ 77.942162359765248, 30.359253667938017, 0.0 ], [ 77.942229447380257, 30.359182780799991, 0.0 ], [ 77.942412544759037, 30.35908450384817, 0.0 ], [ 77.942444974100738, 30.35905160238697, 0.0 ], [ 77.942496352518518, 30.358999474041951, 0.0 ], [ 77.942531651049379, 30.358842302431736, 0.0 ], [ 77.942550022436635, 30.358713594157742, 0.0 ], [ 77.942520504738027, 30.358469781665324, 0.0 ], [ 77.942458403776769, 30.358396072739694, 0.0 ], [ 77.94242307483016, 30.358354140730274, 0.0 ], [ 77.942358259125982, 30.358267498916284, 0.0 ], [ 77.942276723215329, 30.358194999577751, 0.0 ], [ 77.942195393091893, 30.358108178448177, 0.0 ], [ 77.942114477497313, 30.357992716559327, 0.0 ], [ 77.941999914842043, 30.357919858585184, 0.0 ], [ 77.941852530925857, 30.357832321134119, 0.0 ], [ 77.941737761923207, 30.35777378377205, 0.0 ], [ 77.941640953862162, 30.35761517990219, 0.0 ], [ 77.94152825085186, 30.357413433271766, 0.0 ], [ 77.941447955889984, 30.357255007680454, 0.0 ], [ 77.941401101579331, 30.357068299073745, 0.0 ], [ 77.941287573451987, 30.356923836480213, 0.0 ], [ 77.941190352215955, 30.356793873967817, 0.0 ], [ 77.94110943779323, 30.356678410665253, 0.0 ], [ 77.940979397217944, 30.35653376760115, 0.0 ], [ 77.940883004121062, 30.356346521664971, 0.0 ], [ 77.940885897836111, 30.356146029364698, 0.0 ], [ 77.940871657761306, 30.355988320116637, 0.0 ], [ 77.940874551394273, 30.355787828709161, 0.0 ], [ 77.940845039180189, 30.355544015212303, 0.0 ], [ 77.9408301796758, 30.355429269318627, 0.0 ], [ 77.94079818655743, 30.355357306481515, 0.0 ], [ 77.940784153462474, 30.35518527641328, 0.0 ], [ 77.940802939694152, 30.355027925908033, 0.0 ], [ 77.940821520053447, 30.354884896229887, 0.0 ], [ 77.940973031785049, 30.354686017247271, 0.0 ], [ 77.940991818558885, 30.354528667602757, 0.0 ], [ 77.940960652757298, 30.354399421547566, 0.0 ], [ 77.940880360795688, 30.35424099487463, 0.0 ], [ 77.940815548910578, 30.354154352526489, 0.0 ], [ 77.9406522791367, 30.354023672334399, 0.0 ], [ 77.940521622878975, 30.353921992410541, 0.0 ], [ 77.94035876663564, 30.353762669355081, 0.0 ], [ 77.940113968544694, 30.353559487432594, 0.0 ], [ 77.939983726314537, 30.353429164506366, 0.0 ], [ 77.939836765721239, 30.353312983725992, 0.0 ], [ 77.939674326565694, 30.353125018366448, 0.0 ], [ 77.939429116437395, 30.352950476925415, 0.0 ], [ 77.939266678645822, 30.352762511143986, 0.0 ], [ 77.939021470187754, 30.352587968139048, 0.0 ], [ 77.938840451365863, 30.352543031217309, 0.0 ], [ 77.938742202945974, 30.352484670416938, 0.0 ], [ 77.938645610465471, 30.352311743184583, 0.0 ], [ 77.938647887608042, 30.352154213536679, 0.0 ], [ 77.938683396883377, 30.35198272231057, 0.0 ], [ 77.938702393505082, 30.351811051460412, 0.0 ], [ 77.938723252775745, 30.351510492517079, 0.0 ], [ 77.938693332103753, 30.351295320441722, 0.0 ], [ 77.938513351375931, 30.351178778362268, 0.0 ], [ 77.93839983381018, 30.351034312099493, 0.0 ], [ 77.938352574078138, 30.350876244455186, 0.0 ], [ 77.938321826818822, 30.350718355539467, 0.0 ], [ 77.938209138592072, 30.35051660599191, 0.0 ], [ 77.938178598770648, 30.350344396267207, 0.0 ], [ 77.938282459928459, 30.350198446833069, 0.0 ], [ 77.93825070286303, 30.350075972311966, 0.0 ], [ 77.938212191367796, 30.349312846990454, 0.0 ], [ 77.93825244983023, 30.349098436984615, 0.0 ], [ 77.938206795672443, 30.348829381804791, 0.0 ], [ 77.938197672776838, 30.348603692735225, 0.0 ], [ 77.938238552125199, 30.348346321209178, 0.0 ], [ 77.938303888369603, 30.348110700261358, 0.0 ], [ 77.93833145086225, 30.347917637078318, 0.0 ], [ 77.938471245461344, 30.347672083150371, 0.0 ], [ 77.938623578417733, 30.34741592308761, 0.0 ], [ 77.938774005035384, 30.347254534744476, 0.0 ], [ 77.938753290365312, 30.347222158796686, 0.0 ], [ 77.938756050205669, 30.347031213226309, 0.0 ], [ 77.938890903326168, 30.346841704795139, 0.0 ], [ 77.93900291391985, 30.346709239510087, 0.0 ], [ 77.939070616205314, 30.346595390144952, 0.0 ], [ 77.939138042754109, 30.346500634853516, 0.0 ], [ 77.939228587540796, 30.346329742041792, 0.0 ], [ 77.939230518568934, 30.346196079621905, 0.0 ], [ 77.939211537775819, 30.345985800840584, 0.0 ], [ 77.939127338813535, 30.345717520005081, 0.0 ], [ 77.939151836974446, 30.345545908353703, 0.0 ], [ 77.939137270480757, 30.34503011647756, 0.0 ], [ 77.939054726705379, 30.344647269103135, 0.0 ], [ 77.939058037586634, 30.344418134288546, 0.0 ], [ 77.939030867490771, 30.344363269168987, 0.0 ], [ 77.938911758373806, 30.344684632572964, 0.0 ], [ 77.938438325081592, 30.344992382534478, 0.0 ], [ 77.938041552740472, 30.344988067134619, 0.0 ], [ 77.93739500509173, 30.344793294593234, 0.0 ], [ 77.937002307258368, 30.344507412897407, 0.0 ], [ 77.936470313947268, 30.343875826867887, 0.0 ], [ 77.935978474676446, 30.342963067626631, 0.0 ], [ 77.935770213564808, 30.342397583601247, 0.0 ], [ 77.935525884679507, 30.341831705960235, 0.0 ], [ 77.93538885928119, 30.3413295767518, 0.0 ], [ 77.935432632193766, 30.340798127182559, 0.0 ], [ 77.935545823082791, 30.340455174104711, 0.0 ], [ 77.935722538720015, 30.340339017419286, 0.0 ], [ 77.935242082244343, 30.340194264400026, 0.0 ], [ 77.934783316640349, 30.340039312681991, 0.0 ], [ 77.934437612210644, 30.340035543297809, 0.0 ], [ 77.933919057344852, 30.340029887093859, 0.0 ], [ 77.933054797698688, 30.34002045576845, 0.0 ], [ 77.93230504798801, 30.34006225384012, 0.0 ], [ 77.931439337387033, 30.340152763067255, 0.0 ], [ 77.930747929714045, 30.34014520562938, 0.0 ], [ 77.930229373715193, 30.340139535589831, 0.0 ], [ 77.92971081796459, 30.340133863493705, 0.0 ], [ 77.929138280288385, 30.33987767967901, 0.0 ], [ 77.928957091243106, 30.339619018087753, 0.0 ], [ 77.928506125998936, 30.33958961099135, 0.0 ], [ 77.927779662160432, 30.339581653867768, 0.0 ], [ 77.926854653931045, 30.339600162605688, 0.0 ], [ 77.926323811858879, 30.339766220521373, 0.0 ], [ 77.925791714331325, 30.340018201938882, 0.0 ], [ 77.925613964491234, 30.340054680145826, 0.0 ], [ 77.925394206696964, 30.340099779689481, 0.0 ], [ 77.925096597341494, 30.340125159839197, 0.0 ], [ 77.924667320907716, 30.340120447161393, 0.0 ], [ 77.924138980509525, 30.340114645206299, 0.0 ], [ 77.923644080285612, 30.340080562602449, 0.0 ], [ 77.923083137230947, 30.340045752344484, 0.0 ], [ 77.922753343215462, 30.340013480772047, 0.0 ], [ 77.922225004215179, 30.34000767111467, 0.0 ], [ 77.92213580350446, 30.34001184446478, 0.0 ], [ 77.935148471000076, 30.410088309000031, 0.0 ], [ 77.937555188298518, 30.41323130484415, 0.0 ], [ 77.937651125192673, 30.413208671855688, 0.0 ], [ 77.937758090070602, 30.413028927377631, 0.0 ], [ 77.93781091739028, 30.412984274396319, 0.0 ], [ 77.937864072362615, 30.412917012645039, 0.0 ], [ 77.938047660237743, 30.412851167409819, 0.0 ], [ 77.938177438904759, 30.412897804953513, 0.0 ], [ 77.938489170532378, 30.412991646662938, 0.0 ], [ 77.938723622966549, 30.413016806989649, 0.0 ], [ 77.939010248433732, 30.413042534558258, 0.0 ], [ 77.939269807483456, 30.413135807701867, 0.0 ], [ 77.939530020757502, 30.413183860084295, 0.0 ], [ 77.939763494242484, 30.413276848576668, 0.0 ], [ 77.939943160829074, 30.413482319670763, 0.0 ], [ 77.939994027080544, 30.413573324828484, 0.0 ], [ 77.940070981086123, 30.413664613620565, 0.0 ], [ 77.940173694667664, 30.413778795666872, 0.0 ], [ 77.940354342478244, 30.413916436288439, 0.0 ], [ 77.940457383805096, 30.414008008458108, 0.0 ], [ 77.940560751447535, 30.41407696994121, 0.0 ], [ 77.940768467406016, 30.414147063579392, 0.0 ], [ 77.941001617446531, 30.414262659777162, 0.0 ], [ 77.941208681194908, 30.414377973090104, 0.0 ], [ 77.941310122703698, 30.414412203956424, 0.0 ], [ 77.94141639729061, 30.414448065743475, 0.0 ], [ 77.941598354740691, 30.414495265972356, 0.0 ], [ 77.941832158343928, 30.414565640426709, 0.0 ], [ 77.941909114858504, 30.414656928291354, 0.0 ], [ 77.942064332436502, 30.414749064068673, 0.0 ], [ 77.942141288269056, 30.41484035179414, 0.0 ], [ 77.942243679795155, 30.414977142183645, 0.0 ], [ 77.942501942734992, 30.415160847465565, 0.0 ], [ 77.942760857893987, 30.41529933279277, 0.0 ], [ 77.94302010041433, 30.415415207920486, 0.0 ], [ 77.943226842592111, 30.415553128072318, 0.0 ], [ 77.943434562870593, 30.415623216864955, 0.0 ], [ 77.943641307172712, 30.415761135548362, 0.0 ], [ 77.943744352584389, 30.41585270451295, 0.0 ], [ 77.943899900263389, 30.415922229490814, 0.0 ], [ 77.944055772498515, 30.415969143598169, 0.0 ], [ 77.944211644926014, 30.416016056627807, 0.0 ], [ 77.944341431146711, 30.416062688498972, 0.0 ], [ 77.94447056600454, 30.41615453888538, 0.0 ], [ 77.944625462268363, 30.416269281678158, 0.0 ], [ 77.944781010292246, 30.416338804762603, 0.0 ], [ 77.944910471090765, 30.416408044974833, 0.0 ], [ 77.945117218202725, 30.416545961532385, 0.0 ], [ 77.945218964461702, 30.41672796951849, 0.0 ], [ 77.945230768714126, 30.416831835475659, 0.0 ], [ 77.945399762999529, 30.417044921429429, 0.0 ], [ 77.945575188861099, 30.417104109440011, 0.0 ], [ 77.945749240383549, 30.417258769290715, 0.0 ], [ 77.945813960479938, 30.417354954686008, 0.0 ], [ 77.945965981633464, 30.417509374426825, 0.0 ], [ 77.946206129362281, 30.417664747889365, 0.0 ], [ 77.946270849120907, 30.417760933077091, 0.0 ], [ 77.946487319224872, 30.418030632487007, 0.0 ], [ 77.946572698102713, 30.418222525850517, 0.0 ], [ 77.946723349052476, 30.418472417006729, 0.0 ], [ 77.946875922320885, 30.418588647738702, 0.0 ], [ 77.946918338316493, 30.418703688866881, 0.0 ], [ 77.947005091991144, 30.418800111693937, 0.0 ], [ 77.947046958217356, 30.418953340913472, 0.0 ], [ 77.947133437762659, 30.41906885774868, 0.0 ], [ 77.947241674700734, 30.419203706466472, 0.0 ], [ 77.947282443629064, 30.419433312838077, 0.0 ], [ 77.947409968631618, 30.419759340956624, 0.0 ], [ 77.947406948880058, 30.419969376660831, 0.0 ], [ 77.947403929046615, 30.420179413259433, 0.0 ], [ 77.947510246524985, 30.420447921270636, 0.0 ], [ 77.947575244691748, 30.420525011035075, 0.0 ], [ 77.947705515681207, 30.42066009730862, 0.0 ], [ 77.947835787025227, 30.420795183474073, 0.0 ], [ 77.947965784384692, 30.420949363612152, 0.0 ], [ 77.948161605142786, 30.421123350946292, 0.0 ], [ 77.948270394134994, 30.42122001175596, 0.0 ], [ 77.948576651005268, 30.421376092956812, 0.0 ], [ 77.948772746872365, 30.42153098537899, 0.0 ], [ 77.948946812170888, 30.421685639969368, 0.0 ], [ 77.949033569332443, 30.421782060798289, 0.0 ], [ 77.949469830452827, 30.42209232017559, 0.0 ], [ 77.949863125610776, 30.422325725131575, 0.0 ], [ 77.95008153184672, 30.422461759180667, 0.0 ], [ 77.9502993919087, 30.422635981151206, 0.0 ], [ 77.950430217271787, 30.422732875981232, 0.0 ], [ 77.95060401245189, 30.422906622747984, 0.0 ], [ 77.950952152278902, 30.423215926557393, 0.0 ], [ 77.951169194284432, 30.423447429644405, 0.0 ], [ 77.951320138087397, 30.423678220731357, 0.0 ], [ 77.951384319110915, 30.423812591264902, 0.0 ], [ 77.951559213713722, 30.423909959590837, 0.0 ], [ 77.951733833969755, 30.424026421810527, 0.0 ], [ 77.95190790734901, 30.424181072989235, 0.0 ], [ 77.952059948420654, 30.424335485953961, 0.0 ], [ 77.952212263521986, 30.424470805535368, 0.0 ], [ 77.952254961478005, 30.424566750398711, 0.0 ], [ 77.952362937724089, 30.424720688894084, 0.0 ], [ 77.952516074451026, 30.424798724861549, 0.0 ], [ 77.952690970951693, 30.424896091827328, 0.0 ], [ 77.952697596912628, 30.424899316279856, 0.0 ], [ 77.953065260002376, 30.42491921477222, 0.0 ], [ 77.953373995884661, 30.424903437629073, 0.0 ], [ 77.953816023081899, 30.424812704142926, 0.0 ], [ 77.954301296063434, 30.424779725098098, 0.0 ], [ 77.954462417009083, 30.424813776224816, 0.0 ], [ 77.95449673757085, 30.424765568695648, 0.0 ], [ 77.954865181865657, 30.424788326342792, 0.0 ], [ 77.955254509443222, 30.424867702505857, 0.0 ], [ 77.955491744322956, 30.424964244936085, 0.0 ], [ 77.955815468154881, 30.425080513799333, 0.0 ], [ 77.956312436864522, 30.425217439152345, 0.0 ], [ 77.956462649631646, 30.425331844168472, 0.0 ], [ 77.956569483930295, 30.425445783324715, 0.0 ], [ 77.956742459875855, 30.425485236742492, 0.0 ], [ 77.957002461314815, 30.425506824378438, 0.0 ], [ 77.957090828539819, 30.425394978756518, 0.0 ], [ 77.957245335353207, 30.425208647072214, 0.0 ], [ 77.957422068469356, 30.424984955340676, 0.0 ], [ 77.957576306529546, 30.424817419015064, 0.0 ], [ 77.957750891607574, 30.424744094265236, 0.0 ], [ 77.957926013231443, 30.424633178504838, 0.0 ], [ 77.958209579136252, 30.424523423543363, 0.0 ], [ 77.958361669546647, 30.424506254655896, 0.0 ], [ 77.958623009402984, 30.42443385878251, 0.0 ], [ 77.959165232420759, 30.424439666400009, 0.0 ], [ 77.959423623329158, 30.424574025068466, 0.0 ], [ 77.959963169307102, 30.424767789863697, 0.0 ], [ 77.960157030682851, 30.42486385952126, 0.0 ], [ 77.960307782745147, 30.424940667722659, 0.0 ], [ 77.96058759867131, 30.425094053279715, 0.0 ], [ 77.960803150297636, 30.425190353327739, 0.0 ], [ 77.960953368743944, 30.425304753519104, 0.0 ], [ 77.961103050902167, 30.425456744384952, 0.0 ], [ 77.961136398793997, 30.425490075615439, 0.0 ] ] ] ] } },
{ "type": "Feature", "properties": { "OBJECTID": 633119.0, "GEOMORPHOL": "Terrace" }, "geometry": { "type": "MultiPolygon", "coordinates": [ [ [ [ 77.939030867490771, 30.344363269168987, 0.0 ], [ 77.938886883892579, 30.344072518194668, 0.0 ], [ 77.938780119183946, 30.34384218732971, 0.0 ], [ 77.938694543646804, 30.343669378736674, 0.0 ], [ 77.938586951841998, 30.343496331003198, 0.0 ], [ 77.938589987919343, 30.343286290359654, 0.0 ], [ 77.93859412844327, 30.342999873268809, 0.0 ], [ 77.938488193364435, 30.342712257215524, 0.0 ], [ 77.938381707512022, 30.342462831151543, 0.0 ], [ 77.938339886371608, 30.342309596481169, 0.0 ], [ 77.938278535289257, 30.341984270305037, 0.0 ], [ 77.938215251724472, 30.341792606485644, 0.0 ], [ 77.93810987217779, 30.341466802055276, 0.0 ], [ 77.938024299550307, 30.341293993191702, 0.0 ], [ 77.93796074112619, 30.341121423413856, 0.0 ], [ 77.937956360349474, 30.341110697780053, 0.0 ], [ 77.937811886739766, 30.340756950542062, 0.0 ], [ 77.93780790021755, 30.340732436928079, 0.0 ], [ 77.937783357976869, 30.340581496353817, 0.0 ], [ 77.937740772190494, 30.340565841547743, 0.0 ], [ 77.937672962843294, 30.340540914960371, 0.0 ], [ 77.937351512998333, 30.340318388428948, 0.0 ], [ 77.936992186326535, 30.34022060803219, 0.0 ], [ 77.936451159439684, 30.340214718154005, 0.0 ], [ 77.935873611188157, 30.34023971656659, 0.0 ], [ 77.935722538720015, 30.340339017419286, 0.0 ], [ 77.935545823082791, 30.340455174104711, 0.0 ], [ 77.935432632193766, 30.340798127182559, 0.0 ], [ 77.93538885928119, 30.3413295767518, 0.0 ], [ 77.935525884679507, 30.341831705960235, 0.0 ], [ 77.935770213564808, 30.342397583601247, 0.0 ], [ 77.935978474676446, 30.342963067626631, 0.0 ], [ 77.936470313947268, 30.343875826867887, 0.0 ], [ 77.937002307258368, 30.344507412897407, 0.0 ], [ 77.93739500509173, 30.344793294593234, 0.0 ], [ 77.938041552740472, 30.344988067134619, 0.0 ], [ 77.938438325081592, 30.344992382534478, 0.0 ], [ 77.938911758373806, 30.344684632572964, 0.0 ], [ 77.939030867490771, 30.344363269168987, 0.0 ] ] ] ] } },
{ "type": "Feature", "properties": { "OBJECTID": 633041.0, "GEOMORPHOL": "WatBod - River" }, "geometry": { "type": "MultiPolygon", "coordinates": [ [ [ [ 77.952793440933249, 30.342366775938693, 0.0 ], [ 77.952598900549631, 30.342330845062286, 0.0 ], [ 77.952446126975929, 30.342404397409521, 0.0 ], [ 77.952290020135052, 30.342561191301346, 0.0 ], [ 77.952266366209031, 30.342648387634345, 0.0 ], [ 77.952239704147047, 30.342972758896817, 0.0 ], [ 77.95230055559324, 30.343336266707158, 0.0 ], [ 77.952409810111831, 30.343394736068777, 0.0 ], [ 77.952539986786334, 30.343529820271357, 0.0 ], [ 77.952582103782547, 30.343663956678849, 0.0 ], [ 77.952642956707635, 30.344027464412274, 0.0 ], [ 77.952661145714742, 30.344295025290883, 0.0 ], [ 77.95267906182734, 30.344581681400665, 0.0 ], [ 77.952676055688883, 30.344791720788859, 0.0 ], [ 77.952695064496652, 30.345001998673652, 0.0 ], [ 77.952730622912071, 30.34559440426348, 0.0 ], [ 77.952880085888637, 30.345920670094987, 0.0 ], [ 77.953008900858705, 30.346151227514632, 0.0 ], [ 77.953265264333865, 30.346391173241297, 0.0 ], [ 77.953276842875113, 30.346391297770573, 0.0 ], [ 77.952793440933249, 30.342366775938693, 0.0 ] ] ] ] } },
{ "type": "Feature", "properties": { "OBJECTID": 633776.0, "GEOMORPHOL": "Point Bar" }, "geometry": { "type": "MultiPolygon", "coordinates": [ [ [ [ 77.954517062108465, 30.427518208191632, 0.0 ], [ 77.954505144998237, 30.427474604936403, 0.0 ], [ 77.954485295927483, 30.427321614851003, 0.0 ], [ 77.954398527606784, 30.427225197000411, 0.0 ], [ 77.954310666508121, 30.427205156649521, 0.0 ], [ 77.95411209112585, 30.427222119639467, 0.0 ], [ 77.953826474721183, 30.427161758286839, 0.0 ], [ 77.953718767057339, 30.42698872656198, 0.0 ], [ 77.953719313738972, 30.42695053825604, 0.0 ], [ 77.953764474040241, 30.426874636286087, 0.0 ], [ 77.953943201614578, 30.426704682790188, 0.0 ], [ 77.953946754369468, 30.426456458743093, 0.0 ], [ 77.953905692725172, 30.426245950220657, 0.0 ], [ 77.95384205239057, 30.426073392290135, 0.0 ], [ 77.953539053217085, 30.425688193080184, 0.0 ], [ 77.953430527366109, 30.425572443685937, 0.0 ], [ 77.95318925599318, 30.425493460926848, 0.0 ], [ 77.953057877327453, 30.425434756760431, 0.0 ], [ 77.9529254049733, 30.425452429051795, 0.0 ], [ 77.952704252958469, 30.425507341419248, 0.0 ], [ 77.952482463340331, 30.425539828451868, 0.0 ], [ 77.952439034391276, 30.425561779259617, 0.0 ], [ 77.952063648638656, 30.425615031787071, 0.0 ], [ 77.951908595441623, 30.42567065413602, 0.0 ], [ 77.951731508890248, 30.425726039096993, 0.0 ], [ 77.951554422157315, 30.425781423803148, 0.0 ], [ 77.951549372848788, 30.425781369814246, 0.0 ], [ 77.951649980584804, 30.42608567918537, 0.0 ], [ 77.951935742768669, 30.426403238733627, 0.0 ], [ 77.952332160072459, 30.426596194196168, 0.0 ], [ 77.952690492594783, 30.426914531760833, 0.0 ], [ 77.952977160693194, 30.427169201577446, 0.0 ], [ 77.953374483182941, 30.427299267275568, 0.0 ], [ 77.95355275237462, 30.427521322301402, 0.0 ], [ 77.95431471821118, 30.427529511386101, 0.0 ], [ 77.954517062108465, 30.427518208191632, 0.0 ] ] ] ] } },
{ "type": "Feature", "properties": { "OBJECTID": 642829.0, "GEOMORPHOL": "WatBod - River" }, "geometry": { "type": "MultiPolygon", "coordinates": [ [ [ [ 77.936649594387902, 30.337302691817939, 0.0 ], [ 77.93656306292111, 30.337286697972402, 0.0 ], [ 77.936366046328644, 30.337208161326771, 0.0 ], [ 77.936168754060873, 30.337148720307464, 0.0 ], [ 77.936037225008164, 30.337109092179219, 0.0 ], [ 77.935795353098015, 30.337087359986995, 0.0 ], [ 77.935641534243828, 30.337066586116816, 0.0 ], [ 77.935531743429081, 30.337046292868401, 0.0 ], [ 77.935443689535916, 30.337045333107064, 0.0 ], [ 77.935333897789917, 30.337025038771163, 0.0 ], [ 77.935245843929891, 30.337024078877754, 0.0 ], [ 77.935135777120266, 30.3370228793904, 0.0 ], [ 77.934408776824213, 30.337053147710872, 0.0 ], [ 77.934254128392467, 30.33708965622202, 0.0 ], [ 77.933196648880426, 30.337135411378306, 0.0 ], [ 77.932778114109936, 30.337149939819955, 0.0 ], [ 77.932607607401181, 30.337118419122081, 0.0 ], [ 77.932625291944078, 30.337134864300367, 0.0 ], [ 77.932746410113879, 30.337210393729656, 0.0 ], [ 77.932801210770606, 30.337278744513089, 0.0 ], [ 77.93306928793659, 30.337466227250335, 0.0 ], [ 77.933318756170209, 30.337603171738706, 0.0 ], [ 77.933683288757436, 30.337808483777632, 0.0 ], [ 77.933991264092185, 30.337912510087154, 0.0 ], [ 77.93431979572884, 30.33793287136524, 0.0 ], [ 77.934667909053218, 30.337936667487501, 0.0 ], [ 77.935054703738487, 30.337940884059659, 0.0 ], [ 77.935404032875653, 30.337860803492859, 0.0 ], [ 77.935754090316379, 30.337730395464394, 0.0 ], [ 77.936046613168983, 30.337565804344816, 0.0 ], [ 77.936102365459064, 30.33749520308087, 0.0 ], [ 77.936175659438831, 30.337459925504898, 0.0 ], [ 77.936583803273209, 30.337332212793115, 0.0 ], [ 77.936649594387902, 30.337302691817939, 0.0 ] ] ] ] } },
{ "type": "Feature", "properties": { "OBJECTID": 642827.0, "GEOMORPHOL": "Lateral Bar" }, "geometry": { "type": "MultiPolygon", "coordinates": [ [ [ [ 77.947330529029614, 30.339745308405245, 0.0 ], [ 77.947272510120911, 30.339713686191864, 0.0 ], [ 77.946944493025654, 30.33955736054779, 0.0 ], [ 77.946329470871646, 30.339455222640236, 0.0 ], [ 77.945845984971612, 30.339392699806126, 0.0 ], [ 77.945429639694879, 30.339254511848161, 0.0 ], [ 77.945099704417018, 30.339231843229179, 0.0 ], [ 77.94454962813019, 30.339206790409982, 0.0 ], [ 77.944221617613039, 30.339050458323417, 0.0 ], [ 77.944026240397307, 30.338857365563857, 0.0 ], [ 77.943852603909889, 30.338683606695763, 0.0 ], [ 77.943569723536811, 30.338451370727352, 0.0 ], [ 77.943351785135533, 30.338296229172016, 0.0 ], [ 77.943330046363769, 30.338276895889308, 0.0 ], [ 77.94328601858723, 30.338276418606828, 0.0 ], [ 77.943162178956499, 30.338275076745983, 0.0 ], [ 77.942795365493168, 30.337902148079724, 0.0 ], [ 77.94216302951385, 30.33779532327792, 0.0 ], [ 77.941298789003142, 30.337785946164168, 0.0 ], [ 77.941185478975029, 30.337809215074255, 0.0 ], [ 77.94102520958252, 30.337793553822493, 0.0 ], [ 77.940739581674521, 30.337752258390974, 0.0 ], [ 77.94049798255142, 30.337711439693486, 0.0 ], [ 77.940036521923659, 30.337649134754944, 0.0 ], [ 77.939728881901758, 30.337607597545183, 0.0 ], [ 77.939354926386756, 30.337584436366253, 0.0 ], [ 77.939025824730606, 30.337504468605751, 0.0 ], [ 77.938653801507456, 30.337347643851057, 0.0 ], [ 77.938413307796196, 30.337230442198141, 0.0 ], [ 77.938259764474935, 30.337190577252308, 0.0 ], [ 77.938221896130386, 30.337190165970721, 0.0 ], [ 77.938487236669346, 30.337308873611772, 0.0 ], [ 77.938823640913185, 30.33745937333903, 0.0 ], [ 77.939124496948565, 30.337726958855175, 0.0 ], [ 77.939323371464354, 30.338022803507862, 0.0 ], [ 77.939523943325256, 30.338201192960849, 0.0 ], [ 77.939657234464178, 30.338349482865738, 0.0 ], [ 77.939756249508875, 30.33852676820921, 0.0 ], [ 77.940023681555687, 30.338764620026119, 0.0 ], [ 77.940529358258601, 30.338916953761256, 0.0 ], [ 77.94086788923687, 30.338920629918945, 0.0 ], [ 77.941477669083937, 30.338897880294805, 0.0 ], [ 77.941815777417887, 30.33893091689475, 0.0 ], [ 77.942219898440669, 30.339082143008159, 0.0 ], [ 77.942858877438908, 30.339382754687975, 0.0 ], [ 77.943229572216723, 30.339504245752828, 0.0 ], [ 77.943599843532368, 30.339655100523014, 0.0 ], [ 77.943971385952139, 30.339717861929397, 0.0 ], [ 77.944375936190696, 30.339839717036735, 0.0 ], [ 77.944950176833103, 30.339934039871256, 0.0 ], [ 77.945286177240959, 30.340113886211743, 0.0 ], [ 77.945690308279808, 30.34026510132755, 0.0 ], [ 77.946096551935156, 30.340269495840747, 0.0 ], [ 77.946469363416398, 30.340244159571753, 0.0 ], [ 77.946844284875965, 30.340072004500932, 0.0 ], [ 77.947186617336385, 30.3398113902043, 0.0 ], [ 77.947330529029614, 30.339745308405245, 0.0 ] ] ] ] } },
{ "type": "Feature", "properties": { "OBJECTID": 642826.0, "GEOMORPHOL": "Channel Bar" }, "geometry": { "type": "MultiPolygon", "coordinates": [ [ [ [ 77.929230704017854, 30.337061044178085, 0.0 ], [ 77.929112220636625, 30.337059747289977, 0.0 ], [ 77.92833318723315, 30.33708058669227, 0.0 ], [ 77.927552014376786, 30.337248239592544, 0.0 ], [ 77.926872825547875, 30.33738763703813, 0.0 ], [ 77.926191493420532, 30.337673849714889, 0.0 ], [ 77.925782692985877, 30.337845575311476, 0.0 ], [ 77.925438597810057, 30.338223588103833, 0.0 ], [ 77.925060219362379, 30.338630592978436, 0.0 ], [ 77.924818106957403, 30.338980355522253, 0.0 ], [ 77.92430473833042, 30.339356506784657, 0.0 ], [ 77.924097332788079, 30.339647913176652, 0.0 ], [ 77.924331734035817, 30.339826697541387, 0.0 ], [ 77.924805253297222, 30.339861264355775, 0.0 ], [ 77.925313053980332, 30.339866838059319, 0.0 ], [ 77.925894555584705, 30.339462062122905, 0.0 ], [ 77.926034678431279, 30.339140547317637, 0.0 ], [ 77.926176083949599, 30.33873094110611, 0.0 ], [ 77.926521033284118, 30.33829419853156, 0.0 ], [ 77.926998395259929, 30.338064485920849, 0.0 ], [ 77.927474472718714, 30.337922861785319, 0.0 ], [ 77.928084249998051, 30.33790017377687, 0.0 ], [ 77.928729588831885, 30.337760399112138, 0.0 ], [ 77.929342353322596, 30.337532159696149, 0.0 ], [ 77.929413049056663, 30.337327355158376, 0.0 ], [ 77.929281055314505, 30.337090963580952, 0.0 ], [ 77.929230704017854, 30.337061044178085, 0.0 ] ] ] ] } },
{ "type": "Feature", "properties": { "OBJECTID": 642837.0, "GEOMORPHOL": "WatBod - River" }, "geometry": { "type": "MultiPolygon", "coordinates": [ [ [ [ 77.942620695249659, 30.339872927907589, 0.0 ], [ 77.942314191347307, 30.339685215504989, 0.0 ], [ 77.941987295843489, 30.339461407496863, 0.0 ], [ 77.94158455035533, 30.339214749417568, 0.0 ], [ 77.941179264457233, 30.33914427196747, 0.0 ], [ 77.940621640104141, 30.339072139641669, 0.0 ], [ 77.940013237487676, 30.338999453223717, 0.0 ], [ 77.939457204690811, 30.338817201765881, 0.0 ], [ 77.939181734627425, 30.33854989327001, 0.0 ], [ 77.938882785952899, 30.338150171429582, 0.0 ], [ 77.938735858654212, 30.337774127970988, 0.0 ], [ 77.938307738008078, 30.337527184158922, 0.0 ], [ 77.937926895951435, 30.337523041078644, 0.0 ], [ 77.937317548489077, 30.33751641091467, 0.0 ], [ 77.936960821585515, 30.337600632909027, 0.0 ], [ 77.936552995294022, 30.337706323763051, 0.0 ], [ 77.936169601796351, 30.337878358380625, 0.0 ], [ 77.935760179184186, 30.338094160542543, 0.0 ], [ 77.93530029574228, 30.338287384776844, 0.0 ], [ 77.935035220624783, 30.338440495366029, 0.0 ], [ 77.935221822355643, 30.338559206555619, 0.0 ], [ 77.935880813132712, 30.338775229016161, 0.0 ], [ 77.936541316457095, 30.338886843349314, 0.0 ], [ 77.937199557485627, 30.339155061985327, 0.0 ], [ 77.937734413713827, 30.339630775002394, 0.0 ], [ 77.938270029965167, 30.340054284517585, 0.0 ], [ 77.938680001683352, 30.340841897323937, 0.0 ], [ 77.938727617493839, 30.340908630147915, 0.0 ], [ 77.938715854714829, 30.34067129478322, 0.0 ], [ 77.938587908429525, 30.340383439908617, 0.0 ], [ 77.938524349433322, 30.340210870357257, 0.0 ], [ 77.938423266322815, 30.339968665279308, 0.0 ], [ 77.938442675148565, 30.339768351584521, 0.0 ], [ 77.938543808342743, 30.339626219483677, 0.0 ], [ 77.938858544480254, 30.339558026153494, 0.0 ], [ 77.939089071219016, 30.339603501539528, 0.0 ], [ 77.939171624543278, 30.339604398606838, 0.0 ], [ 77.939452303371013, 30.339607449088483, 0.0 ], [ 77.939666941447214, 30.339609781645386, 0.0 ], [ 77.940129444354298, 30.339600482509969, 0.0 ], [ 77.940377515756481, 30.339574530757666, 0.0 ], [ 77.940624761622118, 30.339605861914979, 0.0 ], [ 77.940838159281398, 30.33969411848441, 0.0 ], [ 77.940969830102674, 30.339724193658139, 0.0 ], [ 77.941299835685086, 30.339742099490334, 0.0 ], [ 77.941307704953871, 30.339741730032891, 0.0 ], [ 77.941590938053338, 30.339785840589876, 0.0 ], [ 77.941854556545351, 30.33982689608257, 0.0 ], [ 77.942316854568773, 30.339831911011309, 0.0 ], [ 77.942620695249659, 30.339872927907589, 0.0 ] ] ] ] } },
{ "type": "Feature", "properties": { "OBJECTID": 642836.0, "GEOMORPHOL": "WatBod - River" }, "geometry": { "type": "MultiPolygon", "coordinates": [ [ [ [ 77.925613964491234, 30.340054680145826, 0.0 ], [ 77.925791714331325, 30.340018201938882, 0.0 ], [ 77.926323811858879, 30.339766220521373, 0.0 ], [ 77.926854653931045, 30.339600162605688, 0.0 ], [ 77.927779662160432, 30.339581653867768, 0.0 ], [ 77.928506125998936, 30.33958961099135, 0.0 ], [ 77.928957091243106, 30.339619018087753, 0.0 ], [ 77.929138280288385, 30.33987767967901, 0.0 ], [ 77.92971081796459, 30.340133863493705, 0.0 ], [ 77.930229373715193, 30.340139535589831, 0.0 ], [ 77.930747929714045, 30.34014520562938, 0.0 ], [ 77.931439337387033, 30.340152763067255, 0.0 ], [ 77.93230504798801, 30.34006225384012, 0.0 ], [ 77.933054797698688, 30.34002045576845, 0.0 ], [ 77.933919057344852, 30.340029887093859, 0.0 ], [ 77.934437612210644, 30.340035543297809, 0.0 ], [ 77.934783316640349, 30.340039312681991, 0.0 ], [ 77.935242082244343, 30.340194264400026, 0.0 ], [ 77.935722538720015, 30.340339017419286, 0.0 ], [ 77.935873611188157, 30.34023971656659, 0.0 ], [ 77.936451159439684, 30.340214718154005, 0.0 ], [ 77.936992186326535, 30.34022060803219, 0.0 ], [ 77.937351512998333, 30.340318388428948, 0.0 ], [ 77.937672962843294, 30.340540914960371, 0.0 ], [ 77.937740772190494, 30.340565841547743, 0.0 ], [ 77.937721580280666, 30.340518210621429, 0.0 ], [ 77.937666680893045, 30.340152140690883, 0.0 ], [ 77.937313882661442, 30.3395739887697, 0.0 ], [ 77.936657150951532, 30.33920136648787, 0.0 ], [ 77.935876277725285, 30.339088441901211, 0.0 ], [ 77.935035222008565, 30.33897485564561, 0.0 ], [ 77.934436161623267, 30.338727063278185, 0.0 ], [ 77.934200557805482, 30.338826050819993, 0.0 ], [ 77.93333442962421, 30.339014837309456, 0.0 ], [ 77.93277904905699, 30.33878851237635, 0.0 ], [ 77.932378565690783, 30.338387667218928, 0.0 ], [ 77.932028546776664, 30.338009397944003, 0.0 ], [ 77.931704878342217, 30.337565336228959, 0.0 ], [ 77.930969543225501, 30.337491221579874, 0.0 ], [ 77.929875554781674, 30.337633441303961, 0.0 ], [ 77.929136376721132, 30.337823588769645, 0.0 ], [ 77.928396874936695, 30.338035755566221, 0.0 ], [ 77.92775989007238, 30.338182961664199, 0.0 ], [ 77.926995634422241, 30.338350796659611, 0.0 ], [ 77.926661076206884, 30.3386554965047, 0.0 ], [ 77.926478211896168, 30.339005912165455, 0.0 ], [ 77.926218534951246, 30.339399536874105, 0.0 ], [ 77.925959819056402, 30.339727092545047, 0.0 ], [ 77.925650964755775, 30.340010045534797, 0.0 ], [ 77.925613964491234, 30.340054680145826, 0.0 ] ] ] ] } },
{ "type": "Feature", "properties": { "OBJECTID": 642825.0, "GEOMORPHOL": "Channel Bar" }, "geometry": { "type": "MultiPolygon", "coordinates": [ [ [ [ 77.921859821986459, 30.338525615060433, 0.0 ], [ 77.922038922898523, 30.339490118204541, 0.0 ], [ 77.922135557983424, 30.339508877501501, 0.0 ], [ 77.92291075070527, 30.339752348475283, 0.0 ], [ 77.923384268637946, 30.339786920387372, 0.0 ], [ 77.92396406299909, 30.339499607047053, 0.0 ], [ 77.924378016637576, 30.338975522844439, 0.0 ], [ 77.924519428602821, 30.338565918878938, 0.0 ], [ 77.924389589139281, 30.338182704389375, 0.0 ], [ 77.924120909815159, 30.338032912369076, 0.0 ], [ 77.923441710113266, 30.338172292085112, 0.0 ], [ 77.922760792485462, 30.338429123300873, 0.0 ], [ 77.92201474110702, 30.338509024229769, 0.0 ], [ 77.921859821986459, 30.338525615060433, 0.0 ] ] ] ] } },
{ "type": "Feature", "properties": { "OBJECTID": 642828.0, "GEOMORPHOL": "Lateral Bar" }, "geometry": { "type": "MultiPolygon", "coordinates": [ [ [ [ 77.945934601430849, 30.340621088032641, 0.0 ], [ 77.946201007150478, 30.340733368727072, 0.0 ], [ 77.946398313878674, 30.340792795459407, 0.0 ], [ 77.946902724300017, 30.340931932246743, 0.0 ], [ 77.947209828288919, 30.341011641894603, 0.0 ], [ 77.947671582099304, 30.341054827589446, 0.0 ], [ 77.947978962061953, 30.341115440346393, 0.0 ], [ 77.948374399907792, 30.341177004638546, 0.0 ], [ 77.948527405151296, 30.341255046881614, 0.0 ], [ 77.948774811974857, 30.341365702821403, 0.0 ], [ 77.948818616556053, 30.341444116942466, 0.0 ], [ 77.949184862943497, 30.341598464234835, 0.0 ], [ 77.949357689822534, 30.341637928425328, 0.0 ], [ 77.949788949645225, 30.341792977000818, 0.0 ], [ 77.950090725728018, 30.341909028325635, 0.0 ], [ 77.950394118041245, 30.341912300828348, 0.0 ], [ 77.950573081931623, 30.341931503844947, 0.0 ], [ 77.95058888665892, 30.341933200183572, 0.0 ], [ 77.950826997047045, 30.341954566178856, 0.0 ], [ 77.951068748203639, 30.341992198329141, 0.0 ], [ 77.950814599122751, 30.341818227338639, 0.0 ], [ 77.95034527126316, 30.341490115824058, 0.0 ], [ 77.949841671841796, 30.341191001150673, 0.0 ], [ 77.949438793542896, 30.340951708130873, 0.0 ], [ 77.948866649121896, 30.340710586434842, 0.0 ], [ 77.948396068476157, 30.340470559589065, 0.0 ], [ 77.947687249887537, 30.340316060744502, 0.0 ], [ 77.94714559214772, 30.340310207724301, 0.0 ], [ 77.946771514069155, 30.34042363672134, 0.0 ], [ 77.946227745089359, 30.340564597506873, 0.0 ], [ 77.945934601430849, 30.340621088032641, 0.0 ] ] ] ] } },
{ "type": "Feature", "properties": { "OBJECTID": 634689.0, "GEOMORPHOL": "Alluvial Fan" }, "geometry": { "type": "MultiPolygon", "coordinates": [ [ [ [ 77.921796216847795, 30.338183085502738, 0.0 ], [ 77.921855552097753, 30.338170237291532, 0.0 ], [ 77.922287332446203, 30.33800310839219, 0.0 ], [ 77.92252056850441, 30.337862441405598, 0.0 ], [ 77.923116611202275, 30.337754407855314, 0.0 ], [ 77.923513275057005, 30.337730120906862, 0.0 ], [ 77.923776602961553, 30.337790306937421, 0.0 ], [ 77.924204614924236, 30.337880947570287, 0.0 ], [ 77.9248988817765, 30.33783127783947, 0.0 ], [ 77.925399201911787, 30.33749301218052, 0.0 ], [ 77.925765350060558, 30.337296505254411, 0.0 ], [ 77.925998998431254, 30.337127189349648, 0.0 ], [ 77.926465456058096, 30.336845841492725, 0.0 ], [ 77.927096177806874, 30.336623585461101, 0.0 ], [ 77.927724394365299, 30.33657317723311, 0.0 ], [ 77.928186674908204, 30.336578241193738, 0.0 ], [ 77.928648540017392, 30.336611945862661, 0.0 ], [ 77.928977490778948, 30.336701486499521, 0.0 ], [ 77.92943935701949, 30.336735187526291, 0.0 ], [ 77.929900806375812, 30.336797529262242, 0.0 ], [ 77.930263611324833, 30.336830144053732, 0.0 ], [ 77.930610613795949, 30.336833939167555, 0.0 ], [ 77.930803278739148, 30.33668911935861, 0.0 ], [ 77.931332155275754, 30.336656704989643, 0.0 ], [ 77.931508262824835, 30.336658629972661, 0.0 ], [ 77.931683815728519, 30.336698742759353, 0.0 ], [ 77.931901454775215, 30.336872999088186, 0.0 ], [ 77.932273466787606, 30.337029844113953, 0.0 ], [ 77.93255853400224, 30.337109347583539, 0.0 ], [ 77.932607607401181, 30.337118419122081, 0.0 ], [ 77.932778114109936, 30.337149939819955, 0.0 ], [ 77.933196648880426, 30.337135411378306, 0.0 ], [ 77.934254128392467, 30.33708965622202, 0.0 ], [ 77.934408776824213, 30.337053147710872, 0.0 ], [ 77.935135777120266, 30.3370228793904, 0.0 ], [ 77.935245843929891, 30.337024078877754, 0.0 ], [ 77.935333897789917, 30.337025038771163, 0.0 ], [ 77.935443689535916, 30.337045333107064, 0.0 ], [ 77.935531743429081, 30.337046292868401, 0.0 ], [ 77.935641534243828, 30.337066586116816, 0.0 ], [ 77.935795353098015, 30.337087359986995, 0.0 ], [ 77.936037225008164, 30.337109092179219, 0.0 ], [ 77.936168754060873, 30.337148720307464, 0.0 ], [ 77.936366046328644, 30.337208161326771, 0.0 ], [ 77.93656306292111, 30.337286697972402, 0.0 ], [ 77.936649594387902, 30.337302691817939, 0.0 ], [ 77.936782645661012, 30.337327284511598, 0.0 ], [ 77.936958201498697, 30.337367390404872, 0.0 ], [ 77.937222641211662, 30.337351171514285, 0.0 ], [ 77.937377565033529, 30.337295564419001, 0.0 ], [ 77.937576240088603, 30.337259531340614, 0.0 ], [ 77.937973587762571, 30.33718746419725, 0.0 ], [ 77.938221896130386, 30.337190165970721, 0.0 ], [ 77.938259764474935, 30.337190577252308, 0.0 ], [ 77.938413307796196, 30.337230442198141, 0.0 ], [ 77.938653801507456, 30.337347643851057, 0.0 ], [ 77.939025824730606, 30.337504468605751, 0.0 ], [ 77.939354926386756, 30.337584436366253, 0.0 ], [ 77.939728881901758, 30.337607597545183, 0.0 ], [ 77.940036521923659, 30.337649134754944, 0.0 ], [ 77.94049798255142, 30.337711439693486, 0.0 ], [ 77.940739581674521, 30.337752258390974, 0.0 ], [ 77.94102520958252, 30.337793553822493, 0.0 ], [ 77.941185478975029, 30.337809215074255, 0.0 ], [ 77.941298789003142, 30.337785946164168, 0.0 ], [ 77.94216302951385, 30.33779532327792, 0.0 ], [ 77.942795365493168, 30.337902148079724, 0.0 ], [ 77.943162178956499, 30.338275076745983, 0.0 ], [ 77.94328601858723, 30.338276418606828, 0.0 ], [ 77.943330046363769, 30.338276895889308, 0.0 ], [ 77.943351785135533, 30.338296229172016, 0.0 ], [ 77.943569723536811, 30.338451370727352, 0.0 ], [ 77.943852603909889, 30.338683606695763, 0.0 ], [ 77.944026240397307, 30.338857365563857, 0.0 ], [ 77.944221617613039, 30.339050458323417, 0.0 ], [ 77.94454962813019, 30.339206790409982, 0.0 ], [ 77.945099704417018, 30.339231843229179, 0.0 ], [ 77.945429639694879, 30.339254511848161, 0.0 ], [ 77.945845984971612, 30.339392699806126, 0.0 ], [ 77.946329470871646, 30.339455222640236, 0.0 ], [ 77.946944493025654, 30.33955736054779, 0.0 ], [ 77.947272510120911, 30.339713686191864, 0.0 ], [ 77.947330529029614, 30.339745308405245, 0.0 ], [ 77.947665748343695, 30.339928009016951, 0.0 ], [ 77.947950561403232, 30.340026574438109, 0.0 ], [ 77.948674564516338, 30.340206270559559, 0.0 ], [ 77.949310238178853, 30.340404108295353, 0.0 ], [ 77.949808740195408, 30.340608831495789, 0.0 ], [ 77.949827602970217, 30.340609034718739, 0.0 ], [ 77.949979027752875, 30.340629468487016, 0.0 ], [ 77.950346888707827, 30.34067103426921, 0.0 ], [ 77.95060612862251, 30.340730228526706, 0.0 ], [ 77.95105986535043, 30.3408291167, 0.0 ], [ 77.951276571186469, 30.340831452357357, 0.0 ], [ 77.952012836637124, 30.340876983937108, 0.0 ], [ 77.952403176502699, 30.340862388543414, 0.0 ], [ 77.952615229371034, 30.340883090705177, 0.0 ], [ 77.951166244000063, 30.328819686000056, 0.0 ], [ 77.921498142000061, 30.336577878000085, 0.0 ], [ 77.921796216847795, 30.338183085502738, 0.0 ] ] ] ] } }
]
}
