{
"type": "FeatureCollection",
"name": "road_100mbuffer",
"crs": { "type": "name", "properties": { "name": "urn:ogc:def:crs:OGC:1.3:CRS84" } },
"features": [
{ "type": "Feature", "properties": { "Id": 0 }, "geometry": { "type": "MultiPolygon", "coordinates": [ [ [ [ 83.977220665613842, 30.436559934977456 ], [ 83.977226508104778, 30.436558997029781 ], [ 83.977227169000116, 30.436559022033425 ], [ 83.977292212803178, 30.436556561231463 ], [ 83.977299087506296, 30.43655843948466 ], [ 83.977369395879109, 30.436572034763874 ], [ 83.97745705740266, 30.436596166479521 ], [ 83.97754572056391, 30.436613198885052 ], [ 83.977561310572753, 30.43661497738098 ], [ 83.977588990480101, 30.436621403618123 ], [ 83.977622093858272, 30.436628587196655 ], [ 83.977672750287539, 30.436638818286941 ], [ 83.977719055214905, 30.436647214074473 ], [ 83.977770194661716, 30.436655440147806 ], [ 83.977779426483423, 30.436656887878986 ], [ 83.977829960489913, 30.436663505121384 ], [ 83.977881560953549, 30.436669143172121 ], [ 83.977954897857202, 30.436674881675128 ], [ 83.978006826332944, 30.436677344697447 ], [ 83.978026936605232, 30.436677821264411 ], [ 83.978041866467649, 30.436679524450359 ], [ 83.978132596000165, 30.436682957016234 ], [ 83.978223325532667, 30.436679524450359 ], [ 83.978313364539673, 30.436669252877433 ], [ 83.978402027751741, 30.43665222047208 ], [ 83.978433271966153, 30.436643684177742 ], [ 83.97851892268298, 30.436627230475342 ], [ 83.978605535280082, 30.43660356686809 ], [ 83.978689438095088, 30.436573452158076 ], [ 83.978750746968615, 30.436545796870149 ], [ 83.978789683734249, 30.436529542676869 ], [ 83.978835387004395, 30.436507967631474 ], [ 83.978880614838502, 30.436485316540871 ], [ 83.978925008892801, 30.43646178091711 ], [ 83.978967989962882, 30.436436352124172 ], [ 83.979010186114692, 30.436410023930502 ], [ 83.979071032763656, 30.436369011048878 ], [ 83.979091483355106, 30.436353745606102 ], [ 83.979130434413477, 30.436323899403437 ], [ 83.979168544455362, 30.436293193020578 ], [ 83.979204835919774, 30.436260874694963 ], [ 83.979240154882817, 30.436227807491232 ], [ 83.979273611875897, 30.436194914739065 ], [ 83.97930693624015, 30.436158647871157 ], [ 83.97933826810916, 30.436122690674825 ], [ 83.979363423548662, 30.43609226916578 ], [ 83.979391833689576, 30.436060186146694 ], [ 83.979402657851409, 30.436045463346382 ], [ 83.979405415534373, 30.436042349148149 ], [ 83.979454209991204, 30.435975979928163 ], [ 83.979496143166187, 30.435906178204295 ], [ 83.979530895933067, 30.43583347521631 ], [ 83.979558203815955, 30.435758424283907 ], [ 83.97956126408009, 30.435746462401134 ], [ 83.979562677056407, 30.435742786106044 ], [ 83.979577563381113, 30.435700647994022 ], [ 83.979591566971749, 30.435657247888113 ], [ 83.979608490792501, 30.435596843610266 ], [ 83.979619012353012, 30.435552708529254 ], [ 83.979624723382173, 30.435526853598081 ], [ 83.979629297008628, 30.435502420506975 ], [ 83.979636919550515, 30.435457837447775 ], [ 83.979642674183367, 30.435418118586686 ], [ 83.979648006714768, 30.435373284544962 ], [ 83.979651576193874, 30.435335504810954 ], [ 83.979652436369889, 30.435323235393206 ], [ 83.979653276218173, 30.435319952603077 ], [ 83.979663253104164, 30.435254281259692 ], [ 83.979674928988771, 30.435250090449859 ], [ 83.979690255347805, 30.435245903044592 ], [ 83.979771975021677, 30.43521657150313 ], [ 83.979904230247556, 30.435176673348128 ], [ 83.979947069672633, 30.435168443670388 ], [ 83.980033680980441, 30.435144780057808 ], [ 83.980117582546669, 30.435114665340866 ], [ 83.980123258459926, 30.435112105003679 ], [ 83.980194782336341, 30.435092882089041 ], [ 83.980237387257887, 30.435082056960692 ], [ 83.980264097836084, 30.435075521740504 ], [ 83.980296124593423, 30.435071868094941 ], [ 83.980384786360418, 30.435054835685502 ], [ 83.980471397567868, 30.435031172072566 ], [ 83.980487244143475, 30.435025484268117 ], [ 83.980487534345471, 30.435025420854576 ], [ 83.980508657503265, 30.435023011101645 ], [ 83.980597319226035, 30.435005978692029 ], [ 83.980680452751344, 30.434983265227853 ], [ 83.980860764233086, 30.434943864407114 ], [ 83.980881883352964, 30.434941455112838 ], [ 83.980948336527121, 30.434928689077942 ], [ 83.980949428066779, 30.434929928725705 ], [ 83.980981886960848, 30.434965145924995 ], [ 83.980997846992892, 30.434982038846901 ], [ 83.98101754555195, 30.435001793721792 ], [ 83.981052115496183, 30.435035464924685 ], [ 83.981103032864823, 30.435081655836225 ], [ 83.981140261876874, 30.435113119040356 ], [ 83.981197953502218, 30.435158356177237 ], [ 83.981208992777482, 30.435166271372669 ], [ 83.981249280873371, 30.435194755572912 ], [ 83.981256035888407, 30.435199229339958 ], [ 83.98128065308984, 30.435218776170867 ], [ 83.981352700876599, 30.43526668170907 ], [ 83.98142929295949, 30.435308963688943 ], [ 83.981509846418334, 30.435345300311898 ], [ 83.981593748181908, 30.435375415027774 ], [ 83.981656736426302, 30.435392624395483 ], [ 83.981658635828282, 30.435393207256976 ], [ 83.981707786205376, 30.435407873382534 ], [ 83.981769923765725, 30.435424552089305 ], [ 83.981833142218946, 30.435437835223897 ], [ 83.981854480851055, 30.435441711392173 ], [ 83.981858855573066, 30.435442906633678 ], [ 83.981947517691069, 30.435459939042051 ], [ 83.982037555587141, 30.435470210616931 ], [ 83.982128284000183, 30.435473643183517 ], [ 83.982219012413054, 30.435470210616931 ], [ 83.982245645320845, 30.435467172319495 ], [ 83.982246456589763, 30.435467141827619 ], [ 83.982311333783159, 30.435462940114864 ], [ 83.982375781375666, 30.435455234912343 ], [ 83.982427029827193, 30.43544768684475 ], [ 83.982433360284773, 30.435446737043979 ], [ 83.982493916688938, 30.435435868204817 ], [ 83.982553621406723, 30.43542190262821 ], [ 83.982603384805103, 30.435408876515222 ], [ 83.982658396882314, 30.4353930150255 ], [ 83.982725271018936, 30.435369619893624 ], [ 83.982772771339597, 30.435351319742008 ], [ 83.982822215499823, 30.435330904310529 ], [ 83.982870352037068, 30.435308263689063 ], [ 83.982885496726837, 30.435300538499686 ], [ 83.982928018941564, 30.435278427327948 ], [ 83.982983598906372, 30.435247405359309 ], [ 83.983028221334266, 30.435219319118954 ], [ 83.983031378001371, 30.435217219400421 ], [ 83.983058996729469, 30.435201972716417 ], [ 83.983131044468806, 30.435154067177681 ], [ 83.98319799958314, 30.435100902678744 ], [ 83.983207197187781, 30.435092204896605 ], [ 83.983253304460973, 30.435113003341083 ], [ 83.98333720602578, 30.435143118058026 ], [ 83.983423817332181, 30.435166781670606 ], [ 83.983512479200428, 30.435183814079689 ], [ 83.983514556758195, 30.43518405108939 ], [ 83.983584139175264, 30.435197393077882 ], [ 83.98362377154217, 30.435202768521084 ], [ 83.983675275002867, 30.435208875575857 ], [ 83.983739960877827, 30.435214768559735 ], [ 83.983804945204014, 30.435217149529823 ], [ 83.983856925682247, 30.435217645534305 ], [ 83.983868388000104, 30.435217700218917 ], [ 83.983927691693083, 30.435216235265603 ], [ 83.983986802758807, 30.435211845164165 ], [ 83.98403844922494, 30.435206721117911 ], [ 83.984100799827658, 30.435198872077738 ], [ 83.984166458742948, 30.435186937727163 ], [ 83.984216964167672, 30.435176274633111 ], [ 83.984272227903134, 30.435163201092283 ], [ 83.984326577990402, 30.435147513057412 ], [ 83.984341147346257, 30.435142810946534 ], [ 83.984389725703423, 30.435126773810648 ], [ 83.984449754653227, 30.435105072178157 ], [ 83.984453317134921, 30.435103551401674 ], [ 83.98450767340924, 30.435084041344727 ], [ 83.984588226653315, 30.435047704720173 ], [ 83.984617325252671, 30.435031641053154 ], [ 83.984627155544544, 30.43502720672274 ], [ 83.984703747407167, 30.434984924740913 ], [ 83.984775794986987, 30.434937019200756 ], [ 83.984842749953174, 30.434883854700043 ], [ 83.984904102736479, 30.434825835860888 ], [ 83.984910010027136, 30.434819164782976 ], [ 83.984913872771386, 30.434815766938659 ], [ 83.984948991729439, 30.43478253373527 ], [ 83.984978699145174, 30.43475316986731 ], [ 83.984997280170248, 30.434733421353375 ], [ 83.985029572060654, 30.43469809315452 ], [ 83.985047766948114, 30.434677230249694 ], [ 83.985073255331159, 30.434653126876352 ], [ 83.985087376581106, 30.43463572674737 ], [ 83.985127817722216, 30.434590056652642 ], [ 83.985142268498606, 30.434572971066363 ], [ 83.985177777293984, 30.434524652850445 ], [ 83.985191270319348, 30.434506578973828 ], [ 83.985208771004153, 30.434490006890744 ], [ 83.98523749663137, 30.434457567050774 ], [ 83.985250296788564, 30.434445462409396 ], [ 83.985314245301893, 30.434416615795943 ], [ 83.985315383356436, 30.434415989519312 ], [ 83.985317255125224, 30.434415491233988 ], [ 83.985325598035587, 30.434413595908492 ], [ 83.98533403928009, 30.434412000778952 ], [ 83.98534238955051, 30.434410735754334 ], [ 83.985415051416112, 30.434413484831655 ], [ 83.98544161164159, 30.434423037151657 ], [ 83.985449215865771, 30.434425114764405 ], [ 83.985470123591909, 30.434436656793427 ], [ 83.985512913037667, 30.434455958733206 ], [ 83.985567438594543, 30.434492213796869 ], [ 83.985644030072237, 30.434534495781893 ], [ 83.98567695871462, 30.434549349585502 ], [ 83.985685002658798, 30.43455415489996 ], [ 83.985687957611177, 30.434556501241037 ], [ 83.985760004911214, 30.434604406784036 ], [ 83.985836596476474, 30.43464668876835 ], [ 83.985850092144432, 30.434652776531266 ], [ 83.986001886527546, 30.434743455896083 ], [ 83.986004855318711, 30.434745813220996 ], [ 83.986076902757844, 30.434793718762574 ], [ 83.986153494471083, 30.434836000745644 ], [ 83.986167007437643, 30.434842096299839 ], [ 83.986541512636137, 30.435065819291527 ], [ 83.986544477117874, 30.435068173186739 ], [ 83.986616524794144, 30.435116078726008 ], [ 83.98669311675927, 30.435158360706946 ], [ 83.986706621713225, 30.435164452626449 ], [ 83.986858418789112, 30.435255133599846 ], [ 83.986861377825505, 30.435257483166698 ], [ 83.986933425640686, 30.435305388704545 ], [ 83.986977145276768, 30.435329523732122 ], [ 83.98704859220426, 30.435377029696529 ], [ 83.987115547769434, 30.435413991880065 ], [ 83.987138227232549, 30.435432000045513 ], [ 83.987143675929332, 30.435441069965261 ], [ 83.987153760739119, 30.435454787192615 ], [ 83.987155918787607, 30.435460718234051 ], [ 83.98719067142234, 30.435533421226122 ], [ 83.987215397221078, 30.435574579808531 ], [ 83.98723751058084, 30.435620841220921 ], [ 83.987269720302038, 30.435674457497761 ], [ 83.987339445314745, 30.435813330255233 ], [ 83.987356524799765, 30.435860270215063 ], [ 83.987391277576066, 30.435932973202693 ], [ 83.987433210762589, 30.436002774926205 ], [ 83.987447149791009, 30.436021734501626 ], [ 83.987460987696764, 30.436045868390469 ], [ 83.987476536163811, 30.43607191431251 ], [ 83.987479837128475, 30.436077230335332 ], [ 83.987495024860436, 30.436100834919575 ], [ 83.987500538456771, 30.436109010725385 ], [ 83.987527011226163, 30.436147796904276 ], [ 83.987553589847607, 30.436184679366516 ], [ 83.987582188806357, 30.43622040910444 ], [ 83.987601409371678, 30.436243227328994 ], [ 83.987617947522352, 30.436265722130482 ], [ 83.987673232040109, 30.436328153727263 ], [ 83.987734585763818, 30.436386172552918 ], [ 83.987751470722671, 30.436399579570903 ], [ 83.987769331536299, 30.436416469550007 ], [ 83.987836287549655, 30.436469634038286 ], [ 83.987908336255856, 30.436517539567252 ], [ 83.987984929316283, 30.436559821539131 ], [ 83.988065483803268, 30.436596158155158 ], [ 83.988085261564919, 30.436603256861137 ], [ 83.988089220311139, 30.436605118568902 ], [ 83.98814016539805, 30.43662602865572 ], [ 83.988171879613304, 30.436638145756287 ], [ 83.988235827513606, 30.436660417860804 ], [ 83.988280060412549, 30.436673402312362 ], [ 83.988313129674367, 30.4366823983902 ], [ 83.988368765900304, 30.436696074578737 ], [ 83.988425192756921, 30.436707052470755 ], [ 83.988459210052213, 30.436712815522124 ], [ 83.988478189374504, 30.436715872870987 ], [ 83.98852583228954, 30.436722170655148 ], [ 83.988573760540234, 30.436726550958024 ], [ 83.98860830485502, 30.436729008980077 ], [ 83.988693502000189, 30.436732035009637 ], [ 83.988723830033777, 30.43673165211894 ], [ 83.988758476352132, 30.436730777110963 ], [ 83.988816218968154, 30.436727926018978 ], [ 83.988873689727683, 30.436722300553551 ], [ 83.988908010034095, 30.436718101515812 ], [ 83.988943236620898, 30.436713256871304 ], [ 83.989021380510309, 30.43669861591761 ], [ 83.989054952789658, 30.436691145851977 ], [ 83.989058956114704, 30.436690106520956 ], [ 83.989099991834152, 30.436682223468079 ], [ 83.989186604479741, 30.436658559861005 ], [ 83.989270507341828, 30.436628445151168 ], [ 83.989351061855459, 30.436592108535141 ], [ 83.989408550904798, 30.436560372637231 ], [ 83.989433495627097, 30.436549120540288 ], [ 83.989510088679168, 30.436506838568409 ], [ 83.989582137377553, 30.436458933039265 ], [ 83.989649093383449, 30.436405768550987 ], [ 83.989710447119592, 30.436347749725332 ], [ 83.989765731648362, 30.436285318128906 ], [ 83.989770640706141, 30.436278640946011 ], [ 83.989774718675307, 30.436274204982059 ], [ 83.989825706605103, 30.436213753202477 ], [ 83.989844984483412, 30.436188784076688 ], [ 83.989881292483759, 30.436138221916895 ], [ 83.989891397826099, 30.436122703075572 ], [ 83.989916502570694, 30.436083243902932 ], [ 83.989953013425477, 30.436020134914497 ], [ 83.989974484109908, 30.435979087760909 ], [ 83.989986622792756, 30.435954281795894 ], [ 83.990010982238871, 30.435913733203765 ], [ 83.990045735008422, 30.435841030215958 ], [ 83.990073042893442, 30.435765979283556 ], [ 83.990079437792446, 30.435740983066015 ], [ 83.990089048612674, 30.435718152714983 ], [ 83.990093696281775, 30.435710416215809 ], [ 83.990128448979206, 30.435637713225692 ], [ 83.990155756807553, 30.43556266229098 ], [ 83.990157696309623, 30.435555081198782 ], [ 83.990220950914917, 30.435404820886589 ], [ 83.990225602265511, 30.435397078234114 ], [ 83.990260354851742, 30.435324375240445 ], [ 83.990287662592877, 30.43524932430218 ], [ 83.990289603457313, 30.435241737860217 ], [ 83.990445560433628, 30.434871264534955 ], [ 83.99045021212919, 30.434863521265374 ], [ 83.990484964526601, 30.434790818265842 ], [ 83.990512272118877, 30.434715767321361 ], [ 83.990514212556988, 30.434708182503964 ], [ 83.990556114696531, 30.434608644635706 ], [ 83.990570376447337, 30.434584904281667 ], [ 83.990605128745798, 30.434512201279116 ], [ 83.990632436260626, 30.434437150331437 ], [ 83.990634378090519, 30.434429196860044 ], [ 83.990644129904013, 30.434402395332558 ], [ 83.990650003265188, 30.434379437364676 ], [ 83.990652854443326, 30.434372163418697 ], [ 83.990667288541147, 30.434332335407053 ], [ 83.990674235049497, 30.434311492356834 ], [ 83.990681666587463, 30.434295945289289 ], [ 83.990708974042064, 30.434220894339123 ], [ 83.990728628918731, 30.434144066631372 ], [ 83.990740481649254, 30.434066046875028 ], [ 83.990743578724206, 30.434016664013495 ], [ 83.990756039301672, 30.433938674876568 ], [ 83.990759999692798, 30.43386005684928 ], [ 83.990756037637937, 30.433781438884164 ], [ 83.990746165490563, 30.433716465086089 ], [ 83.990745735460507, 30.433710860511507 ], [ 83.990741345110209, 30.433668649300447 ], [ 83.990735460643961, 30.433623868346391 ], [ 83.990727438915428, 30.433574837609942 ], [ 83.990719770095978, 30.433535722599423 ], [ 83.990719531988233, 30.433530997881117 ], [ 83.990707677690423, 30.43345297830454 ], [ 83.990688021376158, 30.433376150893618 ], [ 83.990685068557539, 30.433368035878647 ], [ 83.990681751327315, 30.433346203359033 ], [ 83.99068010735472, 30.433338126450291 ], [ 83.990662503415436, 30.433269320741427 ], [ 83.990660066178705, 30.433261431971435 ], [ 83.990652824529647, 30.433241861196034 ], [ 83.990647211111479, 30.433206393298793 ], [ 83.990639181214107, 30.433175008076105 ], [ 83.990636556760734, 30.433157735063663 ], [ 83.990636575961474, 30.433157312736245 ], [ 83.990637398072735, 30.433148357368243 ], [ 83.990638633166185, 30.433139434709364 ], [ 83.990640278934336, 30.433130562610753 ], [ 83.990642331988411, 30.433121757920265 ], [ 83.990643281354338, 30.433118387251632 ], [ 83.99064754526303, 30.433111289368018 ], [ 83.990675615074394, 30.433052565462102 ], [ 83.990701637109055, 30.433027957020951 ], [ 83.990709002036652, 30.433019639684975 ], [ 83.990741336750489, 30.43299813940644 ], [ 83.9907625813333, 30.432981270152712 ], [ 83.990793084098939, 30.432964430970042 ], [ 83.99086513019337, 30.432916525414964 ], [ 83.990901742878066, 30.43288745310063 ], [ 83.990937895739663, 30.432864591293338 ], [ 83.991004739265932, 30.432827689985462 ], [ 83.991076785259992, 30.432779784429496 ], [ 83.991095475883881, 30.432764943112343 ], [ 83.991248807926411, 30.432667981282577 ], [ 83.991315653068369, 30.43263107900783 ], [ 83.991387698917833, 30.432583173450443 ], [ 83.99140638911949, 30.432568332438379 ], [ 83.991549426004227, 30.432477880906958 ], [ 83.991561094978906, 30.432472617028825 ], [ 83.991637684845443, 30.432430335030656 ], [ 83.99170973054747, 30.432382429471669 ], [ 83.991756175817315, 30.432345549385929 ], [ 83.991760054025292, 30.432343024723938 ], [ 83.991766960572889, 30.432338285313296 ], [ 83.991802113166713, 30.432318879043283 ], [ 83.991874158786672, 30.432270973483408 ], [ 83.991940007172261, 30.432216993225101 ], [ 83.991963442380339, 30.432196691378497 ], [ 83.99200585552019, 30.432163012966438 ], [ 83.992067206600495, 30.432104994103124 ], [ 83.992122488736342, 30.432042562465842 ], [ 83.992132665054527, 30.432028720273294 ], [ 83.992132984463467, 30.43202838259079 ], [ 83.992141903032817, 30.432018729226371 ], [ 83.99214215143536, 30.432018531980507 ], [ 83.992203502425255, 30.43196051311595 ], [ 83.992258851750023, 30.43189843163999 ], [ 83.992334909645109, 30.431884183109279 ], [ 83.992381213433646, 30.431871531733865 ], [ 83.992414339684373, 30.431867752531492 ], [ 83.992502998553064, 30.431850720113705 ], [ 83.992589606929172, 30.431827056489222 ], [ 83.992673505655546, 30.431796941757003 ], [ 83.992754056198308, 30.431760605114153 ], [ 83.992830645508491, 30.431718323111365 ], [ 83.992902690687202, 30.43167041754705 ], [ 83.992969643422114, 30.431617253019869 ], [ 83.993030994160833, 30.431559234151759 ], [ 83.99308627598883, 30.431496802509326 ], [ 83.993135068183122, 30.431430433243154 ], [ 83.993176999413336, 30.431360631470614 ], [ 83.993211750568889, 30.43128792843218 ], [ 83.99323905718542, 30.431212877447198 ], [ 83.993258711459006, 30.431136049704275 ], [ 83.993270563825916, 30.43105802991187 ], [ 83.993274524100869, 30.430979411849766 ], [ 83.993270562162536, 30.430900793850011 ], [ 83.993258708182864, 30.430822774241992 ], [ 83.993248101290789, 30.430777470183532 ], [ 83.993244562159845, 30.430764119210583 ], [ 83.993228279506752, 30.430710346564158 ], [ 83.993208205278435, 30.430657545223259 ], [ 83.993173452947104, 30.430584842688422 ], [ 83.993131520764763, 30.430515041499415 ], [ 83.993082727871652, 30.430448672878949 ], [ 83.993027445618921, 30.430386241924854 ], [ 83.992966094743082, 30.430328223766399 ], [ 83.992899142162884, 30.430275059948872 ], [ 83.99282709742613, 30.430227155072895 ], [ 83.992750508832003, 30.430184873715636 ], [ 83.992669959257881, 30.430148537656496 ], [ 83.992586061723628, 30.430118423428052 ], [ 83.992499454727024, 30.43009476021231 ], [ 83.992410797383698, 30.430077728095615 ], [ 83.992320764412398, 30.430067456699437 ], [ 83.992230041000141, 30.430064024193069 ], [ 83.992228672920007, 30.430064075954153 ], [ 83.992225719000146, 30.430063964193064 ], [ 83.99213499558789, 30.430067396699432 ], [ 83.992044962616774, 30.43007766809561 ], [ 83.991991750045358, 30.430087045159357 ], [ 83.991939174160905, 30.430098814131821 ], [ 83.991919915286942, 30.430103592834588 ], [ 83.991896187210017, 30.430109480780274 ], [ 83.991881195554996, 30.430111191100071 ], [ 83.991792538181286, 30.430128223216766 ], [ 83.991705931155025, 30.430151886432508 ], [ 83.99170111724699, 30.430153614338771 ], [ 83.991681964139175, 30.430158847448627 ], [ 83.991642274053916, 30.430167820203433 ], [ 83.991592047726286, 30.430180349990774 ], [ 83.991542444118309, 30.43019390187359 ], [ 83.991499628736406, 30.430206495851362 ], [ 83.991493140962802, 30.430207742227342 ], [ 83.991406533866197, 30.430231405442729 ], [ 83.991322636235481, 30.430261519670641 ], [ 83.991242086568462, 30.430297855729069 ], [ 83.991165497886044, 30.430340137085619 ], [ 83.99115060095248, 30.430350042527063 ], [ 83.991118155909476, 30.430367576740078 ], [ 83.991084703239949, 30.430387126699596 ], [ 83.991076195074143, 30.430390964740415 ], [ 83.990999606318894, 30.430433246096253 ], [ 83.990927561430794, 30.430481150970632 ], [ 83.990860608709738, 30.430534314786559 ], [ 83.990799257704921, 30.430592332943061 ], [ 83.990788047407705, 30.430604992847918 ], [ 83.990787556956647, 30.430605420167343 ], [ 83.99076169672135, 30.430629510661564 ], [ 83.990740464868367, 30.430646369797341 ], [ 83.990679113793391, 30.430704387952954 ], [ 83.990626399998732, 30.43076391811864 ], [ 83.990596100076075, 30.430792571960783 ], [ 83.990540817594194, 30.430855002911148 ], [ 83.990526377227951, 30.430874644770665 ], [ 83.990522206129469, 30.430877956820144 ], [ 83.990500213142653, 30.430898754980138 ], [ 83.99047428531388, 30.43091934289107 ], [ 83.990434236223621, 30.430941452153757 ], [ 83.990362190961946, 30.430989357024405 ], [ 83.990325579592636, 30.431018428133392 ], [ 83.990182190946527, 30.431109101404772 ], [ 83.990115387977852, 30.431145980176897 ], [ 83.990043342565912, 30.431193885046124 ], [ 83.990024673150828, 30.431208709387878 ], [ 83.989871280729844, 30.431305708648235 ], [ 83.989804470780271, 30.431342591199115 ], [ 83.989732425223721, 30.431390496066921 ], [ 83.989713751116042, 30.431405324104652 ], [ 83.98967788078906, 30.431428007071446 ], [ 83.989666218540037, 30.431433267865113 ], [ 83.989589628970506, 30.431475549214202 ], [ 83.989517583316257, 30.43152345408112 ], [ 83.989495966289155, 30.431540618898776 ], [ 83.989465084470282, 30.431557667223483 ], [ 83.989393038755637, 30.431605572089691 ], [ 83.989326085266669, 30.431658735896381 ], [ 83.989281903959608, 30.431700520999936 ], [ 83.989244617169689, 30.431731944118443 ], [ 83.98921536219045, 30.431757601033436 ], [ 83.98918942893215, 30.431781273204948 ], [ 83.989160185172111, 30.431804493910573 ], [ 83.989098833372211, 30.431862512055883 ], [ 83.989043550287079, 30.431924942995945 ], [ 83.989023507878358, 30.431952204480037 ], [ 83.989001195201951, 30.431978205724395 ], [ 83.988977011423586, 30.432007597796993 ], [ 83.988947669249569, 30.432044812606716 ], [ 83.988924887535802, 30.432074984108635 ], [ 83.988897285326757, 30.432113184925011 ], [ 83.988878075283594, 30.432140860611643 ], [ 83.988875884874147, 30.432144164247941 ], [ 83.988850068631137, 30.432183292071944 ], [ 83.988830138902514, 30.432214950463408 ], [ 83.988806148627674, 30.432254940296186 ], [ 83.988799129290385, 30.432267235915642 ], [ 83.988793045045099, 30.432275511620919 ], [ 83.988751112109753, 30.432345312791096 ], [ 83.988716359154225, 30.432418015306215 ], [ 83.988693139376295, 30.432481829103484 ], [ 83.988690937465819, 30.432486988309524 ], [ 83.988680801710117, 30.432512280784838 ], [ 83.988664470325872, 30.432555072663146 ], [ 83.988652190563599, 30.43258954623008 ], [ 83.988637847157847, 30.432632869121843 ], [ 83.988627170422262, 30.432667732218075 ], [ 83.988614836997499, 30.432711518123821 ], [ 83.988605772532225, 30.432746743354553 ], [ 83.988595470091198, 30.432790922275164 ], [ 83.988590662003759, 30.43281294628942 ], [ 83.988588041984357, 30.432826417134837 ], [ 83.988579786529897, 30.432870916070751 ], [ 83.988574001215099, 30.432906646485822 ], [ 83.98856780574998, 30.432951397437566 ], [ 83.988563674440286, 30.432987294969269 ], [ 83.9885595489677, 30.433032223936838 ], [ 83.988557076988101, 30.433068244879156 ], [ 83.988555028510973, 30.433113280862987 ], [ 83.988554220950917, 30.433149067661756 ], [ 83.988554251561808, 30.433194407474371 ], [ 83.988555109482292, 30.433230496744788 ], [ 83.988556544036371, 30.433261093224981 ], [ 83.98855537542245, 30.433284281849335 ], [ 83.988559335790484, 30.433362899883551 ], [ 83.988568392585705, 30.433422516029172 ], [ 83.988569474932277, 30.433444001882624 ], [ 83.988581327587667, 30.433522021646429 ], [ 83.988600982339634, 30.433598849361463 ], [ 83.988609707267969, 30.433621911856843 ], [ 83.988610687966514, 30.433626594759087 ], [ 83.98861482045038, 30.433654504596017 ], [ 83.988616464252445, 30.43366258149339 ], [ 83.988634066845961, 30.433731387506366 ], [ 83.988636503922464, 30.433739276279379 ], [ 83.988647627151991, 30.4337698471676 ], [ 83.988662847708099, 30.433829342071004 ], [ 83.988633877459506, 30.433890474375733 ], [ 83.98860656857795, 30.433965524914672 ], [ 83.988600173926287, 30.433990518487839 ], [ 83.988558180745798, 30.434090267826317 ], [ 83.98855573065056, 30.434094346157767 ], [ 83.988491607886488, 30.434043431347799 ], [ 83.988419560379867, 30.433995526499533 ], [ 83.988359437178161, 30.433962336291618 ], [ 83.988354897394856, 30.433959419655086 ], [ 83.988348273814239, 30.433955289424173 ], [ 83.988323778151852, 30.43393583933641 ], [ 83.988251730724443, 30.433887934487434 ], [ 83.988175139269842, 30.433845653153977 ], [ 83.988164920318908, 30.433841043541374 ], [ 83.988133496311434, 30.433820149479782 ], [ 83.988056904909939, 30.43377786814597 ], [ 83.988043423553378, 30.433771786907791 ], [ 83.987891576802113, 30.433681076885186 ], [ 83.98788864039669, 30.433678745309276 ], [ 83.987816593158286, 30.433630840458346 ], [ 83.987740001904768, 30.433588559123113 ], [ 83.987726534812879, 30.433582484307706 ], [ 83.987351944501228, 30.433358712015011 ], [ 83.98734901419607, 30.433356385275143 ], [ 83.987276967194646, 30.433308480421726 ], [ 83.987200376192831, 30.433266199084539 ], [ 83.9871869150831, 30.433260126947257 ], [ 83.987035052958618, 30.433169407740976 ], [ 83.987032112903847, 30.433167073255039 ], [ 83.986960066041505, 30.433119168400378 ], [ 83.986883475187668, 30.433076887061947 ], [ 83.986869999670077, 30.433070808413518 ], [ 83.986860028888898, 30.433064852080669 ], [ 83.986842614111538, 30.433051024242683 ], [ 83.98677056733446, 30.433003119387312 ], [ 83.986693976571402, 30.432960838047993 ], [ 83.986652379325932, 30.432942073994571 ], [ 83.986648669620678, 30.432939995186867 ], [ 83.986595545734758, 30.432904672376058 ], [ 83.986518955048609, 30.432862391036206 ], [ 83.986438403274292, 30.432826054992166 ], [ 83.986358533359166, 30.432797387234487 ], [ 83.986350234896449, 30.432793896427643 ], [ 83.986310817161424, 30.432778186019913 ], [ 83.986275140700613, 30.432764740047134 ], [ 83.986241122930238, 30.432749394982448 ], [ 83.986157223170025, 30.432719280766261 ], [ 83.986070613875185, 30.432695617559755 ], [ 83.986030746289416, 30.432687958734714 ], [ 83.98599318462675, 30.432678413668288 ], [ 83.985951324937346, 30.432668592136078 ], [ 83.985900847360384, 30.432657721231724 ], [ 83.985858561243901, 30.432649420680544 ], [ 83.98580760568413, 30.432640380760798 ], [ 83.985779579100594, 30.432635754444046 ], [ 83.985764925420895, 30.43263360879612 ], [ 83.985713579875124, 30.43262641686054 ], [ 83.985670643790399, 30.432621195395146 ], [ 83.985618997255699, 30.432615862443111 ], [ 83.985606045343886, 30.432614761655916 ], [ 83.985604165061204, 30.432614400441036 ], [ 83.985514129760219, 30.432604129048944 ], [ 83.985423404000159, 30.432600696543997 ], [ 83.985332678240098, 30.432604129048944 ], [ 83.985325331670779, 30.432604967159058 ], [ 83.98528997112723, 30.432605801814869 ], [ 83.985238018603695, 30.432607966795242 ], [ 83.985194736799784, 30.432610554766679 ], [ 83.985142933270851, 30.432614593730332 ], [ 83.985099833568725, 30.432618739928206 ], [ 83.985048270030759, 30.432624644874959 ], [ 83.985005382538617, 30.432630346652321 ], [ 83.984953401441857, 30.432638222013662 ], [ 83.984911623542857, 30.432645344165241 ], [ 83.984860805977945, 30.432654947080326 ], [ 83.984818613744054, 30.432663722115958 ], [ 83.984768301161154, 30.432675152015651 ], [ 83.984726589963643, 30.432685437099192 ], [ 83.984676870359735, 30.432698672984468 ], [ 83.984635685912238, 30.432710455751764 ], [ 83.984586646284768, 30.432725474623421 ], [ 83.984577495797467, 30.432728318767364 ], [ 83.984546062462243, 30.432738734260543 ], [ 83.98449778780811, 30.432755510119467 ], [ 83.984457879557709, 30.43277022204661 ], [ 83.984434300689344, 30.432779421504694 ], [ 83.98443286861044, 30.432779812773934 ], [ 83.984348968798372, 30.432809926990121 ], [ 83.9842684170372, 30.432846263034339 ], [ 83.984191826363656, 30.43288854437419 ], [ 83.984184563352485, 30.432893373652146 ], [ 83.984159079621989, 30.432906853385564 ], [ 83.984137391053892, 30.432918645323301 ], [ 83.984129456089917, 30.432923078289473 ], [ 83.984111319755527, 30.432933444130992 ], [ 83.984076026902258, 30.432954076975935 ], [ 83.984043768320859, 30.432973716294729 ], [ 83.9840017834658, 30.43300032010011 ], [ 83.983967308935192, 30.433023135210089 ], [ 83.983926639041954, 30.433051232010886 ], [ 83.98390644378955, 30.43306554624424 ], [ 83.983893304409662, 30.433075262070606 ], [ 83.983854020477111, 30.433104801868414 ], [ 83.983836076707703, 30.433118873110363 ], [ 83.983810921311274, 30.433135599251724 ], [ 83.983769711046463, 30.433168321367763 ], [ 83.983754391779456, 30.433161411034124 ], [ 83.983730648063215, 30.43315288871705 ], [ 83.983722264060134, 30.433149038688398 ], [ 83.98372030656499, 30.433147958070403 ], [ 83.983639754556009, 30.433111622027962 ], [ 83.983555854485658, 30.433081507813196 ], [ 83.983469244870889, 30.433057844608111 ], [ 83.983380584847566, 30.433040812499232 ], [ 83.983359949714227, 30.433038458415815 ], [ 83.983328792833149, 30.433033025498144 ], [ 83.983299189747655, 30.433028882382072 ], [ 83.983247758205792, 30.433022341440772 ], [ 83.983183127982656, 30.433015902325042 ], [ 83.983118159810303, 30.433012974107552 ], [ 83.983066188288291, 30.43301204111609 ], [ 83.983044627000069, 30.433011847600842 ], [ 83.982990372433363, 30.433013073591173 ], [ 83.982936265341934, 30.433016748229367 ], [ 83.982884565809982, 30.433021437187211 ], [ 83.982812165172149, 30.433030240497825 ], [ 83.982756334253764, 30.433040143684185 ], [ 83.98270571168257, 30.433050381593727 ], [ 83.982645459904603, 30.433064227606597 ], [ 83.982586272515746, 30.433081173813168 ], [ 83.982581195143084, 30.433082788132513 ], [ 83.982532440506318, 30.433098413999691 ], [ 83.98247215667044, 30.433119613288593 ], [ 83.982413518772518, 30.433144034371171 ], [ 83.982412610131007, 30.433144443560387 ], [ 83.982387052255717, 30.433153617033124 ], [ 83.982306500212289, 30.433189953075566 ], [ 83.982229909269989, 30.433232234413108 ], [ 83.982157862324513, 30.433280139267058 ], [ 83.98214922818444, 30.433286995008277 ], [ 83.982088352001497, 30.433327472272129 ], [ 83.982071940240743, 30.433340503648552 ], [ 83.982047753379973, 30.433325925636598 ], [ 83.981974579471796, 30.433285632755211 ], [ 83.981929191442461, 30.433262882008325 ], [ 83.9818739182614, 30.433237791206 ], [ 83.981864368014058, 30.433232519080509 ], [ 83.981783815935444, 30.433196183038422 ], [ 83.981699915792788, 30.433166068824189 ], [ 83.981613306103412, 30.43314240561946 ], [ 83.981560943826324, 30.433132346528655 ], [ 83.981544630529385, 30.433128366954652 ], [ 83.981460261119977, 30.43311103612508 ], [ 83.981409205564105, 30.433102477201377 ], [ 83.981392247956336, 30.433099760507307 ], [ 83.981390860616315, 30.433099596270505 ], [ 83.981327526933669, 30.433087429505665 ], [ 83.981237491198002, 30.433077158114106 ], [ 83.981146765000062, 30.433073725609336 ], [ 83.981056038802308, 30.433077158114106 ], [ 83.980996456659625, 30.433083955320903 ], [ 83.980939720912062, 30.433087921839306 ], [ 83.980888036378786, 30.433092949794069 ], [ 83.980835754408744, 30.433099202497313 ], [ 83.980784426862257, 30.433106494432192 ], [ 83.980772081028221, 30.43310831450837 ], [ 83.980744731584792, 30.433112820874317 ], [ 83.980693767025286, 30.433121831794328 ], [ 83.980660416415546, 30.433128247214789 ], [ 83.980605040979754, 30.433134564511963 ], [ 83.980516380871705, 30.433151596620664 ], [ 83.980458188944951, 30.433167495619404 ], [ 83.980429152812619, 30.433173073623596 ], [ 83.980346034413074, 30.43319578294291 ], [ 83.980165700514675, 30.433235188849181 ], [ 83.980144586789777, 30.433237597526084 ], [ 83.980055926588292, 30.43325462963443 ], [ 83.979974232420503, 30.433276949811248 ], [ 83.979930730707963, 30.433281912531971 ], [ 83.979842070466503, 30.433298944640317 ], [ 83.979755460638742, 30.433322607844513 ], [ 83.979730063455719, 30.433331723621269 ], [ 83.979725709841716, 30.433332730250005 ], [ 83.979711220134689, 30.433336177767831 ], [ 83.979666633498084, 30.433347086672722 ], [ 83.979656596602325, 30.433349589550271 ], [ 83.979601225049294, 30.433363658427712 ], [ 83.979585748932195, 30.433367703954115 ], [ 83.979486386721646, 30.433394408723 ], [ 83.979469273077626, 30.433399148876692 ], [ 83.979458295652705, 30.433402280140118 ], [ 83.979403021153331, 30.433412898655607 ], [ 83.979316411224858, 30.433436561859448 ], [ 83.979232510850736, 30.433466676072438 ], [ 83.979216749032403, 30.433473786012986 ], [ 83.979081570736469, 30.433514565558504 ], [ 83.979061372863228, 30.433518445669581 ], [ 83.979000034721281, 30.433535204202897 ], [ 83.978993332813715, 30.43353649167214 ], [ 83.978906722776003, 30.433560154875448 ], [ 83.97882282229601, 30.433590269087905 ], [ 83.978795054278706, 30.433602794844514 ], [ 83.97873450667133, 30.433622944934644 ], [ 83.978684711742446, 30.433640811578986 ], [ 83.978637187062958, 30.433659126427468 ], [ 83.97860206707746, 30.433673590303076 ], [ 83.978535187814273, 30.433697595101403 ], [ 83.978454635323544, 30.433733931140647 ], [ 83.97837804395634, 30.433776212474815 ], [ 83.978305996611013, 30.433824117324679 ], [ 83.978279112469778, 30.433845463941154 ], [ 83.97827712417039, 30.433846734550105 ], [ 83.978236461276893, 30.433874828350991 ], [ 83.978216295167229, 30.433889122331568 ], [ 83.97818002050964, 30.433916765465927 ], [ 83.978141774548746, 30.433947303262396 ], [ 83.978108480695738, 30.433975096579733 ], [ 83.978099516694996, 30.433982919529665 ], [ 83.978073779330401, 30.434006198314787 ], [ 83.978048392595994, 30.434029997076237 ], [ 83.978038473400488, 30.434037873128847 ], [ 83.977977120202596, 30.434095891254263 ], [ 83.977921835857671, 30.434158322172831 ], [ 83.977873041117689, 30.43422469075546 ], [ 83.97786078283761, 30.434245095361288 ], [ 83.97785625491575, 30.434251133105636 ], [ 83.977829492690603, 30.434289772925336 ], [ 83.977820549398089, 30.434302936760869 ], [ 83.977793548587087, 30.434346136549326 ], [ 83.977770035304033, 30.43438633338452 ], [ 83.977738806115553, 30.434444811112424 ], [ 83.977718664780369, 30.43448635896647 ], [ 83.977705678912528, 30.434515082341882 ], [ 83.977702850179725, 30.4345197909179 ], [ 83.977668096453073, 30.434592493408861 ], [ 83.977640787375933, 30.434667543939806 ], [ 83.977621130802675, 30.434744371335452 ], [ 83.97761696449875, 30.434771791679491 ], [ 83.977545557324717, 30.434763274324848 ], [ 83.97746269232772, 30.434756302300645 ], [ 83.977358852278797, 30.43475118634694 ], [ 83.977326451728018, 30.434750388835194 ], [ 83.977317488745754, 30.43474936634448 ], [ 83.977226761000082, 30.434745933840777 ], [ 83.977136033254411, 30.43474936634448 ], [ 83.977045995982735, 30.434759637733375 ], [ 83.977038153960592, 30.434761144204856 ], [ 83.97698507978815, 30.434765907567805 ], [ 83.976911559954729, 30.434774811735341 ], [ 83.97690268947261, 30.434776201402034 ], [ 83.976800422366352, 30.434792619255777 ], [ 83.97671922040351, 30.434808590118099 ], [ 83.976618795231161, 30.434832037912738 ], [ 83.976539329877212, 30.434853580205843 ], [ 83.976441387617584, 30.434883907946872 ], [ 83.976435649960834, 30.434885701047651 ], [ 83.976392006633304, 30.434900437276777 ], [ 83.976365873817215, 30.434909853197798 ], [ 83.976327742539524, 30.434924374245096 ], [ 83.976259042990009, 30.434951970018229 ], [ 83.976194859683872, 30.43498012577027 ], [ 83.976187170346705, 30.434983793463175 ], [ 83.976163110002233, 30.434992429263605 ], [ 83.976082556447466, 30.435028765295744 ], [ 83.976005964068278, 30.435071046621385 ], [ 83.975952520361389, 30.435106581288505 ], [ 83.975945660938137, 30.435110502628024 ], [ 83.975878046721874, 30.435152612770597 ], [ 83.975796084953473, 30.435208097374176 ], [ 83.97577722532202, 30.435221330582838 ], [ 83.975771287132787, 30.435224608638887 ], [ 83.975699238722882, 30.435272513477916 ], [ 83.975632282728895, 30.435325677254763 ], [ 83.975571795014147, 30.435382876180537 ], [ 83.975569908287994, 30.435384374260419 ], [ 83.975544229546458, 30.435408656803506 ], [ 83.975520188962264, 30.435427745264807 ], [ 83.975458834894312, 30.43548576337761 ], [ 83.975446358131578, 30.435499847398493 ], [ 83.975421260798825, 30.435519767393213 ], [ 83.975411342647732, 30.435522477130537 ], [ 83.975387233445275, 30.435530548948417 ], [ 83.975298386286667, 30.435547065940636 ], [ 83.975235214703318, 30.435564325036122 ], [ 83.975154726196791, 30.435579786945031 ], [ 83.975084120134639, 30.43559907720633 ], [ 83.974634619370391, 30.435693914102622 ], [ 83.974606544253575, 30.435697116861125 ], [ 83.974599428254322, 30.435698483848537 ], [ 83.974575944246254, 30.435701162861637 ], [ 83.974487281816323, 30.435718194963588 ], [ 83.974400669850723, 30.43574185815908 ], [ 83.974382460620944, 30.435748393809678 ], [ 83.974367557920104, 30.435751858082991 ], [ 83.974337451585782, 30.435759278752048 ], [ 83.974287640985168, 30.435772260639258 ], [ 83.974275600450909, 30.435775729741508 ], [ 83.9742371766378, 30.435783110972334 ], [ 83.974150564614817, 30.435806774167471 ], [ 83.97406666221157, 30.435836888369447 ], [ 83.973986107962787, 30.435873224396968 ], [ 83.973984426469798, 30.435874152624152 ], [ 83.97398268304164, 30.435874778374181 ], [ 83.973979912587552, 30.435876028057027 ], [ 83.973981278705082, 30.43586703585289 ], [ 83.973981529408988, 30.435862059210415 ], [ 83.973993010419179, 30.435817182590927 ], [ 83.974004863352036, 30.435739162854478 ], [ 83.974008823815993, 30.435660544849039 ], [ 83.9740048616883, 30.435581926905595 ], [ 83.974004787444301, 30.435581438275836 ], [ 83.974004439509386, 30.43555824397993 ], [ 83.974003088031338, 30.435513188990679 ], [ 83.974000437117724, 30.435468167166189 ], [ 83.97399648964462, 30.435423227197109 ], [ 83.973991244119176, 30.435378361758989 ], [ 83.973984709655539, 30.435333648809912 ], [ 83.973977011345468, 30.435289694320264 ], [ 83.973967776333239, 30.435244686362193 ], [ 83.973957387138142, 30.435200495966317 ], [ 83.973945733707566, 30.435156572055586 ], [ 83.973932809196498, 30.435112888448277 ], [ 83.973918636788895, 30.435069523555445 ], [ 83.973903202948733, 30.435026438924115 ], [ 83.973892484509804, 30.434998963978952 ], [ 83.973891587988362, 30.434995459951484 ], [ 83.973864278819931, 30.434920409424269 ], [ 83.973829524977106, 30.434847706937038 ], [ 83.973787590970971, 30.434777905793684 ], [ 83.973779300445457, 30.434766629429042 ], [ 83.973776788802923, 30.434762407487135 ], [ 83.973757768772927, 30.434722618929708 ], [ 83.973715834820254, 30.434652817785111 ], [ 83.973667039867294, 30.434586449206744 ], [ 83.973611755280785, 30.434524018292262 ], [ 83.973593822247764, 30.434506210382803 ], [ 83.973545451587938, 30.43443939319511 ], [ 83.973490167084378, 30.434376962279206 ], [ 83.973458004288048, 30.434346547895128 ], [ 83.973433076485108, 30.434312642185066 ], [ 83.973377792053142, 30.434250211267919 ], [ 83.973316438758616, 30.434192193143925 ], [ 83.973306965557626, 30.434184671232565 ], [ 83.973289336090943, 30.43416671286364 ], [ 83.97324321601927, 30.43412275191054 ], [ 83.973206986005266, 30.434090424114633 ], [ 83.973172215262352, 30.434060818065287 ], [ 83.973135883149212, 30.434032655028407 ], [ 83.973096332224372, 30.434003412230179 ], [ 83.973089773580426, 30.433998603343024 ], [ 83.973043611862607, 30.433966923171649 ], [ 83.972995456761893, 30.433937555509036 ], [ 83.97298910437857, 30.433933909819331 ], [ 83.972948359839449, 30.433906818489529 ], [ 83.972871768370283, 30.43386453715625 ], [ 83.972791215772261, 30.433828201117716 ], [ 83.972707315088527, 30.433798086906325 ], [ 83.972620704840665, 30.433774423703905 ], [ 83.972532044169157, 30.433757391596803 ], [ 83.972516870577081, 30.43375566058609 ], [ 83.97246090714701, 30.433745354595185 ], [ 83.972416736272763, 30.433739449837436 ], [ 83.972382375580878, 30.433735508872903 ], [ 83.97232485909224, 30.433730316039895 ], [ 83.972267098582265, 30.433727898826444 ], [ 83.972232445901, 30.433727283832166 ], [ 83.97222519570856, 30.433727219502469 ], [ 83.972175853000152, 30.433725352699579 ], [ 83.972170781918464, 30.433725544555887 ], [ 83.972161006000078, 30.433725174699564 ], [ 83.972070279199244, 30.4337286072038 ], [ 83.9719802428653, 30.433738878594294 ], [ 83.971891582210489, 30.433755910701397 ], [ 83.971804971978969, 30.433779573903994 ], [ 83.971721071311038, 30.433809688115385 ], [ 83.971712891599736, 30.433813377858119 ], [ 83.971684581473042, 30.43382338228847 ], [ 83.971629138696812, 30.433844626893123 ], [ 83.971575217044418, 30.433868632072123 ], [ 83.971529685299998, 30.433890376899573 ], [ 83.971511659445952, 30.433899189160361 ], [ 83.971438949079683, 30.433939127000951 ], [ 83.971396218247477, 30.433964803809541 ], [ 83.971330453093984, 30.434007756905554 ], [ 83.971290192189144, 30.43403628470541 ], [ 83.971280028112815, 30.4340435803479 ], [ 83.971246422677751, 30.434069099608561 ], [ 83.971226431990075, 30.43408495016152 ], [ 83.971185329643831, 30.434112279355094 ], [ 83.971118374442455, 30.434165443141357 ], [ 83.971105549824998, 30.434178043371372 ], [ 83.971088892624039, 30.434192825990056 ], [ 83.971068792848513, 30.434204329523293 ], [ 83.971055085949075, 30.434213443308931 ], [ 83.971047204486126, 30.434216272166257 ], [ 83.970966651569256, 30.434252608202836 ], [ 83.97091577094811, 30.434280696080993 ], [ 83.970865765776551, 30.434262747966709 ], [ 83.970843785339355, 30.43425674261476 ], [ 83.970784843677848, 30.434235586963307 ], [ 83.970698233043265, 30.434211923762309 ], [ 83.970670752436405, 30.434206644640192 ], [ 83.970646212500995, 30.434199939995263 ], [ 83.970635165533835, 30.434195974958076 ], [ 83.970616738966186, 30.43419119406666 ], [ 83.970548490486067, 30.434172547647496 ], [ 83.970529971954832, 30.434168245494195 ], [ 83.970459985870349, 30.434154800913102 ], [ 83.97044140289448, 30.434150734650398 ], [ 83.970417631680675, 30.4341484515923 ], [ 83.970408676134326, 30.434146367979462 ], [ 83.970369808225442, 30.434138015962073 ], [ 83.97031909165689, 30.434128011050507 ], [ 83.970303774167661, 30.434125283303235 ], [ 83.970275530783582, 30.434117474749609 ], [ 83.970186869801736, 30.434100442643572 ], [ 83.970096833135614, 30.434090171253789 ], [ 83.970041695940722, 30.434088085233366 ], [ 83.970015723130857, 30.434085122253105 ], [ 83.969924996000159, 30.434081689748869 ], [ 83.969834268869292, 30.434085122253105 ], [ 83.969771583507494, 30.434092273404332 ], [ 83.969723825168174, 30.434095426157857 ], [ 83.969670352988416, 30.43410014991462 ], [ 83.969664798000125, 30.434099939751267 ], [ 83.969574070852374, 30.434103372255503 ], [ 83.969484034174002, 30.434113643645286 ], [ 83.969458724794691, 30.434118260564755 ], [ 83.969431640713054, 30.434119291409498 ], [ 83.969444073652525, 30.434085454344082 ], [ 83.969463728502006, 30.434008626634732 ], [ 83.969469710558641, 30.433969250116863 ], [ 83.969473418938549, 30.433954754636137 ], [ 83.969485271646349, 30.433876734877305 ], [ 83.969486227568268, 30.43385775878594 ], [ 83.969496141518817, 30.433819006639293 ], [ 83.96950799421009, 30.433740986879041 ], [ 83.969511954593216, 30.433662368849266 ], [ 83.969510499609527, 30.433633497946619 ], [ 83.969514743777211, 30.433605560880626 ], [ 83.969517206794563, 30.433544693190182 ], [ 83.969518102493183, 30.433526912540874 ], [ 83.969518100839224, 30.433514971381168 ], [ 83.969520565508219, 30.433466044849364 ], [ 83.969517450592875, 30.433404236187886 ], [ 83.9695228082591, 30.433350242613653 ], [ 83.969524351061608, 30.433339019513426 ], [ 83.969541722788236, 30.433271115652492 ], [ 83.969553575413258, 30.433193095885667 ], [ 83.969555726977873, 30.433150384683714 ], [ 83.96956009530544, 30.433126202694414 ], [ 83.969577347567451, 30.433058765657659 ], [ 83.969589200166709, 30.43298074588817 ], [ 83.969589387744307, 30.432977022233896 ], [ 83.969607971952613, 30.432904378661316 ], [ 83.969619824533396, 30.432826358890228 ], [ 83.969623049186026, 30.432762345327156 ], [ 83.969627315353094, 30.432726572418165 ], [ 83.969629131260518, 30.432706045539302 ], [ 83.969638295622232, 30.432645720892335 ], [ 83.969642255961318, 30.432567102849593 ], [ 83.969638293958852, 30.432488484868845 ], [ 83.969626439786992, 30.432410465279833 ], [ 83.969606783681797, 30.432333637856477 ], [ 83.969606728606919, 30.432333486496574 ], [ 83.969593143169618, 30.432278493673035 ], [ 83.969580418748635, 30.432234807769962 ], [ 83.969566427548969, 30.432191377750026 ], [ 83.96954983216861, 30.432148416111691 ], [ 83.969564782677708, 30.432129260966665 ], [ 83.969591486261578, 30.432091366197387 ], [ 83.969597998761628, 30.432081446960932 ], [ 83.969614947595261, 30.432055247844811 ], [ 83.969641808880013, 30.432010880790781 ], [ 83.96966578601122, 30.431965289805749 ], [ 83.96967927778887, 30.431937624708159 ], [ 83.96969860962669, 30.431894997403273 ], [ 83.969718303305029, 30.431843306311865 ], [ 83.969728171037616, 30.43181451523763 ], [ 83.969743085055541, 30.431766114520062 ], [ 83.969754875287975, 30.431717070974305 ], [ 83.969761280593247, 30.431686137308898 ], [ 83.969768630482477, 30.43164417304137 ], [ 83.969771149669995, 30.431634325692212 ], [ 83.969783002097131, 30.431556305905669 ], [ 83.969786962392149, 30.431477687849782 ], [ 83.96978300043375, 30.431399069855889 ], [ 83.969771146393683, 30.431321050253732 ], [ 83.969764900604019, 30.431296637821301 ], [ 83.969762519974637, 30.431280969252814 ], [ 83.969754525497109, 30.431250772498561 ], [ 83.969750498381671, 30.431224267251498 ], [ 83.969745087311153, 30.431203117399495 ], [ 83.969748434770707, 30.431136664849721 ], [ 83.969747487075267, 30.431117859455856 ], [ 83.969749696305044, 30.431103316911265 ], [ 83.969753656581773, 30.431024698849694 ], [ 83.969752392870504, 30.430998261298345 ], [ 83.969749763072613, 30.43094607740203 ], [ 83.969748499361884, 30.430919639850149 ], [ 83.969736645379911, 30.430841620242308 ], [ 83.969730327558267, 30.430816926141322 ], [ 83.969728914978873, 30.430788895848568 ], [ 83.969721670689793, 30.430741215891342 ], [ 83.969730142108745, 30.430717932465132 ], [ 83.96974979628321, 30.43064110471617 ], [ 83.969750021706446, 30.430639620830089 ], [ 83.969760007395166, 30.430607430675547 ], [ 83.969775995757445, 30.430547917769655 ], [ 83.969786064314803, 30.430503708692012 ], [ 83.969789950657784, 30.430485681719919 ], [ 83.969795427738092, 30.430455850256752 ], [ 83.969796736655866, 30.430447861246588 ], [ 83.969802726475706, 30.430403401396031 ], [ 83.969806623089397, 30.430366563365627 ], [ 83.969809881963101, 30.430325433147107 ], [ 83.969810968718676, 30.430284216849888 ], [ 83.969810912955992, 30.430274888411422 ], [ 83.969810694155811, 30.430256571271084 ], [ 83.96981250504335, 30.430220621849866 ], [ 83.969812155202661, 30.430213679794846 ], [ 83.969812485899908, 30.430207114849903 ], [ 83.969808523993009, 30.430128496840734 ], [ 83.969796670106604, 30.430050477223478 ], [ 83.969777014474644, 30.42997364977241 ], [ 83.969759119119217, 30.4299234721468 ], [ 83.969750026547189, 30.429898482810511 ], [ 83.969732131203671, 30.429848305185079 ], [ 83.969697379159228, 30.429775602641183 ], [ 83.969679883463314, 30.429746451132598 ], [ 83.969682155872505, 30.429739322708969 ], [ 83.969697917786689, 30.429706294507017 ], [ 83.969725223962854, 30.429631243504094 ], [ 83.969744877919354, 30.429554415742341 ], [ 83.969756730094957, 30.429476395931108 ], [ 83.969761085768468, 30.429397837925674 ], [ 83.969766266931515, 30.429366394932398 ], [ 83.969770227138085, 30.429287776850042 ], [ 83.969766265268319, 30.429209158829682 ], [ 83.969754411493113, 30.429131139201591 ], [ 83.969739277855922, 30.429071986189236 ], [ 83.969739041860251, 30.429070614200047 ], [ 83.969736621599466, 30.429059153496194 ], [ 83.96972692915422, 30.429014873571045 ], [ 83.969726107852253, 30.429011551166116 ], [ 83.96971716462707, 30.428952688197395 ], [ 83.969697509215379, 30.42887586073336 ], [ 83.969670479688133, 30.428800767908069 ], [ 83.969668100855188, 30.428783239193233 ], [ 83.969648445477418, 30.428706411727244 ], [ 83.969627647003364, 30.428649250041548 ], [ 83.969625815328101, 30.428637194189765 ], [ 83.969611879835696, 30.428582200553809 ], [ 83.96961938895258, 30.428569879239173 ], [ 83.969626286450804, 30.42855893463484 ], [ 83.969644646693098, 30.428520521980449 ], [ 83.969657880713655, 30.428499504213367 ], [ 83.969679175741263, 30.428463816230842 ], [ 83.969692386933048, 30.428440412576272 ], [ 83.969693950667605, 30.428438285450508 ], [ 83.969735880618146, 30.428368483645993 ], [ 83.969770630713029, 30.428295780574164 ], [ 83.969797936496263, 30.428220729554898 ], [ 83.969803755633166, 30.428197982084768 ], [ 83.969806322864315, 30.428191128732838 ], [ 83.969820612458179, 30.428147799624892 ], [ 83.969825290128782, 30.428131550853674 ], [ 83.969845140022159, 30.428076992559969 ], [ 83.96986479366727, 30.42800016477992 ], [ 83.969876645655106, 30.427922144950035 ], [ 83.969880605803397, 30.427843526850271 ], [ 83.969876643991896, 30.42776490881268 ], [ 83.969875606289705, 30.427758078722853 ], [ 83.969874454150698, 30.427719782993687 ], [ 83.969870499855318, 30.427674818428105 ], [ 83.969865254386733, 30.427629992469161 ], [ 83.969854750110343, 30.427564353164147 ], [ 83.96984959665437, 30.427540853285304 ], [ 83.969839213214129, 30.427496704365229 ], [ 83.9698275484552, 30.42745275266677 ], [ 83.969813363348067, 30.427409361137823 ], [ 83.969797945953943, 30.427366332253545 ], [ 83.969781987030515, 30.427325297066208 ], [ 83.969762167190353, 30.42728167089864 ], [ 83.969741869857828, 30.427240190045222 ], [ 83.969720364329802, 30.427199127242996 ], [ 83.969696517646767, 30.427159047118533 ], [ 83.969671543389083, 30.427119529290589 ], [ 83.969660033378716, 30.427101794263809 ], [ 83.969617055314586, 30.427042695578219 ], [ 83.969587652142252, 30.42700553576859 ], [ 83.969558081478823, 30.426970042654542 ], [ 83.969525579558734, 30.426934826549843 ], [ 83.969491064482597, 30.426899388682624 ], [ 83.969456515244644, 30.426865666264522 ], [ 83.969420064407444, 30.426833482311064 ], [ 83.969382729422392, 30.426802125515149 ], [ 83.969327388164942, 30.426758865576407 ], [ 83.969304482849964, 30.426742684447614 ], [ 83.969263721959663, 30.426714714646206 ], [ 83.969222132530163, 30.426687613962375 ], [ 83.969179032251262, 30.426662348290154 ], [ 83.969135253451469, 30.426638044475727 ], [ 83.969128038139118, 30.426634239456583 ], [ 83.969116428994809, 30.426621128590501 ], [ 83.96905508047513, 30.426563110398472 ], [ 83.968988130466215, 30.426509946550215 ], [ 83.968916088496314, 30.426462041646527 ], [ 83.96883950284365, 30.426419760264753 ], [ 83.968758956363047, 30.426383424184653 ], [ 83.968675062050934, 30.426353309938978 ], [ 83.968588458380211, 30.42632964670938 ], [ 83.968499804441791, 30.426312614582738 ], [ 83.968409774928176, 30.426302343180698 ], [ 83.968319055000066, 30.426298910672376 ], [ 83.96822833507197, 30.426302343180698 ], [ 83.968138305558526, 30.426312614582738 ], [ 83.968049651619936, 30.42632964670938 ], [ 83.967963047949382, 30.426353309938978 ], [ 83.96787915363727, 30.426383424184653 ], [ 83.967798607156496, 30.426419760264753 ], [ 83.967722021503832, 30.426462041646527 ], [ 83.967712601200091, 30.426468305755403 ], [ 83.967696904268067, 30.426470096604117 ], [ 83.967608250187197, 30.426487128730404 ], [ 83.967521646377563, 30.426510791959291 ], [ 83.967437751930618, 30.426540906204256 ], [ 83.967428231709377, 30.426545841758088 ], [ 83.96735744551718, 30.42657777472991 ], [ 83.96734785236886, 30.42658257819669 ], [ 83.967281975419809, 30.426618947460558 ], [ 83.967266715778791, 30.426603555402441 ], [ 83.967199765742166, 30.426550391554361 ], [ 83.967127723742777, 30.426502486651028 ], [ 83.967051138058324, 30.42646020526961 ], [ 83.966970591544509, 30.426423869189687 ], [ 83.966886697197751, 30.426393754944012 ], [ 83.9668000934915, 30.426370091714769 ], [ 83.966711439516317, 30.426353059588305 ], [ 83.966621409965569, 30.426342788186265 ], [ 83.966530690000155, 30.426339355677943 ], [ 83.966485939766415, 30.426341048861492 ], [ 83.966452293978747, 30.426336668012386 ], [ 83.966400688442732, 30.426331106062552 ], [ 83.966326640119703, 30.426325443243538 ], [ 83.966274709595467, 30.426323087264837 ], [ 83.966229982226807, 30.426322073361298 ], [ 83.966225343945936, 30.426321544183264 ], [ 83.966148484314928, 30.426318636098291 ], [ 83.96615531379733, 30.42629986462396 ], [ 83.966155439719444, 30.426299389514053 ], [ 83.966157494252968, 30.426294304468957 ], [ 83.966174077871713, 30.42625158734543 ], [ 83.966175965433635, 30.426246321295256 ], [ 83.966196534839554, 30.426203568673369 ], [ 83.966223840040144, 30.426128517630122 ], [ 83.966243493294627, 30.426051689827158 ], [ 83.966246850414905, 30.42602958997028 ], [ 83.966303553830102, 30.425849747357656 ], [ 83.966308660203126, 30.42583906369055 ], [ 83.966335965302278, 30.425764012643217 ], [ 83.96635561848359, 30.42568718483599 ], [ 83.966356371150852, 30.425682230023696 ], [ 83.966467600137847, 30.425329452125869 ], [ 83.966480935840963, 30.425301550716153 ], [ 83.966508240790375, 30.425226499662426 ], [ 83.96652789386404, 30.425149671848981 ], [ 83.966531881151781, 30.425123423367104 ], [ 83.966550457957737, 30.425061975140597 ], [ 83.966552535603356, 30.425054988872855 ], [ 83.966578093761967, 30.424967602678397 ], [ 83.966580108793124, 30.424960595398662 ], [ 83.966581454495341, 30.424955834567733 ], [ 83.966604340369869, 30.424892929674616 ], [ 83.966623993376743, 30.424816101857086 ], [ 83.966628467272216, 30.424786649914246 ], [ 83.966630748139707, 30.424778291974572 ], [ 83.966632633383853, 30.42477125815287 ], [ 83.966655763521473, 30.424683364975689 ], [ 83.966657581966075, 30.424676325252396 ], [ 83.966679900097063, 30.42458827508133 ], [ 83.966681652986622, 30.424581225151446 ], [ 83.966703158111414, 30.42449302298623 ], [ 83.966704849362827, 30.424485946365163 ], [ 83.966725538481683, 30.424397597205886 ], [ 83.966727159312441, 30.424390531077581 ], [ 83.966747033425293, 30.424302041924332 ], [ 83.966747979993627, 30.424297772504136 ], [ 83.966751901813467, 30.424279850473877 ], [ 83.966752668008937, 30.424276310500584 ], [ 83.966756096954327, 30.424260291662861 ], [ 83.966767039574563, 30.424230214198342 ], [ 83.966770240913135, 30.424216306260785 ], [ 83.966786357965532, 30.424153300811039 ], [ 83.966789197067641, 30.424139337848697 ], [ 83.966798319456885, 30.424080571945087 ], [ 83.966799612702758, 30.424075624171873 ], [ 83.966808557157535, 30.424052928076737 ], [ 83.966823291324658, 30.424028398643674 ], [ 83.96685755269813, 30.4239897031057 ], [ 83.966890053429665, 30.423945490760271 ], [ 83.966910830109597, 30.423922025111114 ], [ 83.966959618534446, 30.423855655768026 ], [ 83.96699059928433, 30.423804078916348 ], [ 83.967008369983375, 30.423778792198473 ], [ 83.967020818660487, 30.423760601774372 ], [ 83.967042544780767, 30.423726291341833 ], [ 83.967066565506613, 30.423686325174568 ], [ 83.967088273411605, 30.423648022032932 ], [ 83.967107866677992, 30.42360887201264 ], [ 83.967127418334996, 30.423567126870363 ], [ 83.967141067232831, 30.423536385799874 ], [ 83.967164073057987, 30.423474819130778 ], [ 83.967165819483824, 30.423469501747356 ], [ 83.967166955541927, 30.423467124803114 ], [ 83.96719425998063, 30.423392073728426 ], [ 83.967213912686759, 30.42331524589331 ], [ 83.967225764108477, 30.423237226007291 ], [ 83.967229724067764, 30.42315860785104 ], [ 83.967225762445807, 30.42307998975696 ], [ 83.967217831671007, 30.423027787368326 ], [ 83.967212798145411, 30.42298754583511 ], [ 83.967208107838246, 30.42295778787155 ], [ 83.967201869588692, 30.422923222053431 ], [ 83.967186132763516, 30.422859454046733 ], [ 83.967177664482861, 30.422830330111292 ], [ 83.967163352326949, 30.422785929140392 ], [ 83.967146441311257, 30.422742219849983 ], [ 83.967143241786516, 30.422734705763741 ], [ 83.967131099545881, 30.422706574853162 ], [ 83.967109343800232, 30.422660144549116 ], [ 83.967084646445144, 30.422614832924442 ], [ 83.967072722271226, 30.422594442588622 ], [ 83.9670690689899, 30.422586799221971 ], [ 83.967027140228467, 30.422516997947344 ], [ 83.966978351315461, 30.422450629245343 ], [ 83.966957350949571, 30.422426911299869 ], [ 83.966953132059444, 30.422421172242995 ], [ 83.966897854333055, 30.422358741211806 ], [ 83.966836508480213, 30.422300722981941 ], [ 83.966769561381682, 30.422247559098867 ], [ 83.966697522543498, 30.422199654163737 ], [ 83.966657624808605, 30.42217762646354 ], [ 83.966645128648224, 30.422169601998181 ], [ 83.966600138475926, 30.422143731342697 ], [ 83.966556093684474, 30.422119806526258 ], [ 83.96652373593119, 30.422102930747972 ], [ 83.966460201972296, 30.422073631432465 ], [ 83.966413486266148, 30.422053852593454 ], [ 83.966339541714518, 30.422025572192677 ], [ 83.966291187063391, 30.422008991332437 ], [ 83.966264231245901, 30.42200012037318 ], [ 83.966261941174565, 30.421999422861621 ], [ 83.966261401504838, 30.421999179395041 ], [ 83.966255205998323, 30.42199653161207 ], [ 83.966177706184297, 30.421968711437284 ], [ 83.966171270324267, 30.421966541976406 ], [ 83.966091241732158, 30.421944674301269 ], [ 83.96608464549216, 30.421943007185401 ], [ 83.966002666866146, 30.421927256799517 ], [ 83.965995990418122, 30.421926104612371 ], [ 83.965985114749046, 30.421924863758818 ], [ 83.965984025024468, 30.421924605496518 ], [ 83.965925808897623, 30.421912357331546 ], [ 83.965874944334573, 30.421902990414527 ], [ 83.965839342302317, 30.42189699398131 ], [ 83.965787413043202, 30.421890224382739 ], [ 83.965735823506819, 30.421884648432904 ], [ 83.96567723677758, 30.421879769510216 ], [ 83.965618425504928, 30.421877768304082 ], [ 83.965566451982909, 30.42187727430866 ], [ 83.965555037000172, 30.421877220060853 ], [ 83.965549875222138, 30.421877359008196 ], [ 83.965505609000161, 30.421875684060549 ], [ 83.965414893164436, 30.42187911657118 ], [ 83.965324867711914, 30.421889387980325 ], [ 83.965236217772613, 30.421906420118336 ], [ 83.965149618008638, 30.421930083364099 ], [ 83.965129490145173, 30.421937308683287 ], [ 83.965070716924217, 30.421953368367181 ], [ 83.964986826376546, 30.421983482633284 ], [ 83.964906283510302, 30.422019818737898 ], [ 83.964829701294178, 30.422062100148271 ], [ 83.964757662557076, 30.422110005084289 ], [ 83.964756280296811, 30.422111102763303 ], [ 83.96473535776191, 30.42208521087991 ], [ 83.964673814474992, 30.422012541269492 ], [ 83.964645623906719, 30.421980759535447 ], [ 83.964580415702017, 30.42191053093438 ], [ 83.964566838572196, 30.421896212170783 ], [ 83.964550623552284, 30.421879865859633 ], [ 83.96454101532953, 30.421870410756267 ], [ 83.964538838244977, 30.421867449199222 ], [ 83.964483560830686, 30.421805018162704 ], [ 83.964422215324234, 30.421746999927866 ], [ 83.964373273705306, 30.421708170771264 ], [ 83.96431239160097, 30.421650629918471 ], [ 83.964280265891759, 30.421625118149063 ], [ 83.964256750242598, 30.421602877913809 ], [ 83.964241959637775, 30.421591132346268 ], [ 83.964225172073895, 30.421556009161907 ], [ 83.964183243753169, 30.421486207876267 ], [ 83.964173973594129, 30.421473597326951 ], [ 83.964171926592812, 30.421469836839652 ], [ 83.964148715304987, 30.421429506002848 ], [ 83.964118692786997, 30.421381091868991 ], [ 83.964113651734976, 30.421373608252598 ], [ 83.964087222503906, 30.421334802431286 ], [ 83.964060419415986, 30.421297549409996 ], [ 83.964031556650824, 30.421261470698777 ], [ 83.96400090650512, 30.421225081893031 ], [ 83.963957547725087, 30.421177097106931 ], [ 83.963928675961796, 30.421148521884209 ], [ 83.96391826959163, 30.421138649716148 ], [ 83.963903339275447, 30.421121787101999 ], [ 83.963841994196557, 30.421063768861121 ], [ 83.963775047942505, 30.421010604967922 ], [ 83.963703010013106, 30.420962700023733 ], [ 83.963626428655502, 30.420920418606432 ], [ 83.963545886692174, 30.420884082495601 ], [ 83.963519369399634, 30.420874563450582 ], [ 83.963474817141218, 30.420856234152414 ], [ 83.963443122355756, 30.420844085253105 ], [ 83.963378096966949, 30.420821397219964 ], [ 83.963334975856895, 30.420808714118817 ], [ 83.963301923118038, 30.420799686196762 ], [ 83.9632463317174, 30.42078596059886 ], [ 83.963189946852438, 30.420774930723002 ], [ 83.963155942147438, 30.420769133774481 ], [ 83.963135791217624, 30.420765876827236 ], [ 83.963088741772211, 30.420759644741988 ], [ 83.963041412776917, 30.420755283268317 ], [ 83.963006877091132, 30.420752791290848 ], [ 83.962920516000054, 30.420749680904766 ], [ 83.962891371676122, 30.420750034593933 ], [ 83.96285672899451, 30.420750875586453 ], [ 83.962798997990717, 30.420753669484721 ], [ 83.962741535081975, 30.420759237411463 ], [ 83.962707214388487, 30.420763402374238 ], [ 83.962670812778043, 30.420768390827622 ], [ 83.962593793501938, 30.420782784660769 ], [ 83.962560216781512, 30.420790222595482 ], [ 83.962510727478715, 30.420802321668869 ], [ 83.962461988051118, 30.420816524219472 ], [ 83.962450009685966, 30.420820374895872 ], [ 83.962417591925046, 30.420830992805801 ], [ 83.962367375800994, 30.420848749392757 ], [ 83.962359428121317, 30.420851987910034 ], [ 83.962288307337573, 30.420877518494702 ], [ 83.962207765379574, 30.420913854605534 ], [ 83.962131184027115, 30.420956136023012 ], [ 83.962059146102519, 30.421004040967201 ], [ 83.961992199853086, 30.4210572048604 ], [ 83.961964889844339, 30.421083033807026 ], [ 83.961906768928529, 30.421028064857634 ], [ 83.961868692042614, 30.420997826926008 ], [ 83.961861608110155, 30.42099116833695 ], [ 83.961832776961302, 30.420965133076603 ], [ 83.961759267960289, 30.420901356484951 ], [ 83.961729271724394, 30.420876352070056 ], [ 83.961652879799786, 30.420815173477198 ], [ 83.961621747088259, 30.420791223115149 ], [ 83.961542593239628, 30.420732740518428 ], [ 83.961536366015736, 30.420728175937892 ], [ 83.961510374462293, 30.420709884156114 ], [ 83.961476921853347, 30.420687105478503 ], [ 83.961419468424225, 30.420641479928765 ], [ 83.961347430765898, 30.420593574981911 ], [ 83.961270849696589, 30.420551293562124 ], [ 83.961237616878932, 30.420536300682475 ], [ 83.961194373089313, 30.420511180199536 ], [ 83.961170103037389, 30.4204975016909 ], [ 83.961082121449508, 30.420449411059511 ], [ 83.961064588083104, 30.420440036241256 ], [ 83.960975524529246, 30.420393463602533 ], [ 83.960964978982233, 30.420388022415299 ], [ 83.960959928579555, 30.420385451385776 ], [ 83.960947732449668, 30.420377340957447 ], [ 83.960912978912106, 30.420358153027447 ], [ 83.960906378806143, 30.420353763954875 ], [ 83.960829797924063, 30.420311482533489 ], [ 83.960773130473768, 30.420286241463632 ], [ 83.960766584365402, 30.420282963867482 ], [ 83.960696428067209, 30.420244229525348 ], [ 83.960615886659184, 30.420207893410787 ], [ 83.96059353755075, 30.420199903254872 ], [ 83.96053128523873, 30.420167683847641 ], [ 83.960492575104439, 30.420146778804877 ], [ 83.960491263042158, 30.420145741876379 ], [ 83.960419225748154, 30.420097836925795 ], [ 83.960342645065921, 30.42005555550281 ], [ 83.960329731147709, 30.420049729399921 ], [ 83.96029918915842, 30.420029265351776 ], [ 83.960253968676923, 30.419996577777528 ], [ 83.960229612014558, 30.419973541754484 ], [ 83.9601626665048, 30.419920377852403 ], [ 83.960147120856476, 30.419910039939833 ], [ 83.96010789380091, 30.41987459319385 ], [ 83.96006436384954, 30.419832222803453 ], [ 83.960022673999916, 30.419788484831098 ], [ 83.95998287903295, 30.419743435610034 ], [ 83.959950542002119, 30.419703876835911 ], [ 83.959919463895105, 30.419652137749562 ], [ 83.959870676407633, 30.419585769018429 ], [ 83.959850516607489, 30.419562999738101 ], [ 83.959835922231562, 30.419540510578944 ], [ 83.959821789402255, 30.419510941042613 ], [ 83.959779861955852, 30.419441139734946 ], [ 83.959776987786768, 30.419437229810917 ], [ 83.959762095393586, 30.419406071036601 ], [ 83.959720167992117, 30.419336269727868 ], [ 83.95967853232645, 30.41927962989087 ], [ 83.959652213825208, 30.419236041077955 ], [ 83.959645277304872, 30.419224748436466 ], [ 83.959636396378556, 30.419210534216798 ], [ 83.95961559109405, 30.419167004022594 ], [ 83.959573663794728, 30.419097202711374 ], [ 83.959524876583302, 30.419030833974379 ], [ 83.959503110873968, 30.41900625077508 ], [ 83.959466146212506, 30.418953202626096 ], [ 83.959452420749614, 30.418934050170652 ], [ 83.959396440347078, 30.41885807054113 ], [ 83.959382161755428, 30.418839214749003 ], [ 83.959324007396773, 30.418764472127489 ], [ 83.95930919506425, 30.41874593856134 ], [ 83.959248903750449, 30.418672478947126 ], [ 83.959233548964917, 30.418654257346898 ], [ 83.959227987947131, 30.418647828440779 ], [ 83.95919507686456, 30.418603056940494 ], [ 83.959139801290405, 30.418540625872712 ], [ 83.959096221205257, 30.41849940810156 ], [ 83.959090847567907, 30.418493508842968 ], [ 83.959074466193599, 30.418475980269708 ], [ 83.959007993018375, 30.418406642671112 ], [ 83.959004753173886, 30.418403279860637 ], [ 83.958991119895742, 30.418389483309536 ], [ 83.958922667767681, 30.418321606714347 ], [ 83.958905298055257, 30.418304811492067 ], [ 83.958834909974655, 30.418238439898868 ], [ 83.958817064179769, 30.418222028945561 ], [ 83.958744783147054, 30.418157202353644 ], [ 83.958726465383563, 30.418141179530398 ], [ 83.958652337398576, 30.418077939938524 ], [ 83.958633575566125, 30.418062329136806 ], [ 83.95855764762895, 30.418000714544267 ], [ 83.958538431178468, 30.417985506848364 ], [ 83.958460749288932, 30.417925556253831 ], [ 83.958441103988079, 30.417910772450849 ], [ 83.958361718145994, 30.417852523853615 ], [ 83.958358217381161, 30.417849966633224 ], [ 83.958341647218148, 30.417838166453546 ], [ 83.95833757243345, 30.417835325098217 ], [ 83.958280383971584, 30.417789908626833 ], [ 83.958208348407751, 30.417742003659018 ], [ 83.958198862267963, 30.417736766081358 ], [ 83.958174230475635, 30.417717204619219 ], [ 83.958102194965278, 30.417669299650871 ], [ 83.958025616179469, 30.417627018212077 ], [ 83.958005052559244, 30.417617740719614 ], [ 83.95795131565481, 30.417585267178513 ], [ 83.957942050046086, 30.417579732185605 ], [ 83.957931226356934, 30.417573341247692 ], [ 83.95791779242137, 30.41756267260288 ], [ 83.9578457570247, 30.417514767633289 ], [ 83.957769178359513, 30.417472486193606 ], [ 83.95772866284581, 30.417454207166426 ], [ 83.957420860642628, 30.417273627414119 ], [ 83.957353117282722, 30.417228576600994 ], [ 83.957276538841001, 30.417186295159357 ], [ 83.957264130529381, 30.417180696994226 ], [ 83.957256841776399, 30.417174908561737 ], [ 83.957184806664486, 30.417127003589481 ], [ 83.95710822830199, 30.417084722147134 ], [ 83.957073622019081, 30.417069109072834 ], [ 83.95701069324889, 30.417030962282841 ], [ 83.956934530655502, 30.416983801329831 ], [ 83.956858907230824, 30.416935977867485 ], [ 83.956783844625264, 30.416887504908683 ], [ 83.956709345993119, 30.416838384105613 ], [ 83.956638742532618, 30.416790857823326 ], [ 83.956633925097279, 30.416786301443164 ], [ 83.956566981763203, 30.416733137514971 ], [ 83.956494946975639, 30.416685232539518 ], [ 83.956452202185261, 30.416661631621498 ], [ 83.95619780826884, 30.416484201154113 ], [ 83.956189452771312, 30.416476298412807 ], [ 83.956122509648623, 30.416423134482304 ], [ 83.956050475088787, 30.416375229504364 ], [ 83.956036753361218, 30.416367653226626 ], [ 83.956029894907317, 30.416361166401504 ], [ 83.955962951863327, 30.416308002469936 ], [ 83.955932043445898, 30.416287447491595 ], [ 83.955921506877218, 30.416275546671709 ], [ 83.955860164829687, 30.416217528387488 ], [ 83.955854360684256, 30.416212918922056 ], [ 83.955831827087749, 30.416187425738404 ], [ 83.955825270554129, 30.416179185660628 ], [ 83.955793781495828, 30.416126760506277 ], [ 83.955745229777449, 30.416060279895039 ], [ 83.955735363010319, 30.416039033840168 ], [ 83.95569343704824, 30.415969232495375 ], [ 83.955644651392717, 30.415902863726583 ], [ 83.955644546271202, 30.415902744993559 ], [ 83.955544535884215, 30.41573936747378 ], [ 83.955529130818633, 30.415707134820789 ], [ 83.955487204998306, 30.415637333472443 ], [ 83.955456537342158, 30.415595612570065 ], [ 83.955057034289297, 30.414942982179181 ], [ 83.955041636160303, 30.414910763774348 ], [ 83.954999710680326, 30.414840962417653 ], [ 83.954969050375638, 30.41479925117244 ], [ 83.954735821938442, 30.414418247910877 ], [ 83.954709513894798, 30.414363201742542 ], [ 83.954667588648945, 30.414293400379808 ], [ 83.954650237425554, 30.414269795094615 ], [ 83.954637614742566, 30.414243383735471 ], [ 83.954595689548043, 30.414173582371493 ], [ 83.954588882799996, 30.414164322192914 ], [ 83.954563315467922, 30.4141108257277 ], [ 83.954541667902575, 30.414074784591136 ], [ 83.954518740549588, 30.414022038750463 ], [ 83.954496258558379, 30.413964686211035 ], [ 83.954475958645517, 30.413906728452442 ], [ 83.954457862679021, 30.413848227733684 ], [ 83.954441988536303, 30.413789241347065 ], [ 83.954428353753045, 30.413729836107937 ], [ 83.954416680196886, 30.413668536247993 ], [ 83.954409499230124, 30.413622306712149 ], [ 83.954405568635252, 30.413544296643611 ], [ 83.954396223130445, 30.4134827760668 ], [ 83.954394201975646, 30.413428770000426 ], [ 83.954394226865062, 30.41336820133159 ], [ 83.954396542803977, 30.413307667891818 ], [ 83.954401147350765, 30.413247230025373 ], [ 83.954406379680265, 30.413201441892177 ], [ 83.954423273296996, 30.41313539313931 ], [ 83.954435360883039, 30.413057433851041 ], [ 83.95444967690625, 30.413002295142686 ], [ 83.954461527082202, 30.412924275133211 ], [ 83.954461583555954, 30.412923153823943 ], [ 83.954471348680485, 30.412884975145413 ], [ 83.954483198842226, 30.412806955134695 ], [ 83.954483482634686, 30.412801320317016 ], [ 83.954520060903633, 30.412625567683147 ], [ 83.954530254331161, 30.412597546116391 ], [ 83.954549904874753, 30.412520718154266 ], [ 83.954561964052402, 30.412442751611177 ], [ 83.954576373480549, 30.412387285657569 ], [ 83.954588223582249, 30.412309265640811 ], [ 83.95459158691817, 30.41224248486408 ], [ 83.954595182205964, 30.412217628917002 ], [ 83.954598565442055, 30.41219105362357 ], [ 83.954606535683951, 30.412118614561177 ], [ 83.954608013629709, 30.412103909852615 ], [ 83.954609590447674, 30.412086582840256 ], [ 83.954610993554283, 30.412068966608583 ], [ 83.954617140604796, 30.41197897756037 ], [ 83.954618598648622, 30.411949429007077 ], [ 83.954618851037836, 30.411941128298867 ], [ 83.954622940407035, 30.411914204145649 ], [ 83.954626899909456, 30.411835585852973 ], [ 83.95462293874526, 30.411756967622292 ], [ 83.954621044823966, 30.411744499886559 ], [ 83.9546210083614, 30.411739593719265 ], [ 83.95462022967709, 30.411710036375315 ], [ 83.954616151723641, 30.411619959407385 ], [ 83.954614254912755, 30.41159042823983 ], [ 83.954606771966226, 30.411500515298382 ], [ 83.954603759210144, 30.411471054314863 ], [ 83.954592879274614, 30.411381401399904 ], [ 83.954588753944492, 30.411352042778947 ], [ 83.95457448902404, 30.411262747889953 ], [ 83.954569256486977, 30.411233527331714 ], [ 83.954551622585527, 30.411144686468159 ], [ 83.95455087745961, 30.411140978772497 ], [ 83.954545286991788, 30.411115626657956 ], [ 83.954524302113413, 30.411027332819227 ], [ 83.954516870212629, 30.410998466307024 ], [ 83.954492557360808, 30.410910817492596 ], [ 83.954484038790255, 30.410882181369967 ], [ 83.954456423968892, 30.410795269578959 ], [ 83.95444682645784, 30.410766889369665 ], [ 83.954443752906016, 30.410758323550677 ], [ 83.954432366028001, 30.410713807086029 ], [ 83.954405063621977, 30.410638756279216 ], [ 83.954384362542456, 30.410595440254049 ], [ 83.954380957678779, 30.410582129081352 ], [ 83.954353655309347, 30.410507078273117 ], [ 83.95431891011863, 30.410434375513393 ], [ 83.954307044387122, 30.41041461944781 ], [ 83.954295027058293, 30.410381585267263 ], [ 83.954260281912156, 30.410308882506119 ], [ 83.954223496117478, 30.410247635248897 ], [ 83.954122106517119, 30.410035628183305 ], [ 83.954098356958895, 30.409970343247803 ], [ 83.954063611958418, 30.409897640482217 ], [ 83.954021688621083, 30.409827839071522 ], [ 83.953998919365802, 30.409796861451941 ], [ 83.953990520039412, 30.409782838487995 ], [ 83.953968142882388, 30.409747439066113 ], [ 83.953962466748337, 30.409739023239144 ], [ 83.953935980198764, 30.409700239811208 ], [ 83.953935946172919, 30.409700188413922 ], [ 83.953916969158115, 30.409668592060566 ], [ 83.953868186636271, 30.409602223227647 ], [ 83.953812916133955, 30.409539792073712 ], [ 83.953774851503397, 30.409503787431333 ], [ 83.953741882211034, 30.409469931855124 ], [ 83.953730875078236, 30.409459403833825 ], [ 83.953693804140443, 30.409417530062886 ], [ 83.953632466381222, 30.409359511717557 ], [ 83.953565818544632, 30.409305765720571 ], [ 83.953504789873634, 30.409256482573408 ], [ 83.953480810348424, 30.409223858197674 ], [ 83.953425540059456, 30.409161427040186 ], [ 83.953402496993775, 30.409139630937752 ], [ 83.953267790135399, 30.408974354119742 ], [ 83.953264868735914, 30.408969490012314 ], [ 83.953216086561525, 30.40890312117229 ], [ 83.95316081645322, 30.408840690011605 ], [ 83.953152226654481, 30.408832565018304 ], [ 83.952759766729386, 30.408351041446355 ], [ 83.952747568868261, 30.408330731968345 ], [ 83.95269878701167, 30.408264363121749 ], [ 83.95264351726307, 30.408201931954846 ], [ 83.95263325647511, 30.408192226327611 ], [ 83.952614961168507, 30.408167335114076 ], [ 83.952559691474619, 30.408104903946285 ], [ 83.952538001610051, 30.408084387592957 ], [ 83.952532265821944, 30.408077683237575 ], [ 83.952524452427738, 30.408068668735364 ], [ 83.952511062828705, 30.408053420199685 ], [ 83.952467576664617, 30.407994256100377 ], [ 83.952412307068258, 30.407931824930987 ], [ 83.952387498317108, 30.407908358393652 ], [ 83.952374423763757, 30.407890570092153 ], [ 83.952319154225833, 30.407828138921698 ], [ 83.952266690059488, 30.407778513141235 ], [ 83.952218275325052, 30.407722256000067 ], [ 83.952214698369687, 30.407717989391667 ], [ 83.952206965121434, 30.407705113425063 ], [ 83.952158183575875, 30.40763874457225 ], [ 83.9521392725037, 30.407617383014216 ], [ 83.952127295248602, 30.407601087569223 ], [ 83.952072025873747, 30.407538656396103 ], [ 83.952059993507703, 30.407527970057 ], [ 83.952056293687519, 30.407523775298859 ], [ 83.952010865040009, 30.407461968058112 ], [ 83.951955595743499, 30.407399536883748 ], [ 83.951938228082142, 30.407383108764705 ], [ 83.951937661604703, 30.407382468882158 ], [ 83.951916575677032, 30.407362523641144 ], [ 83.951505139264881, 30.4068806264827 ], [ 83.95150157649374, 30.406874694367811 ], [ 83.951452795361007, 30.406808325506471 ], [ 83.951397526432558, 30.406745894325713 ], [ 83.951384499851045, 30.406733572362796 ], [ 83.951374564594076, 30.406720054999479 ], [ 83.951367904415974, 30.406712531727784 ], [ 83.951342218225122, 30.406677584496098 ], [ 83.951286949370385, 30.406615153314096 ], [ 83.951255083859976, 30.406585011394824 ], [ 83.950807923301525, 30.406051284225342 ], [ 83.950763355257067, 30.405990646941614 ], [ 83.95070808678922, 30.40592821575304 ], [ 83.950692322431223, 30.40591330397616 ], [ 83.950539337228847, 30.405730702095255 ], [ 83.950532370879671, 30.405719102788051 ], [ 83.950483590321411, 30.405652733914987 ], [ 83.95042832204399, 30.405590302723038 ], [ 83.950398213388155, 30.405561822328906 ], [ 83.95038809595539, 30.40554965351566 ], [ 83.950368827202041, 30.405525904463158 ], [ 83.950352379853669, 30.40549851877282 ], [ 83.950303599405188, 30.405432149897447 ], [ 83.950251804757244, 30.405373642393272 ], [ 83.950218314194657, 30.405317878760361 ], [ 83.950169533835705, 30.405251509883211 ], [ 83.950167157224797, 30.405248825246076 ], [ 83.950134487775074, 30.405196170257351 ], [ 83.950099279790095, 30.405135856890251 ], [ 83.950067397722705, 30.405077673488332 ], [ 83.950052035773396, 30.405035443015169 ], [ 83.950017292520499, 30.404962740194517 ], [ 83.949986610948812, 30.404912065965881 ], [ 83.949970295890978, 30.40487614338284 ], [ 83.949969150499911, 30.404873540796515 ], [ 83.949965431043964, 30.404858998877469 ], [ 83.949938130267213, 30.404783948003331 ], [ 83.949903387103319, 30.404711245179836 ], [ 83.949890438638874, 30.404689685121919 ], [ 83.949872047824059, 30.4046391279965 ], [ 83.949837304711309, 30.404566425171407 ], [ 83.94982833183704, 30.404551484714268 ], [ 83.949607614898895, 30.404045664651189 ], [ 83.949603487547279, 30.404029527847829 ], [ 83.949576187001284, 30.403954476964099 ], [ 83.949541444131015, 30.403881774131545 ], [ 83.949523406713141, 30.403851740368601 ], [ 83.949503184423435, 30.403796147956772 ], [ 83.949468441609298, 30.403723445122264 ], [ 83.949449637303175, 30.40369213437689 ], [ 83.949445699173623, 30.403683719046501 ], [ 83.949437482143807, 30.403666740373279 ], [ 83.949420373665177, 30.403619707948391 ], [ 83.949385630913568, 30.403547005111928 ], [ 83.949343710289625, 30.403477203633376 ], [ 83.949322688569794, 30.403448601660319 ], [ 83.949322217199466, 30.403447781958501 ], [ 83.949274862639911, 30.403367522289368 ], [ 83.949258832323281, 30.403341417600647 ], [ 83.949208467815694, 30.403262545946372 ], [ 83.949199212187963, 30.40324835561746 ], [ 83.949191454893949, 30.403236904840778 ], [ 83.949138134440474, 30.403159507199948 ], [ 83.949120164453021, 30.403134368270255 ], [ 83.949063946055801, 30.403058527641544 ], [ 83.949045034784675, 30.403033912459829 ], [ 83.948985978445123, 30.40295970984138 ], [ 83.948966148049664, 30.402935647082661 ], [ 83.948904317769561, 30.40286316247288 ], [ 83.948883589792544, 30.402839677885272 ], [ 83.948877465140015, 30.402832969468783 ], [ 83.948859491613803, 30.402808514689692 ], [ 83.94880422493847, 30.402746083470564 ], [ 83.948742891349426, 30.402688065065906 ], [ 83.948733534310804, 30.402680632966792 ], [ 83.94873025836641, 30.402677277073895 ], [ 83.948707801665378, 30.402655022445888 ], [ 83.948638058569273, 30.402588150851937 ], [ 83.948617879145459, 30.402569347379025 ], [ 83.948564901114608, 30.402521369679345 ], [ 83.948553005824522, 30.402510772369116 ], [ 83.948533749821678, 30.402493896476432 ], [ 83.948518431734442, 30.402480747015357 ], [ 83.948443782763704, 30.402417980423255 ], [ 83.948418913763334, 30.402397745021634 ], [ 83.948361222767176, 30.402352321509571 ], [ 83.948327073589823, 30.402320018030036 ], [ 83.948260140125896, 30.402266853983715 ], [ 83.948188115959169, 30.40221894890168 ], [ 83.948147030121859, 30.402196260555101 ], [ 83.948131864875734, 30.402185744592511 ], [ 83.948113650334392, 30.402173399289065 ], [ 83.948031013585577, 30.402118661682973 ], [ 83.948019356528036, 30.402111051802603 ], [ 83.947969903295146, 30.402079236624378 ], [ 83.947929619629051, 30.40204723996057 ], [ 83.947857595623447, 30.401999334876937 ], [ 83.947840741656336, 30.401990415129507 ], [ 83.947833716542334, 30.40198614838415 ], [ 83.947768553779682, 30.401942806870483 ], [ 83.947701665914664, 30.40190587006931 ], [ 83.947673494512912, 30.401883493943114 ], [ 83.947601470627575, 30.401835588858415 ], [ 83.947538159579437, 30.401800627207507 ], [ 83.947473253261066, 30.401755675797357 ], [ 83.947405361138919, 30.401707155304489 ], [ 83.947338344904054, 30.401657739367192 ], [ 83.947272205938987, 30.401607429140096 ], [ 83.947206966053145, 30.401556242517156 ], [ 83.94720584895633, 30.401555338564865 ], [ 83.947166086574313, 30.401517724951663 ], [ 83.947099153657504, 30.401464560898948 ], [ 83.947079447935295, 30.401451454019366 ], [ 83.947079259368806, 30.401451296654667 ], [ 83.94701681704656, 30.401397558169361 ], [ 83.94695533699884, 30.401342994015987 ], [ 83.946894831999785, 30.401287615668036 ], [ 83.946835316050098, 30.401231436181373 ], [ 83.946776805975986, 30.401174471423129 ], [ 83.946719310275512, 30.401116729122233 ], [ 83.946662849945767, 30.401058232021381 ], [ 83.946607434483681, 30.400998987005021 ], [ 83.946606138057604, 30.40099755658888 ], [ 83.946586370650522, 30.4009706605442 ], [ 83.946531105010095, 30.400908229307486 ], [ 83.946501288178965, 30.400880023590435 ], [ 83.946499789396526, 30.400878316461064 ], [ 83.94644758603205, 30.400816917922366 ], [ 83.946396475730822, 30.400754827594643 ], [ 83.946346239840707, 30.400691770112029 ], [ 83.946300187923043, 30.400632107560686 ], [ 83.946249847766822, 30.400564580703513 ], [ 83.946203240301912, 30.400499884733865 ], [ 83.946157790219999, 30.400434579324607 ], [ 83.946114065034919, 30.400369509079237 ], [ 83.94610699123524, 30.400354705925867 ], [ 83.946065071974999, 30.400284904413031 ], [ 83.946028346299698, 30.400234934121837 ], [ 83.945987728188513, 30.400167516174879 ], [ 83.945948199775614, 30.400099372228748 ], [ 83.945909885981877, 30.400030709943646 ], [ 83.945872796204412, 30.399961546981 ], [ 83.945836939979046, 30.399891899290896 ], [ 83.945802320074591, 30.399821773281186 ], [ 83.945768950192971, 30.399751198893075 ], [ 83.945739080283047, 30.399685146553388 ], [ 83.945738657034241, 30.39968349169305 ], [ 83.945711357697405, 30.399608440759405 ], [ 83.945676616365631, 30.399535737878178 ], [ 83.945674689440438, 30.399532529247306 ], [ 83.945648110960846, 30.399464701348098 ], [ 83.945621098393545, 30.399392115075994 ], [ 83.945595252509534, 30.399318824265418 ], [ 83.945572214620071, 30.399249890143185 ], [ 83.945547828185155, 30.399172306707509 ], [ 83.945526016167008, 30.399098414930723 ], [ 83.945505516080587, 30.399024237302061 ], [ 83.945486336174568, 30.398949799172623 ], [ 83.945486224923116, 30.398949333866074 ], [ 83.945477798549732, 30.398893855480278 ], [ 83.945458149160956, 30.398817027662215 ], [ 83.945451852556729, 30.398799716975731 ], [ 83.945436753068591, 30.398725075790498 ], [ 83.94542289137955, 30.398649755843596 ], [ 83.945410366242001, 30.398574253550823 ], [ 83.945399183204387, 30.398498600609667 ], [ 83.945389344616672, 30.398422806991174 ], [ 83.945380851931532, 30.398346890207204 ], [ 83.945373708144999, 30.398270872382636 ], [ 83.945367914407768, 30.398194765588524 ], [ 83.945367793066524, 30.398192685021961 ], [ 83.945369589845512, 30.398157003855228 ], [ 83.945365629233947, 30.398078385459701 ], [ 83.945360462320465, 30.398044366712682 ], [ 83.945360381041311, 30.398042362052866 ], [ 83.945358644099699, 30.397966103318783 ], [ 83.945358260032165, 30.397889833089895 ], [ 83.945359230477393, 30.397813565983842 ], [ 83.945361553878243, 30.397737317208726 ], [ 83.945365230036117, 30.39766111113563 ], [ 83.945370258081297, 30.397584965160771 ], [ 83.945376637536128, 30.397508891082889 ], [ 83.945384342325468, 30.397433140964978 ], [ 83.945389178101692, 30.397414231519324 ], [ 83.945401026395771, 30.397336211323687 ], [ 83.945403749848523, 30.397282127390355 ], [ 83.945403861657041, 30.397281314805777 ], [ 83.945415626140999, 30.397205727168473 ], [ 83.945428730728281, 30.397130300808382 ], [ 83.945443171618194, 30.39705506093485 ], [ 83.945458945545951, 30.396980024248119 ], [ 83.945476048094847, 30.396905212741085 ], [ 83.945494479435922, 30.396830629733582 ], [ 83.945514231225985, 30.396756298520398 ], [ 83.945534121651377, 30.396686383169467 ], [ 83.945536203543824, 30.396682026073716 ], [ 83.945563500529829, 30.396606974691007 ], [ 83.945583147872071, 30.396530146540588 ], [ 83.945583296811506, 30.396529165775696 ], [ 83.945583567045205, 30.396528358179484 ], [ 83.945606312721125, 30.396461999078159 ], [ 83.94563263231403, 30.396389104517549 ], [ 83.945660202956333, 30.396316671184973 ], [ 83.945689055327136, 30.396244615871435 ], [ 83.9457191822965, 30.39617295496809 ], [ 83.945750577774717, 30.396101704611542 ], [ 83.94577580800933, 30.396046985755074 ], [ 83.945813019250181, 30.395985018542557 ], [ 83.94584775787655, 30.395912315110305 ], [ 83.945850360696468, 30.3959046464756 ], [ 83.945867450563767, 30.395868879574337 ], [ 83.945896747665671, 30.39582009155227 ], [ 83.945931486233775, 30.395747388118064 ], [ 83.945945479358656, 30.395708914510831 ], [ 83.946234164929123, 30.395148073270271 ], [ 83.946272944589239, 30.395083493595418 ], [ 83.946307682896574, 30.395010790153041 ], [ 83.946314554011536, 30.394991898118882 ], [ 83.946487199327805, 30.394656493016523 ], [ 83.946657924648704, 30.394324809482907 ], [ 83.946696707680346, 30.394260223643652 ], [ 83.946731445696543, 30.394187520192038 ], [ 83.946738321330471, 30.39416861557239 ], [ 83.947081688264731, 30.393501525550235 ], [ 83.947120463771896, 30.393436951691886 ], [ 83.947152894719679, 30.39336907614306 ], [ 83.947191150508004, 30.393305367699472 ], [ 83.947225888186153, 30.393232664237377 ], [ 83.947238077687203, 30.393199148759606 ], [ 83.947253859839947, 30.393171635801739 ], [ 83.947263454831244, 30.393160795553928 ], [ 83.947313091825663, 30.393093857154039 ], [ 83.947368175533839, 30.393050670409192 ], [ 83.947422133078845, 30.393014777644165 ], [ 83.947426700794381, 30.393011149150393 ], [ 83.947457676575354, 30.392997170257505 ], [ 83.947506908603941, 30.392969330018058 ], [ 83.947533960448439, 30.392954389745572 ], [ 83.947545752221501, 30.392947227113485 ], [ 83.94758319245571, 30.392926549507191 ], [ 83.947655209151421, 30.392878643658658 ], [ 83.947665343265413, 30.392870593327945 ], [ 83.9476773878757, 30.392865157773361 ], [ 83.947753946825458, 30.392822875518863 ], [ 83.947825963445155, 30.39277496966962 ], [ 83.947892889639874, 30.392721804825893 ], [ 83.947912429270588, 30.39270331892677 ], [ 83.947932288879116, 30.392688570463253 ], [ 83.947983430597716, 30.392647951881155 ], [ 83.948057709617444, 30.392584882473503 ], [ 83.948105612316141, 30.392541404112325 ], [ 83.948174880208725, 30.392474184707172 ], [ 83.948195986348495, 30.392453052631172 ], [ 83.948219334530009, 30.392428037483352 ], [ 83.948283283297357, 30.392356967087739 ], [ 83.948324095883208, 30.392308351170758 ], [ 83.948325260094592, 30.392306862492067 ], [ 83.948377936900712, 30.392247348626409 ], [ 83.948426709578527, 30.392180978961445 ], [ 83.94846862403692, 30.392111176769507 ], [ 83.948470651851892, 30.392106932646321 ], [ 83.948471911635025, 30.392105064862083 ], [ 83.948474792842291, 30.392100765966976 ], [ 83.948504898676916, 30.392052189169814 ], [ 83.948551285101757, 30.391971521844194 ], [ 83.948580144337285, 30.391916842427467 ], [ 83.948620227666126, 30.391833676137434 ], [ 83.948637913862271, 30.391794427305516 ], [ 83.948644816443888, 30.391777461630607 ], [ 83.948678420688253, 30.391692164381165 ], [ 83.948698639245578, 30.391634642313345 ], [ 83.948725613418873, 30.391547593109056 ], [ 83.948741361518046, 30.391489051387008 ], [ 83.94876158763519, 30.391400639231367 ], [ 83.948765660132011, 30.391381789665015 ], [ 83.948772806644016, 30.391341294489802 ], [ 83.948786192720448, 30.391251909385684 ], [ 83.948792824531097, 30.391192063832815 ], [ 83.948799312583148, 30.391102104782117 ], [ 83.948801340469458, 30.391045806856329 ], [ 83.948801331153888, 30.391041998133748 ], [ 83.948800982213626, 30.390970510463209 ], [ 83.948804727883186, 30.39089612185629 ], [ 83.948800767564535, 30.390817503373366 ], [ 83.948788918428463, 30.390739483285909 ], [ 83.948785662639224, 30.39072675229054 ], [ 83.948782915106889, 30.390708661285135 ], [ 83.948772968855593, 30.390669768804699 ], [ 83.948771598039244, 30.390660587158944 ], [ 83.948765988867805, 30.390627769972109 ], [ 83.948756048315246, 30.39057617416475 ], [ 83.948754701734629, 30.390549442370283 ], [ 83.948742852630886, 30.39047142227945 ], [ 83.948723204928044, 30.390394594362089 ], [ 83.948712211058051, 30.390364367273701 ], [ 83.948614555409947, 30.389902425740321 ], [ 83.948614362863793, 30.389898603362528 ], [ 83.948602513838566, 30.389820583264058 ], [ 83.948582866266108, 30.389743755339058 ], [ 83.948578438396737, 30.389731581054811 ], [ 83.948427092441065, 30.389015667697592 ], [ 83.948426900502781, 30.389011857352042 ], [ 83.94841505158449, 30.388933837242913 ], [ 83.948395404189483, 30.388857009307433 ], [ 83.948390980196663, 30.388844845570038 ], [ 83.948239634856236, 30.388128935122936 ], [ 83.948239442142125, 30.388125109341555 ], [ 83.948227593330941, 30.388047089221768 ], [ 83.948207946113399, 30.387970261275807 ], [ 83.948203515433931, 30.38795807904183 ], [ 83.948199488355797, 30.387939029711895 ], [ 83.948198435957366, 30.387918137338996 ], [ 83.948186587171236, 30.3878401172169 ], [ 83.948166939995076, 30.387763289268452 ], [ 83.948157931640125, 30.387738520579397 ], [ 83.948150694187362, 30.387701867881542 ], [ 83.948135825379836, 30.387621761743997 ], [ 83.948121882038421, 30.387541538142724 ], [ 83.94810886561919, 30.387461197578123 ], [ 83.948096775709672, 30.387380746308477 ], [ 83.948085614861967, 30.387300195602105 ], [ 83.94808553600042, 30.38729957400875 ], [ 83.948082262742133, 30.387234592330845 ], [ 83.948070414038426, 30.387156572200578 ], [ 83.948066254757506, 30.387140307711711 ], [ 83.948066083744266, 30.387138823211632 ], [ 83.948057714173274, 30.387058015896304 ], [ 83.948050278354373, 30.386977145581593 ], [ 83.948043775220171, 30.386896208633782 ], [ 83.948038205526487, 30.386815221111139 ], [ 83.948033570840067, 30.386734189849793 ], [ 83.948032146509547, 30.38670298689393 ], [ 83.948032245123997, 30.386702337453517 ], [ 83.948036203610513, 30.386623718857084 ], [ 83.948032243464354, 30.386545100322646 ], [ 83.948024548893329, 30.386494433537923 ], [ 83.94802382738149, 30.386471977279914 ], [ 83.948026756386355, 30.386413804857124 ], [ 83.948022796248722, 30.386335186320199 ], [ 83.948018529672652, 30.386307091946172 ], [ 83.947994873066023, 30.385570806207749 ], [ 83.94799780183844, 30.385512637857257 ], [ 83.947993841737215, 30.385434019309496 ], [ 83.947989575564563, 30.385405927329732 ], [ 83.947965919159728, 30.384669647874993 ], [ 83.947968848290969, 30.384611471857479 ], [ 83.947964888226167, 30.384532853298705 ], [ 83.947963260638147, 30.384522135824419 ], [ 83.947966569648273, 30.384456414857528 ], [ 83.94796260958968, 30.384377796296977 ], [ 83.94795366607957, 30.38431890424814 ], [ 83.947953166387549, 30.384307385111295 ], [ 83.947952595639663, 30.384296107410034 ], [ 83.947947387689325, 30.384206069450901 ], [ 83.947946656185223, 30.384194826235831 ], [ 83.947940152237791, 30.384104852286828 ], [ 83.947939256695136, 30.384093592445769 ], [ 83.947931454750801, 30.384003695506809 ], [ 83.94793039835227, 30.383992461754215 ], [ 83.947921301411824, 30.383902655825299 ], [ 83.94792008256583, 30.383891428915053 ], [ 83.947912604439267, 30.383826874589612 ], [ 83.947913122869892, 30.383816577857612 ], [ 83.947909162837064, 30.383737959289423 ], [ 83.947897314555419, 30.383659939117234 ], [ 83.947892755446233, 30.383642110491724 ], [ 83.947892326735655, 30.383633599288071 ], [ 83.947880478466629, 30.383555579114638 ], [ 83.947873079336162, 30.383526644412271 ], [ 83.947821685690286, 30.383146692540972 ], [ 83.947821909726017, 30.383142242857684 ], [ 83.94781794972053, 30.383063624281323 ], [ 83.947806101520243, 30.382985604100963 ], [ 83.947793794589927, 30.382937476896785 ], [ 83.947789087159308, 30.382900900153285 ], [ 83.947788522342663, 30.382896406632707 ], [ 83.947778515466808, 30.382814846559523 ], [ 83.947774643283879, 30.382737971277383 ], [ 83.947762795122841, 30.382659951093292 ], [ 83.947759249419022, 30.382646085297402 ], [ 83.947758910996043, 30.38264303988095 ], [ 83.947749928839698, 30.382557751192305 ], [ 83.947741439463201, 30.382472431369099 ], [ 83.94773344248857, 30.382387068986159 ], [ 83.947725936875187, 30.382301675817356 ], [ 83.94771892547395, 30.382216254125769 ], [ 83.947712405703271, 30.382130797301219 ], [ 83.947706378868418, 30.382045311353121 ], [ 83.947700844322441, 30.381959803527234 ], [ 83.947700446356421, 30.381953050645336 ], [ 83.947702219755541, 30.381917827857894 ], [ 83.947698259799452, 30.38183920926679 ], [ 83.947691614972626, 30.381795452650771 ], [ 83.947691257765825, 30.381788731185697 ], [ 83.947687204096255, 30.381703158584248 ], [ 83.947683643637831, 30.381617572579298 ], [ 83.947680577123151, 30.381531970190299 ], [ 83.947678003766512, 30.381446361173712 ], [ 83.947675925322955, 30.381360740440986 ], [ 83.947674339809907, 30.381275107109804 ], [ 83.947673248351961, 30.381189472261614 ], [ 83.94767265086989, 30.381103833359955 ], [ 83.947672649840939, 30.381102981987826 ], [ 83.947673785951608, 30.38109549952198 ], [ 83.947677744212172, 30.381016880858045 ], [ 83.94767378429232, 30.380938262256105 ], [ 83.947672937247475, 30.380932684359028 ], [ 83.947672937843535, 30.38093255363302 ], [ 83.947673822342409, 30.380846912440926 ], [ 83.94767519989044, 30.380761276273436 ], [ 83.94767707124241, 30.380675656776166 ], [ 83.947679437604265, 30.380590041831699 ], [ 83.947680020040679, 30.380572604997766 ], [ 83.947688065874814, 30.380519614528954 ], [ 83.947692024112285, 30.380440995858091 ], [ 83.947688064215697, 30.380362377249224 ], [ 83.947687804304223, 30.380360484549538 ], [ 83.947689282274411, 30.380322145709435 ], [ 83.947697798210996, 30.380267163532135 ], [ 83.947701756438335, 30.380188544858076 ], [ 83.947699928540231, 30.38015225421816 ], [ 83.94770176466767, 30.380115784858273 ], [ 83.947698617146216, 30.38005329469323 ], [ 83.947698782099337, 30.380047395500807 ], [ 83.947699070845616, 30.380030669428724 ], [ 83.947699105467336, 30.380025397736841 ], [ 83.947703423354724, 30.379996462535406 ], [ 83.94770738157105, 30.379917843858149 ], [ 83.947703421695607, 30.379839225243064 ], [ 83.947695125616136, 30.379784593891976 ], [ 83.947690412677744, 30.379707495613903 ], [ 83.947688228287646, 30.379679820474568 ], [ 83.947679535346353, 30.379589987542541 ], [ 83.947676366706418, 30.379562355040566 ], [ 83.947664488776496, 30.379472797132987 ], [ 83.947660344737784, 30.379445286483762 ], [ 83.947645295822952, 30.379356087600637 ], [ 83.947640309488946, 30.37932934448536 ], [ 83.947621968694989, 30.379239934097111 ], [ 83.947615878613661, 30.379212684811083 ], [ 83.947594530739266, 30.379124456975024 ], [ 83.947587477572498, 30.379097386485174 ], [ 83.947585297700215, 30.379089580679128 ], [ 83.947581454614905, 30.379064273007703 ], [ 83.947561809194497, 30.378987444955872 ], [ 83.947534515611636, 30.378912393784017 ], [ 83.947528937976656, 30.37890071901824 ], [ 83.947527435582458, 30.37889598137463 ], [ 83.947518472324589, 30.378869328196121 ], [ 83.947487835535483, 30.378783182425781 ], [ 83.947477934139869, 30.378756790190007 ], [ 83.947444255385506, 30.378671502439989 ], [ 83.947437601051533, 30.378655164771882 ], [ 83.947433422229977, 30.378645386706413 ], [ 83.947396733512846, 30.378561037975746 ], [ 83.947384981129773, 30.378535228265822 ], [ 83.947345317452815, 30.378451897553358 ], [ 83.947332649108574, 30.378426401974554 ], [ 83.947290046474265, 30.378344168279323 ], [ 83.947276483526167, 30.378319030299448 ], [ 83.947230983937175, 30.378237972620123 ], [ 83.947216539237516, 30.378213214390346 ], [ 83.94716818569573, 30.378133407726136 ], [ 83.947152858184552, 30.378109028785136 ], [ 83.947101694692094, 30.378030550134358 ], [ 83.947096984680158, 30.378023401877439 ], [ 83.947085521402187, 30.37800660934332 ], [ 83.947082546095245, 30.37800235644502 ], [ 83.947047464951211, 30.377943927871929 ], [ 83.946998698191692, 30.377877558716069 ], [ 83.946963245529645, 30.377837499793401 ], [ 83.946957941971789, 30.377830419788108 ], [ 83.946940095030797, 30.377807378832298 ], [ 83.94688080669691, 30.377733323214304 ], [ 83.946862155461332, 30.377710774807429 ], [ 83.946800268182912, 30.377638335197386 ], [ 83.946780816769106, 30.37761628477563 ], [ 83.946716388547586, 30.377545531172299 ], [ 83.946696489071385, 30.377524345903826 ], [ 83.946629264786935, 30.377455016977049 ], [ 83.946608290700297, 30.377434049833827 ], [ 83.946538966594545, 30.377366865238873 ], [ 83.946517258709108, 30.377346467667596 ], [ 83.946445582661781, 30.377281163074752 ], [ 83.946423154969011, 30.377261348730453 ], [ 83.946349195980574, 30.377197988138125 ], [ 83.946326092366974, 30.377178795003577 ], [ 83.946249921437143, 30.37711743641017 ], [ 83.946226131482419, 30.377098855785665 ], [ 83.946219713794704, 30.377093996387181 ], [ 83.946202492443248, 30.377077701565067 ], [ 83.946135576184759, 30.377024537312867 ], [ 83.946063570531948, 30.376976632045203 ], [ 83.946048217427645, 30.376968151569059 ], [ 83.946043006134289, 30.37696444435861 ], [ 83.94601796133108, 30.376947179755529 ], [ 83.945935591574738, 30.376892169149681 ], [ 83.945909922406969, 30.376875565443537 ], [ 83.94582563870712, 30.37682277883059 ], [ 83.945799410475985, 30.376806878639915 ], [ 83.945713294831052, 30.376756365018185 ], [ 83.945686510725452, 30.37674116945249 ], [ 83.945598644134648, 30.376692976820916 ], [ 83.945571320552148, 30.376678496148788 ], [ 83.945481784013424, 30.376632670505774 ], [ 83.945473108865713, 30.37662827930566 ], [ 83.945453985959261, 30.376618938466624 ], [ 83.945362867471218, 30.376575521810754 ], [ 83.94533457773835, 30.37656252943238 ], [ 83.945241961298848, 30.376521563762413 ], [ 83.945213214027618, 30.376509328128929 ], [ 83.945119187634546, 30.376470853443625 ], [ 83.945090046670956, 30.376459400906395 ], [ 83.945083114616196, 30.37645678722166 ], [ 83.945021492510378, 30.376428973927236 ], [ 83.944941929972572, 30.376400399832058 ], [ 83.944927861354046, 30.376394049922926 ], [ 83.944844009763301, 30.376363935445969 ], [ 83.944757450193478, 30.37634027203465 ], [ 83.944728341767316, 30.376334676853975 ], [ 83.944722893204741, 30.376333005785892 ], [ 83.944638966306684, 30.376308065545352 ], [ 83.944632849956861, 30.376305304911764 ], [ 83.944548998441803, 30.376275190434452 ], [ 83.94446243895014, 30.376251527022777 ], [ 83.94440179619194, 30.37623987034662 ], [ 83.944012314010862, 30.376128497180108 ], [ 83.943953518833951, 30.376107381412663 ], [ 83.943866959490265, 30.376083718000455 ], [ 83.943832662212529, 30.37607712540856 ], [ 83.943269386898052, 30.375916055766847 ], [ 83.943265554207002, 30.375914325862805 ], [ 83.943181703025715, 30.375884211383717 ], [ 83.943095143878665, 30.375860547970621 ], [ 83.943038677694659, 30.375849694066535 ], [ 83.942966645807104, 30.375823824375789 ], [ 83.94288008671316, 30.375800160962516 ], [ 83.942872194725211, 30.375798643967276 ], [ 83.942812735511396, 30.375778338896584 ], [ 83.942754557869492, 30.375756415159092 ], [ 83.942705331004774, 30.375735633048659 ], [ 83.942699202064119, 30.375732835430078 ], [ 83.942663181831378, 30.37570887090185 ], [ 83.942586635773708, 30.37566658919074 ], [ 83.942582052322393, 30.375664520421228 ], [ 83.942577642876074, 30.375661320274769 ], [ 83.942562629342817, 30.375648858355007 ], [ 83.94253895375715, 30.375622106063513 ], [ 83.942499672950802, 30.375584938030507 ], [ 83.942488040495093, 30.375570421053286 ], [ 83.942470250494338, 30.37554472039746 ], [ 83.942454474380938, 30.37551804795525 ], [ 83.942440780602567, 30.375490520241986 ], [ 83.942429233196336, 30.375462264707185 ], [ 83.942419883560603, 30.375433409305028 ], [ 83.942412770769351, 30.375404071998577 ], [ 83.942410408956917, 30.37538959810929 ], [ 83.942410847521842, 30.375380886858903 ], [ 83.942406887829534, 30.375302268189106 ], [ 83.942406254195319, 30.375298095384959 ], [ 83.942407180758408, 30.375284598901739 ], [ 83.94241153010951, 30.375254858684695 ], [ 83.942418154706559, 30.375225434111872 ], [ 83.942427022484722, 30.375196467485619 ], [ 83.942438099440963, 30.375168069626088 ], [ 83.942451333128346, 30.375140374798857 ], [ 83.942466663914416, 30.375113508814575 ], [ 83.942474615656337, 30.375101636255462 ], [ 83.942486999440035, 30.375089918175266 ], [ 83.942542249467877, 30.375027485993353 ], [ 83.942559949657181, 30.375003395359688 ], [ 83.942560423727656, 30.375002924122771 ], [ 83.942604587637703, 30.374962830191397 ], [ 83.942660097221122, 30.374915541516199 ], [ 83.942668765278853, 30.374908425285927 ], [ 83.942716694563401, 30.37487653656564 ], [ 83.942783608562891, 30.374823371576429 ], [ 83.9428190201061, 30.374789863506333 ], [ 83.942843873860895, 30.374773327576552 ], [ 83.942910787790041, 30.374720162586453 ], [ 83.942972102970174, 30.374662143213147 ], [ 83.942974929511223, 30.374658930461838 ], [ 83.943034616145439, 30.374609515146087 ], [ 83.943040728162018, 30.374604363186073 ], [ 83.943068843583205, 30.374585605596369 ], [ 83.943135757384468, 30.374532440604849 ], [ 83.943197072447362, 30.374474421229944 ], [ 83.943230555462648, 30.374436585393969 ], [ 83.943232524303212, 30.374434753975041 ], [ 83.943302385210487, 30.374367988569393 ], [ 83.9433215015343, 30.37434920146028 ], [ 83.943389196389006, 30.374280780057514 ], [ 83.943396542815762, 30.374273272247674 ], [ 83.943405049136388, 30.374264366969914 ], [ 83.943451720001775, 30.374214864686575 ], [ 83.943460801929348, 30.3742050938523 ], [ 83.943479608866681, 30.374184569736737 ], [ 83.943491068157627, 30.374171831596595 ], [ 83.943554276908571, 30.37410025620316 ], [ 83.943571520789206, 30.374080157693282 ], [ 83.94363241348951, 30.374007087306385 ], [ 83.943649018526315, 30.373986566751174 ], [ 83.943707545176864, 30.373912058371975 ], [ 83.94372347383721, 30.373891162309139 ], [ 83.943779592438887, 30.373815272938796 ], [ 83.943794851709711, 30.373793992949114 ], [ 83.943848517263675, 30.373716781588609 ], [ 83.943858444050704, 30.373702191240479 ], [ 83.94386308892382, 30.37369514230269 ], [ 83.943863745860099, 30.373694134854432 ], [ 83.943865412886353, 30.373692251099325 ], [ 83.943914176351086, 30.373625881245889 ], [ 83.943956082892257, 30.37355607885571 ], [ 83.943971851219345, 30.373523070145101 ], [ 83.94397676849411, 30.373515014988381 ], [ 83.943989935798328, 30.373492700733227 ], [ 83.944036002218525, 30.373411883409371 ], [ 83.944048440223099, 30.373389277793503 ], [ 83.944091900602047, 30.373307383483859 ], [ 83.94410195805203, 30.373287823607829 ], [ 83.944131183587615, 30.373229121397447 ], [ 83.944136819444026, 30.37321758160699 ], [ 83.944148414248076, 30.373193373523097 ], [ 83.944155412845333, 30.373178383619379 ], [ 83.944193561147799, 30.373094522341102 ], [ 83.944203586432224, 30.373071573645003 ], [ 83.944239235637951, 30.372986345835304 ], [ 83.944248710559947, 30.372962672734847 ], [ 83.944281429794557, 30.372877104491334 ], [ 83.944290143215483, 30.372853210797022 ], [ 83.94432010841966, 30.372766887572009 ], [ 83.944328050667238, 30.372742800657502 ], [ 83.944355239843304, 30.372655788451706 ], [ 83.944362409272969, 30.372631513536295 ], [ 83.944364083350465, 30.3726254988654 ], [ 83.944385458518326, 30.372566714554647 ], [ 83.944405101052325, 30.372489886121432 ], [ 83.944412756028271, 30.372439465651677 ], [ 83.944414762762335, 30.372431263327879 ], [ 83.944420367968235, 30.37240667454407 ], [ 83.944439109075745, 30.372318002399599 ], [ 83.944440347197883, 30.372312031125634 ], [ 83.944443922109627, 30.372293299912076 ], [ 83.944459816199767, 30.372204209789064 ], [ 83.944463836661953, 30.372179397894481 ], [ 83.944476870737461, 30.372089960793023 ], [ 83.944480095154631, 30.372065059327245 ], [ 83.94449025921854, 30.371975342247968 ], [ 83.944492684097142, 30.371950380100952 ], [ 83.944499971152013, 30.371860452043951 ], [ 83.94450159622329, 30.371835430292702 ], [ 83.944505999272238, 30.371745362258427 ], [ 83.944506821866682, 30.371720322540749 ], [ 83.944508338912541, 30.371630183528939 ], [ 83.944508449668575, 30.371617012859584 ], [ 83.9445083590861, 30.371605117620302 ], [ 83.944506987131987, 30.371514976631051 ], [ 83.944506204897621, 30.371489937033456 ], [ 83.944505777897504, 30.371480904146662 ], [ 83.944508010757971, 30.371436550859574 ], [ 83.944504051224655, 30.371357932142349 ], [ 83.944493502987257, 30.371288463790211 ], [ 83.944493220317455, 30.371284904230986 ], [ 83.944490836119556, 30.371259942860416 ], [ 83.944480817182765, 30.371170212938612 ], [ 83.944477632253637, 30.371145301875355 ], [ 83.944464742328606, 30.37105584897569 ], [ 83.944460762469134, 30.371031035598381 ], [ 83.944445012558432, 30.370941926720416 ], [ 83.94444121270395, 30.370921930813441 ], [ 83.944440237161103, 30.370917207276502 ], [ 83.944421638267841, 30.370828512420065 ], [ 83.944416076191885, 30.370803931978028 ], [ 83.944394644318535, 30.370715719142591 ], [ 83.944388293809268, 30.370691269539716 ], [ 83.944364043958601, 30.370603606724575 ], [ 83.944356915576449, 30.370579329163991 ], [ 83.944329867751136, 30.37049228436862 ], [ 83.944321965058421, 30.37046818906882 ], [ 83.944292140261211, 30.370381829292956 ], [ 83.94428346550643, 30.370357924374911 ], [ 83.944280319890836, 30.370349658843274 ], [ 83.944272748542573, 30.37032004664729 ], [ 83.944245457367742, 30.370244995375781 ], [ 83.944210726422867, 30.370172292167172 ], [ 83.944207236345747, 30.370166478880432 ], [ 83.944205687100137, 30.370162758799655 ], [ 83.944195950108124, 30.370140397034415 ], [ 83.944157938408736, 30.37005648931169 ], [ 83.944147000261637, 30.370033296112684 ], [ 83.944106315599413, 30.369950336406202 ], [ 83.944094639225241, 30.369927416479623 ], [ 83.944051312602241, 30.369845467788412 ], [ 83.944038909067146, 30.369822842252301 ], [ 83.943992975485415, 30.36974196957539 ], [ 83.943979849318055, 30.369719646731195 ], [ 83.94393134277901, 30.369639911067434 ], [ 83.943917503635845, 30.369617908309419 ], [ 83.943866461141695, 30.369539371658103 ], [ 83.943861090807118, 30.369531208291942 ], [ 83.943851928402779, 30.369517719384707 ], [ 83.943798390954697, 30.369440442744686 ], [ 83.943783166272382, 30.369419143133545 ], [ 83.943727173871622, 30.369343185503492 ], [ 83.943711278795263, 30.369322268493146 ], [ 83.943707086331813, 30.369316914750275 ], [ 83.943697416694818, 30.369300808275899 ], [ 83.94364865422537, 30.369234439031931 ], [ 83.943593406442133, 30.369172007491283 ], [ 83.943579786075432, 30.369159118856235 ], [ 83.943575541518911, 30.369154009920738 ], [ 83.943558327079614, 30.369133885186326 ], [ 83.943495237828103, 30.369062231579367 ], [ 83.943477384108888, 30.369042527743115 ], [ 83.943412023909147, 30.368972421141525 ], [ 83.943399926720289, 30.368959685472472 ], [ 83.943393549316795, 30.368953158336129 ], [ 83.943325970169013, 30.368884653738757 ], [ 83.943306884148242, 30.368865841655488 ], [ 83.943237136052943, 30.368798990061006 ], [ 83.943217453483769, 30.368780643609359 ], [ 83.943152779705088, 30.368722014442948 ], [ 83.943133554616722, 30.368700289449411 ], [ 83.943072242288167, 30.368642270741706 ], [ 83.943005331774415, 30.36858910642076 ], [ 83.942957310145076, 30.36855715490848 ], [ 83.942956601711231, 30.368556577556536 ], [ 83.942943523908923, 30.368546100849034 ], [ 83.942886540962832, 30.368501229043385 ], [ 83.942842183918302, 30.368459254723899 ], [ 83.94277527352908, 30.368406090401354 ], [ 83.942703274192098, 30.368358185070274 ], [ 83.942699531544832, 30.368356117588977 ], [ 83.942076526842342, 30.367874145369154 ], [ 83.942052923371435, 30.36785180966449 ], [ 83.941986013395919, 30.36779864533715 ], [ 83.941935428003688, 30.367764987733246 ], [ 83.941300769609938, 30.367273999922748 ], [ 83.941277132879137, 30.367251632606038 ], [ 83.941210223312368, 30.367198468273724 ], [ 83.941203667655984, 30.367194106361293 ], [ 83.941189487348126, 30.367180687599014 ], [ 83.941122577829489, 30.367127523266166 ], [ 83.941050579429188, 30.367079617925672 ], [ 83.941048929744355, 30.367078706608783 ], [ 83.941010359585732, 30.367048396178884 ], [ 83.940959348842725, 30.367007072812999 ], [ 83.940947042774027, 30.366993166298126 ], [ 83.940885731510406, 30.366935147574967 ], [ 83.940818822158917, 30.366881983240166 ], [ 83.94081723501553, 30.366880927205084 ], [ 83.940798942523202, 30.366863294171207 ], [ 83.940753954656969, 30.36681695954405 ], [ 83.940715207828376, 30.366774287992779 ], [ 83.940677643449845, 30.366723158833384 ], [ 83.94062318094538, 30.36666161308311 ], [ 83.940592217726461, 30.366619598832809 ], [ 83.940556555012435, 30.366567520093621 ], [ 83.940522880734306, 30.366514456330638 ], [ 83.940491228835782, 30.366460460093645 ], [ 83.940461634226352, 30.366405592374743 ], [ 83.940434132891454, 30.366349918936262 ], [ 83.940408749619792, 30.366293489457927 ], [ 83.940387117417103, 30.36624031318512 ], [ 83.940377266433785, 30.36620178350061 ], [ 83.940349976402572, 30.366126732181673 ], [ 83.940343646435878, 30.366113480930732 ], [ 83.94032892135597, 30.36606147574533 ], [ 83.94031449839963, 30.366002210094987 ], [ 83.940302324079411, 30.36594256911501 ], [ 83.940292410393184, 30.365882608316905 ], [ 83.94028476834211, 30.365822402167328 ], [ 83.94027940780272, 30.365762015594431 ], [ 83.940276332504482, 30.365701502743701 ], [ 83.940275619029421, 30.365646531289112 ], [ 83.940278894767772, 30.36562495371081 ], [ 83.940282852405545, 30.365546334860536 ], [ 83.940281294764674, 30.365515405159069 ], [ 83.94028691889082, 30.365459558487427 ], [ 83.940295273255131, 30.365399423344694 ], [ 83.940305896992228, 30.365339555474389 ], [ 83.940318776911226, 30.365280025902717 ], [ 83.940333901230616, 30.365220893480203 ], [ 83.9403512527972, 30.365162220645079 ], [ 83.940370813165103, 30.365104073273717 ], [ 83.940389279560279, 30.365055197757282 ], [ 83.94039255927953, 30.365049734353509 ], [ 83.940427286967804, 30.364977030576821 ], [ 83.940439157340407, 30.364944383024248 ], [ 83.940480894602047, 30.364874856363731 ], [ 83.940515622228517, 30.364802152585089 ], [ 83.940519513062924, 30.364791451450888 ], [ 83.940540018649571, 30.364756655376421 ], [ 83.94057651143099, 30.364697302228603 ], [ 83.940581660834923, 30.364691482813431 ], [ 83.94063041983371, 30.364625112868691 ], [ 83.940672322536884, 30.364555310382411 ], [ 83.94069261414306, 30.364512828892707 ], [ 83.940781605355951, 30.364371885356842 ], [ 83.940821656012957, 30.364317368889946 ], [ 83.940863558585036, 30.364247566400469 ], [ 83.940874304478996, 30.36422506926387 ], [ 83.941280805376294, 30.363581256555214 ], [ 83.94132094176544, 30.363526622944779 ], [ 83.941362844000366, 30.363456820446597 ], [ 83.941373625030479, 30.363434249566144 ], [ 83.941780063296719, 30.362790536052184 ], [ 83.941820219518263, 30.362735874999434 ], [ 83.941862121416221, 30.362666072492903 ], [ 83.941872908805152, 30.362643488115335 ], [ 83.9422793730118, 30.361999733517173 ], [ 83.942319490271359, 30.361945125054088 ], [ 83.942361391832165, 30.361875322539209 ], [ 83.942372159910761, 30.361852778405538 ], [ 83.942778731658947, 30.361208853483888 ], [ 83.942818753024639, 30.361154375108921 ], [ 83.942827585640245, 30.361139661007517 ], [ 83.942852746575895, 30.361105411112153 ], [ 83.942894647778758, 30.361035608588391 ], [ 83.942915964082772, 30.360990980220723 ], [ 83.942926979659404, 30.360973390783439 ], [ 83.942932486721233, 30.360964478474859 ], [ 83.942981073184086, 30.360884779138129 ], [ 83.94299032749926, 30.360869235790009 ], [ 83.943018903893673, 30.360820075901138 ], [ 83.943044626640273, 30.360785061134496 ], [ 83.943086527706527, 30.360715258607005 ], [ 83.943121253863595, 30.360642554782178 ], [ 83.943136975918009, 30.36059931186271 ], [ 83.943148879734778, 30.360575361426765 ], [ 83.943161864009767, 30.360548012049247 ], [ 83.943199858310805, 30.360464100772209 ], [ 83.943209095878672, 30.360442921791684 ], [ 83.943211802514483, 30.360436394838306 ], [ 83.943246603774313, 30.360351448581344 ], [ 83.943257489291867, 30.360323430869638 ], [ 83.943289061514037, 30.360237541633825 ], [ 83.943298886409593, 30.360209217246013 ], [ 83.94330090297828, 30.360203038128528 ], [ 83.943308801328968, 30.360186501803863 ], [ 83.943336088176594, 30.360111450001934 ], [ 83.943355728221917, 30.360034621422169 ], [ 83.943358946242171, 30.360013422797625 ], [ 83.943360956584556, 30.360006390566117 ], [ 83.943368618244477, 30.359977575498984 ], [ 83.943390311373733, 30.359889412332617 ], [ 83.943396881384402, 30.359860387143787 ], [ 83.943415494472362, 30.359770362715519 ], [ 83.943420697941306, 30.359742462451553 ], [ 83.943435682027101, 30.35965325533537 ], [ 83.943440042508854, 30.359623934350797 ], [ 83.943451647578826, 30.35953434926034 ], [ 83.94345489967732, 30.359504898833354 ], [ 83.943463110735294, 30.359415032769252 ], [ 83.943465246612547, 30.359385520609248 ], [ 83.943470056662861, 30.359295469571688 ], [ 83.943471075930731, 30.359265913758602 ], [ 83.943472479977203, 30.359175773747591 ], [ 83.943472574860422, 30.35916358186169 ], [ 83.943472381373056, 30.359146192224049 ], [ 83.943470376419882, 30.359056060239684 ], [ 83.943469160322252, 30.359026513092733 ], [ 83.943468616241915, 30.359017459152735 ], [ 83.943470344950825, 30.35898311586168 ], [ 83.943466385919677, 30.358904496994352 ], [ 83.9434545406328, 30.358826476525334 ], [ 83.943452885619337, 30.358820002851381 ], [ 83.943452605877326, 30.358817150996007 ], [ 83.943449159445564, 30.358787733656687 ], [ 83.943436958517836, 30.358698208751687 ], [ 83.943432400507149, 30.358668895754324 ], [ 83.943416821596188, 30.358579765875024 ], [ 83.943412764838598, 30.358558305518866 ], [ 83.943411158209628, 30.358550599948817 ], [ 83.94339221831909, 30.358461961094694 ], [ 83.943385456853918, 30.358432977552727 ], [ 83.943363176987788, 30.358344924723344 ], [ 83.943361774380691, 30.358339771580898 ], [ 83.943355555134602, 30.358298807512671 ], [ 83.943335913865724, 30.358221979216591 ], [ 83.943308626050154, 30.358146927805816 ], [ 83.943290332370253, 30.358108628374989 ], [ 83.943285374842972, 30.358094320065607 ], [ 83.943254268060045, 30.35800830029812 ], [ 83.943249232378307, 30.357994750498083 ], [ 83.94322192625232, 30.357923214640401 ], [ 83.943210319348353, 30.357877813204279 ], [ 83.943183031628365, 30.357802761789596 ], [ 83.943148305080143, 30.357730058442431 ], [ 83.943142680521547, 30.357720688628351 ], [ 83.942875738567935, 30.357041177799324 ], [ 83.942870065571739, 30.357018987173721 ], [ 83.942842778090125, 30.35694393574909 ], [ 83.942813260032977, 30.356882136327954 ], [ 83.942540476880467, 30.356187756506667 ], [ 83.942534819851303, 30.356165628143348 ], [ 83.942507532606669, 30.356090576708947 ], [ 83.94247805982441, 30.356028871532246 ], [ 83.94220523596978, 30.355334388102193 ], [ 83.94219958113132, 30.355312268112886 ], [ 83.942172294123466, 30.355237216668716 ], [ 83.942142824973587, 30.35517551855321 ], [ 83.941870015834496, 30.354481072581994 ], [ 83.941864349411603, 30.354458907082691 ], [ 83.941837062640545, 30.354383855628573 ], [ 83.941807555475648, 30.354322077378502 ], [ 83.941534814342859, 30.353627804519832 ], [ 83.941529123692249, 30.353605544052318 ], [ 83.941501837158143, 30.35353049258843 ], [ 83.94147225374509, 30.353468554154404 ], [ 83.941460782874529, 30.353439354620058 ], [ 83.941449769554055, 30.353396273044684 ], [ 83.941422483077858, 30.353321221578486 ], [ 83.941387758112555, 30.353248518181406 ], [ 83.941378837223724, 30.353233656404175 ], [ 83.941363991080124, 30.353197436735133 ], [ 83.941361341784059, 30.353191049572512 ], [ 83.941359558293016, 30.353186832731414 ], [ 83.941323518568737, 30.3531022729962 ], [ 83.941318936293911, 30.353091724762624 ], [ 83.941281680585348, 30.353007561035259 ], [ 83.941276942928511, 30.35299705508022 ], [ 83.941238477236013, 30.352913303360172 ], [ 83.941233593443968, 30.352902860060258 ], [ 83.941193923768068, 30.352819530347706 ], [ 83.941188884043527, 30.352809128835698 ], [ 83.941148016384759, 30.35272623713011 ], [ 83.941142834744753, 30.352715906165937 ], [ 83.941139401555986, 30.352709176400836 ], [ 83.941131723784594, 30.352688058548747 ], [ 83.941096999042756, 30.352615355144561 ], [ 83.941055100149342, 30.352545553120844 ], [ 83.941052950466499, 30.352542626740995 ], [ 83.941052194222635, 30.352541193081226 ], [ 83.941046710793103, 30.35253096724345 ], [ 83.94100228818796, 30.352449461558226 ], [ 83.940996663265565, 30.352439305703225 ], [ 83.940987688874202, 30.352423358278244 ], [ 83.940983930050905, 30.352413019535849 ], [ 83.940949205406227, 30.352340316128466 ], [ 83.940907306629867, 30.352270514101907 ], [ 83.940875225899092, 30.352226842229921 ], [ 83.940662882053644, 30.351859614590868 ], [ 83.940637531289312, 30.351806537097534 ], [ 83.940595632740511, 30.351736735065113 ], [ 83.940577760346812, 30.351712405033702 ], [ 83.940359497020196, 30.35133494023837 ], [ 83.940357723287306, 30.351330061484791 ], [ 83.940322999025085, 30.351257358065507 ], [ 83.940281100710223, 30.351187556027224 ], [ 83.940250309793115, 30.351145639525043 ], [ 83.940213605461977, 30.351080188987432 ], [ 83.940210547720454, 30.351071778472569 ], [ 83.940183668014356, 30.351015499328824 ], [ 83.940179751053904, 30.351004725469419 ], [ 83.94014502690662, 30.350932022046582 ], [ 83.940118194532161, 30.350887319515572 ], [ 83.94009899194802, 30.35084076891815 ], [ 83.940077633726162, 30.350783098043497 ], [ 83.94005846707887, 30.350724852719555 ], [ 83.940041512640661, 30.350666094471865 ], [ 83.940026787423704, 30.35060688293326 ], [ 83.940014309105592, 30.350547290703798 ], [ 83.940005032183336, 30.350492895211953 ], [ 83.940002172678788, 30.350436105893817 ], [ 83.93999032841225, 30.350358085323546 ], [ 83.939989884942179, 30.350356350514804 ], [ 83.939987085473348, 30.350306326262153 ], [ 83.939985988977483, 30.350245763282633 ], [ 83.939987181598596, 30.350185203252753 ], [ 83.939990663458545, 30.350124707347756 ], [ 83.939996429208918, 30.350064341707448 ], [ 83.940004473451694, 30.350004177814736 ], [ 83.940014787703547, 30.349944271968763 ], [ 83.940026484172492, 30.349888846325577 ], [ 83.940039101366452, 30.349854139370134 ], [ 83.940042801793879, 30.34983966238288 ], [ 83.940057049818066, 30.349800469372088 ], [ 83.940070993515818, 30.34974528888986 ], [ 83.940071926084869, 30.349742269705136 ], [ 83.940098126487428, 30.349670198376675 ], [ 83.940103825260437, 30.349645687213265 ], [ 83.940107109559847, 30.349635054309285 ], [ 83.940130577468878, 30.349570499380416 ], [ 83.940150215409219, 30.349493670676662 ], [ 83.940152925795445, 30.349475814135793 ], [ 83.940160686691996, 30.349451374161838 ], [ 83.940171855384008, 30.349427988313646 ], [ 83.940199139246474, 30.349352936388083 ], [ 83.940218777143286, 30.349276107681842 ], [ 83.940225859738604, 30.349229446089119 ], [ 83.940228338761102, 30.349220486855142 ], [ 83.940232989651975, 30.349202905565651 ], [ 83.940255219785968, 30.349114840395384 ], [ 83.940259464723525, 30.349097180526439 ], [ 83.940279659841991, 30.34900874737124 ], [ 83.940283498458712, 30.348991008984125 ], [ 83.940284233452459, 30.348987414519932 ], [ 83.940287318425803, 30.348978928401547 ], [ 83.940306956248023, 30.348902099690864 ], [ 83.940318798695216, 30.348824078915779 ], [ 83.940319882063818, 30.348802553966046 ], [ 83.940321177227972, 30.348795389771031 ], [ 83.940324193672836, 30.348777539636149 ], [ 83.94033823775429, 30.348688215527151 ], [ 83.940340841424643, 30.34867032085776 ], [ 83.940352823496681, 30.348580770764553 ], [ 83.940355015230594, 30.348562824383816 ], [ 83.940364929294475, 30.348473084306402 ], [ 83.940366705899109, 30.348455111862247 ], [ 83.940374548956697, 30.348365217800986 ], [ 83.940375910764601, 30.348347219296432 ], [ 83.940381679817222, 30.348257207251326 ], [ 83.940382626661957, 30.348239182654577 ], [ 83.940386318710935, 30.348149088625629 ], [ 83.940386849613546, 30.348131055260961 ], [ 83.940388463660753, 30.348040915248173 ], [ 83.940388588967977, 30.3480266373621 ], [ 83.940388551293935, 30.347971237860936 ], [ 83.940388493199961, 30.347962222223099 ], [ 83.940388065829822, 30.347927209226508 ], [ 83.940387812563614, 30.347914681024211 ], [ 83.940387643160719, 30.347908679629896 ], [ 83.940390774150686, 30.347846470863491 ], [ 83.940386815568061, 30.347767851862049 ], [ 83.940380398258711, 30.347725578587479 ], [ 83.940379930926056, 30.347716470308814 ], [ 83.940379399142813, 30.347708011658145 ], [ 83.940381740194525, 30.347661497863552 ], [ 83.940377781619546, 30.347582878859978 ], [ 83.940365937696896, 30.347504858255601 ], [ 83.940359754253365, 30.347480668556823 ], [ 83.940356902597742, 30.347454915411518 ], [ 83.940357808819599, 30.347436909863621 ], [ 83.940353850253672, 30.347358290857205 ], [ 83.940342006358037, 30.347280270250341 ], [ 83.940332701363829, 30.347243868927229 ], [ 83.940298260068246, 30.346947615533235 ], [ 83.940294340107528, 30.346869762851423 ], [ 83.940282496270683, 30.346791742238697 ], [ 83.940278172287734, 30.34677482664577 ], [ 83.94019398217614, 30.34605064929222 ], [ 83.940190061658896, 30.3459727848408 ], [ 83.940178217930054, 30.345894764217238 ], [ 83.940173892224308, 30.345877841727606 ], [ 83.940111344903301, 30.345339828978677 ], [ 83.940112150475969, 30.345323822863843 ], [ 83.940108191995137, 30.345245203832203 ], [ 83.940096348353876, 30.345167183199937 ], [ 83.940087764065481, 30.345133600559624 ], [ 83.940084856211172, 30.345075847830092 ], [ 83.940073012590503, 30.344997827195872 ], [ 83.940066464500703, 30.344972210334262 ], [ 83.940065417907576, 30.344964171457232 ], [ 83.940064820750592, 30.344959685431458 ], [ 83.940052640823652, 30.344870153526191 ], [ 83.940052019717115, 30.344865683784814 ], [ 83.940039324792352, 30.344776205883459 ], [ 83.940038676166139, 30.344771726646034 ], [ 83.94002546524365, 30.34468230574868 ], [ 83.940024791893208, 30.344677836622456 ], [ 83.940011065973422, 30.344588473729015 ], [ 83.940010364900985, 30.344583995122196 ], [ 83.939996122983473, 30.344494693232757 ], [ 83.939995510148705, 30.344490909593578 ], [ 83.939985048514131, 30.344427307830433 ], [ 83.939980136001424, 30.344397973635626 ], [ 83.939964621844709, 30.344307357367537 ], [ 83.939963844901044, 30.344302896914197 ], [ 83.939948060991753, 30.34421379003641 ], [ 83.939947259347846, 30.344209338508197 ], [ 83.939946011561076, 30.344202521246419 ], [ 83.939944997800623, 30.344182386819494 ], [ 83.939933154287431, 30.344104366174616 ], [ 83.939913515853803, 30.34402753771138 ], [ 83.939913375118905, 30.344027150582651 ], [ 83.9399133243938, 30.344026882121486 ], [ 83.939912469647126, 30.344022428270154 ], [ 83.939895146747034, 30.343933537403931 ], [ 83.939894266311398, 30.343929087327535 ], [ 83.939881521632742, 30.343865627834496 ], [ 83.939880256199572, 30.343840494815542 ], [ 83.939868412727591, 30.3437624741664 ], [ 83.939848774362346, 30.343685645699257 ], [ 83.939838396848387, 30.343657099480978 ], [ 83.939763802318268, 30.3432998129861 ], [ 83.939763541450418, 30.343294631809012 ], [ 83.939751698044162, 30.343216611153476 ], [ 83.939732059787801, 30.34313978267976 ], [ 83.939728139751324, 30.343128999475919 ], [ 83.939578587645073, 30.342412687599882 ], [ 83.939578328107615, 30.342407532798408 ], [ 83.939566484808125, 30.342329512132391 ], [ 83.939546846728874, 30.342252683648194 ], [ 83.939542935777837, 30.34224192533804 ], [ 83.939393378309916, 30.341525587781124 ], [ 83.939393118765182, 30.341520432787892 ], [ 83.939381275572615, 30.341442412111217 ], [ 83.939361637670473, 30.341365583616717 ], [ 83.939357725916608, 30.341354822999609 ], [ 83.939208175564247, 30.34063851952423 ], [ 83.939207914423179, 30.340633332777376 ], [ 83.939196071337378, 30.340555312090043 ], [ 83.939176433612332, 30.340478483585063 ], [ 83.93917250930879, 30.340467688346848 ], [ 83.939143144981287, 30.340327041604862 ], [ 83.93914201096058, 30.340304517773529 ], [ 83.939130167914399, 30.340226497082288 ], [ 83.939110530255078, 30.3401496685734 ], [ 83.939100773059039, 30.340122827731584 ], [ 83.939099619646569, 30.340117210636528 ], [ 83.939097876623691, 30.340082590770887 ], [ 83.939086033604141, 30.340004570076982 ], [ 83.939066395989059, 30.339927741565429 ], [ 83.939066200203527, 30.339927202982473 ], [ 83.93906146174298, 30.339895314339547 ], [ 83.939053125729757, 30.339828738796601 ], [ 83.939053470309858, 30.339821891864691 ], [ 83.939049512050545, 30.339743272766793 ], [ 83.939039279630563, 30.339675862314461 ], [ 83.939035497565499, 30.339607830558588 ], [ 83.939033155506152, 30.339535747861621 ], [ 83.939032474852937, 30.339463641030537 ], [ 83.939033457866785, 30.339391541448411 ], [ 83.939036103247759, 30.33931946366538 ], [ 83.9390404088591, 30.339247453521754 ], [ 83.939046374946813, 30.339175533031391 ], [ 83.939053903840318, 30.339104611739263 ], [ 83.939060290975675, 30.339079620928064 ], [ 83.93907213224071, 30.339001600035562 ], [ 83.939074198883475, 30.338960580809413 ], [ 83.939086773795168, 30.338889304795078 ], [ 83.939100989182251, 30.338818253758557 ], [ 83.939116838775007, 30.338747462830593 ], [ 83.939134315733909, 30.338676969814014 ], [ 83.939153415906375, 30.338606790026699 ], [ 83.939174130369409, 30.338536954491833 ], [ 83.939196451045731, 30.338467492326213 ], [ 83.939220262974786, 30.33839873578291 ], [ 83.939241430367517, 30.338354408838217 ], [ 83.939268711159187, 30.338279356785645 ], [ 83.939273683823856, 30.338259900168527 ], [ 83.939301603696407, 30.338193929088195 ], [ 83.939331806158094, 30.338126748918146 ], [ 83.939363552269256, 30.338060105517126 ], [ 83.939396829757584, 30.337994022803425 ], [ 83.93943162358886, 30.33792853172864 ], [ 83.939447117476547, 30.337900838726704 ], [ 83.939477186675859, 30.337859897720296 ], [ 83.939519077976769, 30.3377900949482 ], [ 83.939546042993129, 30.337733626991135 ], [ 83.939551182227234, 30.337727817452329 ], [ 83.939599927859476, 30.33766144723403 ], [ 83.939641819075831, 30.337591644459803 ], [ 83.939662193921649, 30.33754897683135 ], [ 83.940034010096298, 30.336959647158732 ], [ 83.940040363514527, 30.336952465013898 ], [ 83.94008910876255, 30.336886094787605 ], [ 83.940130999648858, 30.336816292005206 ], [ 83.940165717369112, 30.336743587914459 ], [ 83.940192997714206, 30.336668535843412 ], [ 83.940212633079369, 30.336591706988134 ], [ 83.940224474045081, 30.336513686065967 ], [ 83.94022843051259, 30.336435066865395 ], [ 83.940224472389517, 30.33635644772664 ], [ 83.940212629818689, 30.336278426988148 ], [ 83.94019299294736, 30.336201598432897 ], [ 83.940165711241036, 30.336126546768991 ], [ 83.940130992345729, 30.336053843180242 ], [ 83.940089100506214, 30.335984040979422 ], [ 83.940040354555833, 30.335917671396526 ], [ 83.939985125488647, 30.335855239536844 ], [ 83.939923833635987, 30.335797220536751 ], [ 83.939856945467554, 30.335744055947931 ], [ 83.939784970041231, 30.335696150376865 ], [ 83.93970845512824, 30.335653868406229 ], [ 83.939687735483403, 30.335643764160078 ], [ 83.939685378788468, 30.335642645219139 ], [ 83.939676255067312, 30.335638314250666 ], [ 83.939673880561742, 30.335637187212381 ], [ 83.93962538091958, 30.335616196143143 ], [ 83.93962105503077, 30.335614242819329 ], [ 83.939619952686868, 30.335613846756591 ], [ 83.939603328052669, 30.335606651469558 ], [ 83.939530311199476, 30.335580840153451 ], [ 83.939443787526812, 30.335557176593984 ], [ 83.939355215479864, 30.335540144230198 ], [ 83.939265269128342, 30.335529872684805 ], [ 83.93917463300005, 30.335526440128699 ], [ 83.939083996871759, 30.335529872684805 ], [ 83.938994050520236, 30.335540144230198 ], [ 83.938905478473302, 30.335557176593984 ], [ 83.938818954800624, 30.335580840153451 ], [ 83.938735137984025, 30.335610954818879 ], [ 83.938654665906668, 30.335647291405419 ], [ 83.938578150999021, 30.335689573376232 ], [ 83.938506175577302, 30.335737478947298 ], [ 83.938439287413317, 30.335790643536118 ], [ 83.93837799556492, 30.335848662536211 ], [ 83.938322766501287, 30.335911094396071 ], [ 83.938274020554104, 30.335977463978967 ], [ 83.938232128717615, 30.336047266179964 ], [ 83.938211758325664, 30.336089923087037 ], [ 83.937839918322609, 30.336679273286435 ], [ 83.937833571788815, 30.336686447457293 ], [ 83.937784825457584, 30.336752817032373 ], [ 83.937742933290863, 30.336822619225021 ], [ 83.937721750760375, 30.33686697644745 ], [ 83.93771951352501, 30.336870541373226 ], [ 83.937714794360218, 30.336878147842992 ], [ 83.93770959585467, 30.336886623920787 ], [ 83.937661895638371, 30.336951569045976 ], [ 83.937620003387096, 30.33702137123667 ], [ 83.937585284150188, 30.337094074814583 ], [ 83.937582847494866, 30.337100777958845 ], [ 83.93755588962054, 30.337148959486857 ], [ 83.937546997884482, 30.337165264605179 ], [ 83.937503498265457, 30.337247139295673 ], [ 83.937494982234028, 30.337263599158479 ], [ 83.937453378586568, 30.337346212859782 ], [ 83.937445245941959, 30.337362812560418 ], [ 83.937405555267034, 30.337446130273147 ], [ 83.937397802735092, 30.337462876870678 ], [ 83.93736004103377, 30.337546867595275 ], [ 83.937352678709857, 30.337563739581572 ], [ 83.937316367802694, 30.337649538579523 ], [ 83.937309887192512, 30.337665369443965 ], [ 83.937308802072252, 30.337668101020974 ], [ 83.937277085789489, 30.337734515844748 ], [ 83.937249803637314, 30.337809567490179 ], [ 83.937240788494904, 30.337844838326298 ], [ 83.937237563593314, 30.33785351590593 ], [ 83.93723138050656, 30.33787074138937 ], [ 83.937201477711469, 30.337957080164966 ], [ 83.93719569410392, 30.33797440604685 ], [ 83.937167787288402, 30.338061246836165 ], [ 83.937162402477227, 30.338078675437128 ], [ 83.937136503642861, 30.338165983240604 ], [ 83.937131523293218, 30.338183496277136 ], [ 83.937107642441077, 30.338271235094947 ], [ 83.937103065255684, 30.338288837222347 ], [ 83.937081212387199, 30.338376973054846 ], [ 83.937077041465457, 30.338394653572873 ], [ 83.937057225581768, 30.338483151420501 ], [ 83.937053708587953, 30.338499684328522 ], [ 83.937035694204909, 30.338589704478967 ], [ 83.937032341673316, 30.338607514888825 ], [ 83.937016620763941, 30.338696628767057 ], [ 83.937013680140026, 30.338714490654315 ], [ 83.937012298962713, 30.338723524908371 ], [ 83.937001635297037, 30.338765245047359 ], [ 83.936989792426886, 30.338843265756186 ], [ 83.936986665952602, 30.338905364481992 ], [ 83.936985889584207, 30.33891136100296 ], [ 83.936983775962574, 30.3389293015187 ], [ 83.936974244025564, 30.339019073444415 ], [ 83.936972544327219, 30.339037046785631 ], [ 83.936965083384251, 30.339126964727168 ], [ 83.93696379712479, 30.339144982902742 ], [ 83.93695841217702, 30.33923501286063 ], [ 83.936957542575556, 30.339253030820377 ], [ 83.936954233624405, 30.339343136794437 ], [ 83.936953779387395, 30.339361171694588 ], [ 83.936952548434817, 30.339451316684904 ], [ 83.936952475494763, 30.339461991864933 ], [ 83.936952510195539, 30.339469369033498 ], [ 83.936953359242764, 30.339559517040247 ], [ 83.936953736753949, 30.339577543412997 ], [ 83.936956662802331, 30.339667658435996 ], [ 83.936957456620135, 30.339685693020488 ], [ 83.936962460671708, 30.339775740059647 ], [ 83.936963668970421, 30.33979374027945 ], [ 83.936964239484894, 30.339800989903374 ], [ 83.936963151683045, 30.339822595864749 ], [ 83.936967108286453, 30.339901215024643 ], [ 83.936978949659846, 30.339979235906309 ], [ 83.936981154416927, 30.33998786233326 ], [ 83.936981522553921, 30.33999147492997 ], [ 83.936983561302824, 30.340009431853385 ], [ 83.936994781372135, 30.340099055940737 ], [ 83.936997233198795, 30.340116969772932 ], [ 83.937007363052544, 30.340185150747399 ], [ 83.937010220698582, 30.340241933020504 ], [ 83.937022062112831, 30.340319953898085 ], [ 83.937041698222103, 30.340396782709664 ], [ 83.937047940079978, 30.340413954279253 ], [ 83.937049343641689, 30.340421079967204 ], [ 83.937050443708927, 30.340426561006293 ], [ 83.937053195799749, 30.340439964088493 ], [ 83.937054415358062, 30.340464197017756 ], [ 83.937066256799142, 30.34054221789285 ], [ 83.937085892952638, 30.340619046701587 ], [ 83.937096269247846, 30.340647592187651 ], [ 83.937125363235864, 30.340786957742569 ], [ 83.937125625904329, 30.340792177013807 ], [ 83.937137467384659, 30.340870197884815 ], [ 83.93715710360371, 30.340947026689999 ], [ 83.937161039895173, 30.340957855504289 ], [ 83.937310548376587, 30.341674028635932 ], [ 83.93731081256216, 30.341679278002918 ], [ 83.937322654149426, 30.341757298863445 ], [ 83.937342290545402, 30.341834127658149 ], [ 83.937346237306087, 30.341844985174102 ], [ 83.937495738920205, 30.342561125409748 ], [ 83.937496003219636, 30.342566376992206 ], [ 83.937507844913654, 30.342644397842076 ], [ 83.93752748148674, 30.342721226626121 ], [ 83.937531428340421, 30.342732084298571 ], [ 83.937680934733905, 30.343448247428437 ], [ 83.937681197876756, 30.343453475981317 ], [ 83.937693039677541, 30.343531496820528 ], [ 83.937712676427722, 30.343608325594271 ], [ 83.937716613979248, 30.34361915757767 ], [ 83.937791452390897, 30.343977647337592 ], [ 83.937792586118846, 30.344000173974681 ], [ 83.937804427985355, 30.34407819480732 ], [ 83.937824064844605, 30.344155023574668 ], [ 83.937833475246222, 30.344180910915384 ], [ 83.937844621868962, 30.344236422537083 ], [ 83.937861075467083, 30.34432086168982 ], [ 83.937861768563863, 30.344324530287068 ], [ 83.937862600528405, 30.344341060970468 ], [ 83.937874442435955, 30.344419081799199 ], [ 83.937892431596424, 30.344489463734856 ], [ 83.937892522515071, 30.344489960523955 ], [ 83.937907515381397, 30.344574611614359 ], [ 83.937922154562287, 30.3446601125661 ], [ 83.937926205153261, 30.344684308244272 ], [ 83.937935982192528, 30.344743765066848 ], [ 83.93794956355363, 30.344828936217336 ], [ 83.937962600542548, 30.344913825392137 ], [ 83.937975148702563, 30.344998772301555 ], [ 83.937987207035562, 30.345083775870716 ], [ 83.937998776022226, 30.345168830018441 ], [ 83.937999282069597, 30.345172717593325 ], [ 83.938002370122533, 30.345234074959624 ], [ 83.938014212137361, 30.345312095777697 ], [ 83.938016559701637, 30.345321280452673 ], [ 83.938016362509686, 30.345325196863957 ], [ 83.938020319334427, 30.345403815957415 ], [ 83.938032161369861, 30.345481836773534 ], [ 83.938041464122833, 30.345518233056854 ], [ 83.938103626189786, 30.346053031469697 ], [ 83.938107546675511, 30.346130927948654 ], [ 83.938119388798526, 30.346208948755891 ], [ 83.938123717809631, 30.346225885541465 ], [ 83.938207885533259, 30.346950005043691 ], [ 83.938211806226903, 30.347027904937693 ], [ 83.938223648457921, 30.347105925734272 ], [ 83.938227977581903, 30.347122862804774 ], [ 83.938262780748573, 30.347422284609724 ], [ 83.938261975165943, 30.347438283863557 ], [ 83.938265932075765, 30.347516902931613 ], [ 83.938277774365403, 30.347594923722507 ], [ 83.938286491760039, 30.347629029093923 ], [ 83.938287221681577, 30.347635622228584 ], [ 83.938285866794715, 30.347662530863548 ], [ 83.938289823713419, 30.34774114992894 ], [ 83.938301654036536, 30.347819091698955 ], [ 83.938300259846258, 30.347846780863517 ], [ 83.938304216772423, 30.347925399926776 ], [ 83.938308082775848, 30.347950870285842 ], [ 83.938308130305217, 30.347952555358635 ], [ 83.938308425672858, 30.347976795812546 ], [ 83.938308454310217, 30.348020154229669 ], [ 83.938307130368017, 30.348094005478874 ], [ 83.938304175698434, 30.348166068674107 ], [ 83.938299559642104, 30.348238067296283 ], [ 83.938293284426194, 30.348309973988972 ], [ 83.938285353135555, 30.348381752731211 ], [ 83.938275767638174, 30.348453380362326 ], [ 83.938265161600441, 30.348520828608869 ], [ 83.93824816103033, 30.348587334281394 ], [ 83.938236316977125, 30.348665354872804 ], [ 83.938235975611619, 30.348672134462671 ], [ 83.938220977751058, 30.34873780318895 ], [ 83.93820507499133, 30.348800797173556 ], [ 83.938201846781894, 30.348807556366051 ], [ 83.938174561558213, 30.348882607884118 ], [ 83.93815492215505, 30.348959436290333 ], [ 83.938150914277543, 30.34898583736819 ], [ 83.938148785078781, 30.348992542035056 ], [ 83.938133383623025, 30.349024789376298 ], [ 83.938106098339119, 30.349099840891878 ], [ 83.938100398411663, 30.349124352586418 ], [ 83.938073644320809, 30.34919953989542 ], [ 83.938059607198412, 30.349255048797428 ], [ 83.938032464986733, 30.349330136900097 ], [ 83.938012825494212, 30.349406965300982 ], [ 83.938010932973484, 30.349419431838474 ], [ 83.938000057921258, 30.349461974302248 ], [ 83.937993131235359, 30.349507602200418 ], [ 83.93799094399759, 30.349516338493618 ], [ 83.937984256880426, 30.349545331982117 ], [ 83.937965541988916, 30.349634006837842 ], [ 83.937964347069382, 30.349639774306478 ], [ 83.937959952406786, 30.349663184575224 ], [ 83.93794459949514, 30.349752344456302 ], [ 83.937940116686349, 30.349781659360584 ], [ 83.937928141758277, 30.349871207267274 ], [ 83.937924768219489, 30.34990064488797 ], [ 83.937916185279093, 30.349990485821063 ], [ 83.937913927707186, 30.350019983065355 ], [ 83.937908743758442, 30.350110019024843 ], [ 83.93790760143203, 30.350139586159894 ], [ 83.93790582447923, 30.350229721145947 ], [ 83.937905672482771, 30.350245133863094 ], [ 83.937905800381529, 30.350259288050783 ], [ 83.937907430428552, 30.350349426063392 ], [ 83.937908524490467, 30.350378993291169 ], [ 83.937913561541592, 30.350469035330594 ], [ 83.937915771539465, 30.350498541086832 ], [ 83.937916221497758, 30.35050333295036 ], [ 83.93791560362223, 30.350515603862913 ], [ 83.937919560655686, 30.350594222894198 ], [ 83.937931403315872, 30.350672243648322 ], [ 83.937938267110383, 30.350699096261611 ], [ 83.937939362710267, 30.350707391529372 ], [ 83.937943796986858, 30.350736707369439 ], [ 83.937959004074358, 30.350825885487307 ], [ 83.937963612458788, 30.35085054564389 ], [ 83.93796454766661, 30.350855078102743 ], [ 83.937983118773928, 30.350943776245973 ], [ 83.937989759277002, 30.350972779524863 ], [ 83.938011672408223, 30.351060901692737 ], [ 83.938019406322354, 30.351089703664389 ], [ 83.938044638481117, 30.351177155856188 ], [ 83.938053457946808, 30.351205725807215 ], [ 83.938081982136936, 30.351292413022133 ], [ 83.938091874683622, 30.351320711046856 ], [ 83.93812365990857, 30.351406541283996 ], [ 83.938134617975024, 30.351434546183551 ], [ 83.938169630237979, 30.351519426441751 ], [ 83.93817157278437, 30.351524095214319 ], [ 83.938181642777565, 30.351547108779062 ], [ 83.938182238324998, 30.351548415775262 ], [ 83.938183164288304, 30.351552038309269 ], [ 83.938210448760756, 30.35162709020943 ], [ 83.938245171734053, 30.351699794134621 ], [ 83.938267796177527, 30.351737487454997 ], [ 83.938281042106865, 30.35176522213062 ], [ 83.938322939359281, 30.351835024753502 ], [ 83.93832734703831, 30.351841025205726 ], [ 83.938328808190747, 30.351843754875549 ], [ 83.938336858667299, 30.351858446167288 ], [ 83.938382322078652, 30.351939518487701 ], [ 83.938386595676477, 30.351947045278891 ], [ 83.938388848519196, 30.351953242193961 ], [ 83.938423571607601, 30.352025946115422 ], [ 83.938465468971216, 30.352095748735639 ], [ 83.938497545004068, 30.352139415750621 ], [ 83.938717554901217, 30.352519912559881 ], [ 83.9387429213633, 30.352573025083505 ], [ 83.938784818959988, 30.352642827697682 ], [ 83.938802708330584, 30.352667181426405 ], [ 83.939013259570856, 30.353031319931976 ], [ 83.939015033755297, 30.3530362001427 ], [ 83.939049757226158, 30.353108904052082 ], [ 83.939091655051101, 30.353178706660575 ], [ 83.939118786331434, 30.353215641676421 ], [ 83.939124342259774, 30.353225514851143 ], [ 83.939162915103623, 30.353296289989604 ], [ 83.939167462045731, 30.353308797129817 ], [ 83.939202185612871, 30.353381501036178 ], [ 83.939238427419482, 30.35344188043597 ], [ 83.939273593778651, 30.353513211025227 ], [ 83.939308300400754, 30.353586118385198 ], [ 83.939341953895507, 30.353659395588881 ], [ 83.93937454827639, 30.353733032269634 ], [ 83.93940607897639, 30.353807015952459 ], [ 83.939416384148402, 30.353832158376601 ], [ 83.939425450630182, 30.35386762722597 ], [ 83.939452735744979, 30.353942679099664 ], [ 83.939487459535925, 30.354015382999098 ], [ 83.93949308868099, 30.354024761178842 ], [ 83.939504208311007, 30.354053068051865 ], [ 83.939509913507408, 30.354075387218646 ], [ 83.939537198679929, 30.354150439089853 ], [ 83.939566826343892, 30.35421247269948 ], [ 83.939839391287578, 30.354906332228424 ], [ 83.939845121787741, 30.354928750187913 ], [ 83.939872407197058, 30.35500380204935 ], [ 83.939902108367903, 30.355065989017902 ], [ 83.940174595036339, 30.355759649284106 ], [ 83.940180337067986, 30.355782112157268 ], [ 83.940207622714084, 30.355857164008935 ], [ 83.940237355743989, 30.355919417134078 ], [ 83.940509814562603, 30.356613006503927 ], [ 83.940515557347609, 30.356635472126623 ], [ 83.940542843230503, 30.35671052396852 ], [ 83.940572575531121, 30.356772775017902 ], [ 83.940845058457654, 30.357466425758393 ], [ 83.940850785627063, 30.357488830095978 ], [ 83.940878071746738, 30.357563881928105 ], [ 83.940907753836058, 30.357626027301841 ], [ 83.941174890451194, 30.358306068115102 ], [ 83.941185907834736, 30.358349167065288 ], [ 83.941213194193153, 30.35842421888729 ], [ 83.941247919566834, 30.358496922736808 ], [ 83.941252408933309, 30.358504401694528 ], [ 83.941271694560726, 30.358554928319368 ], [ 83.941290038362226, 30.358605657368241 ], [ 83.941291554564316, 30.358615645456464 ], [ 83.941311194326133, 30.358692474052926 ], [ 83.941338480779947, 30.35876752587102 ], [ 83.941342262475516, 30.358775443506634 ], [ 83.94134978876329, 30.358805190769242 ], [ 83.941362513252315, 30.358864747285761 ], [ 83.941372978832888, 30.358924630006587 ], [ 83.941379995317789, 30.358976121746171 ], [ 83.94137961204278, 30.358983732861642 ], [ 83.941383569416772, 30.359062351790786 ], [ 83.941390828888373, 30.359110173811974 ], [ 83.941392073572374, 30.359166181425099 ], [ 83.941391128938307, 30.359226744810162 ], [ 83.941387895585166, 30.359287253871745 ], [ 83.941382377692008, 30.359347630608067 ], [ 83.941374579085618, 30.359407822014415 ], [ 83.94136450934414, 30.359467764319579 ], [ 83.941352180814832, 30.359527379557658 ], [ 83.941339377680805, 30.359579408472079 ], [ 83.941316546619674, 30.359642201267132 ], [ 83.941298664180763, 30.359712148741789 ], [ 83.941280560474951, 30.359761395459248 ], [ 83.94125717590795, 30.359818471982845 ], [ 83.94123367856956, 30.35987036413653 ], [ 83.941228632679199, 30.359877232626307 ], [ 83.941186730660988, 30.359947034571508 ], [ 83.941152003329577, 30.360019737894159 ], [ 83.941148059606718, 30.360030584355577 ], [ 83.94113716654266, 30.360049323055502 ], [ 83.941096017953058, 30.360116819532532 ], [ 83.94109122144134, 30.360124478273551 ], [ 83.94108597070381, 30.360130412311701 ], [ 83.941037212750928, 30.360196781648217 ], [ 83.940995310596477, 30.360266583590221 ], [ 83.940989520139468, 30.360278706147756 ], [ 83.940966054105374, 30.360317796593126 ], [ 83.940955337905265, 30.360340231382619 ], [ 83.940548576870455, 30.360984437236169 ], [ 83.94050867903529, 30.361038745706335 ], [ 83.940466776522015, 30.361108547639279 ], [ 83.940456104195349, 30.361130890395458 ], [ 83.940049251797177, 30.361775240945352 ], [ 83.940009393788728, 30.361829494760837 ], [ 83.939967490938287, 30.361899296685255 ], [ 83.939956833708436, 30.361921607653617 ], [ 83.939549974030925, 30.362565969732156 ], [ 83.939510101541714, 30.36262024281525 ], [ 83.93946819835412, 30.36269004473132 ], [ 83.939457532510801, 30.362712373549847 ], [ 83.939050754169301, 30.36335660681285 ], [ 83.939010801294515, 30.363410988869841 ], [ 83.938968897769954, 30.363480790777384 ], [ 83.938958194532191, 30.363503197697703 ], [ 83.938870032244409, 30.363642824301493 ], [ 83.938863581193345, 30.363650114590133 ], [ 83.93881482149466, 30.363716483890943 ], [ 83.938772917839714, 30.363786285795111 ], [ 83.938751840977062, 30.363830409461521 ], [ 83.938748837690284, 30.363835240320523 ], [ 83.938699925158659, 30.363914790982225 ], [ 83.938691548801629, 30.363928704382435 ], [ 83.938647724559175, 30.364003067679377 ], [ 83.93862291955854, 30.364036830913097 ], [ 83.938581015766999, 30.36410663281389 ], [ 83.938546286965831, 30.36417933609 ], [ 83.938531377224123, 30.364220340744161 ], [ 83.93851851232759, 30.364246830722816 ], [ 83.938514671509978, 30.364255116458914 ], [ 83.938497293065154, 30.36428406482413 ], [ 83.938462564201288, 30.364356768098286 ], [ 83.938435274661586, 30.364431819437652 ], [ 83.938433276681408, 30.364439634185523 ], [ 83.938431890294851, 30.364442933586187 ], [ 83.938420800457351, 30.364470742464587 ], [ 83.938388431688182, 30.364556409223606 ], [ 83.938378346755641, 30.364584656427294 ], [ 83.938349232951296, 30.364671198208146 ], [ 83.938340218618734, 30.364699725237241 ], [ 83.938314392782502, 30.364787047041073 ], [ 83.938306464926626, 30.364815802977905 ], [ 83.938283953061898, 30.364903811805508 ], [ 83.938277112728613, 30.364932793736674 ], [ 83.938257940839478, 30.365021395588929 ], [ 83.938255903706164, 30.365031102673132 ], [ 83.938252202493857, 30.365050542916858 ], [ 83.938236389583764, 30.365139642794201 ], [ 83.938231755067704, 30.365168944122498 ], [ 83.938219319140927, 30.36525844502572 ], [ 83.938215795115767, 30.365287859689136 ], [ 83.938206749176118, 30.365377665618407 ], [ 83.938204338786008, 30.365407167495793 ], [ 83.938203828754439, 30.365415299074403 ], [ 83.93819592189412, 30.365467375072317 ], [ 83.938191962598296, 30.365545993860596 ], [ 83.938195281776373, 30.365611929648804 ], [ 83.938195159133599, 30.365616864371123 ], [ 83.938194917642505, 30.365636291860607 ], [ 83.938194983304825, 30.365646435228708 ], [ 83.938196151350922, 30.365736577237765 ], [ 83.938197093495418, 30.365766139309311 ], [ 83.93820166854492, 30.365856200345096 ], [ 83.938203727611437, 30.365885718676164 ], [ 83.93821170466849, 30.365975601738402 ], [ 83.93821488031881, 30.366005060310162 ], [ 83.938226252387437, 30.366094667398844 ], [ 83.93823053632029, 30.366123994762315 ], [ 83.93824528840446, 30.366213230876813 ], [ 83.938250622935499, 30.366242149148679 ], [ 83.938268799888775, 30.366331206164663 ], [ 83.938275293026365, 30.366360237348342 ], [ 83.938296757153552, 30.366448443513026 ], [ 83.938304345026452, 30.366477277342216 ], [ 83.938329132180826, 30.366564825530826 ], [ 83.938337805103302, 30.366593425221975 ], [ 83.938337940958448, 30.366593845107257 ], [ 83.938338035410268, 30.366594467263806 ], [ 83.938357676766188, 30.366671295766299 ], [ 83.938384965434764, 30.36674634749291 ], [ 83.938403809830135, 30.366785798252369 ], [ 83.938406990011941, 30.366794517289772 ], [ 83.938417805595037, 30.366822562678717 ], [ 83.938452387851925, 30.366907576934441 ], [ 83.938455878747135, 30.366916024485011 ], [ 83.93846425645367, 30.366935296845607 ], [ 83.938502033751405, 30.367019283121497 ], [ 83.938514948818991, 30.367046661112926 ], [ 83.938555881160596, 30.367129527407908 ], [ 83.938569822514808, 30.367156519774117 ], [ 83.938613865903122, 30.367238178086939 ], [ 83.93862881568711, 30.367264751796217 ], [ 83.938675922124617, 30.367345115125364 ], [ 83.938691875036142, 30.367371260366003 ], [ 83.938741994525316, 30.367450240710223 ], [ 83.938752489122336, 30.367466383672035 ], [ 83.93875892439722, 30.367475913859518 ], [ 83.938812002940566, 30.367553427217384 ], [ 83.938829896720534, 30.367578608606802 ], [ 83.938885877319535, 30.367654570976708 ], [ 83.938904703766426, 30.367679217684849 ], [ 83.938908321942492, 30.367683789878761 ], [ 83.938916132010021, 30.367696799656105 ], [ 83.938964892532752, 30.367763169569759 ], [ 83.939020138476209, 30.36782560182095 ], [ 83.939039469973764, 30.367843895505739 ], [ 83.939044887997753, 30.367850282577233 ], [ 83.939065542925661, 30.367873813677679 ], [ 83.939129855701736, 30.367944642073805 ], [ 83.93915084117377, 30.367967008163053 ], [ 83.939218350850368, 30.368036540919316 ], [ 83.939240738891129, 30.368058846949939 ], [ 83.939306006449769, 30.368121762505638 ], [ 83.939341985745045, 30.368162421791087 ], [ 83.939403296869585, 30.368220441221947 ], [ 83.93947020637259, 30.368273606264982 ], [ 83.939500493121514, 30.368293758277485 ], [ 83.939502283665945, 30.368295278151667 ], [ 83.939519820020891, 30.368309820193726 ], [ 83.939595790085619, 30.368371363600364 ], [ 83.93960737640117, 30.368380608277565 ], [ 83.939663711750001, 30.368424880000386 ], [ 83.939707799027119, 30.368466600197817 ], [ 83.939774708697627, 30.36851976523872 ], [ 83.939813776407405, 30.368545759807528 ], [ 83.939865949238794, 30.368587215231688 ], [ 83.93991662828455, 30.368620935637267 ], [ 83.940551130930004, 30.369111808180769 ], [ 83.94057482202966, 30.36913422713253 ], [ 83.940641732154745, 30.369187392168104 ], [ 83.940692457609074, 30.369221143243372 ], [ 83.941318643405793, 30.369705581593518 ], [ 83.941360476456339, 30.369745168072857 ], [ 83.941427386997447, 30.369798333103457 ], [ 83.941499386772833, 30.369846239120921 ], [ 83.941500770595752, 30.369847003565162 ], [ 83.941526555784577, 30.36986730860006 ], [ 83.941528738899606, 30.369869775639255 ], [ 83.941590051089236, 30.369927795055016 ], [ 83.941656961754688, 30.369980960084018 ], [ 83.94167741909034, 30.369994571621426 ], [ 83.941703936759382, 30.370018611195579 ], [ 83.94175429670581, 30.370066880510347 ], [ 83.941803091734457, 30.370116344550855 ], [ 83.941850283930734, 30.37016696468898 ], [ 83.941890161482746, 30.370212256470328 ], [ 83.941935814756533, 30.370274395370576 ], [ 83.941986684112734, 30.370331880243615 ], [ 83.942022310221731, 30.370380210729007 ], [ 83.942060965535163, 30.370436007758581 ], [ 83.942097818495668, 30.370492713252926 ], [ 83.942132839075171, 30.370550282290285 ], [ 83.942166004578581, 30.370608676874919 ], [ 83.942197287953405, 30.37066784891481 ], [ 83.942226662202401, 30.370727748039403 ], [ 83.942251112855359, 30.370781723201787 ], [ 83.942253209652677, 30.370789924618489 ], [ 83.942280499464687, 30.370864976297671 ], [ 83.942304332438681, 30.37091486852864 ], [ 83.942324655624134, 30.370973719177972 ], [ 83.942344185251116, 30.371036573181929 ], [ 83.94236169297065, 30.371099868010329 ], [ 83.942377166344883, 30.371163561301504 ], [ 83.942390593979525, 30.371227601692983 ], [ 83.942401964286887, 30.371291939535414 ], [ 83.94241126960803, 30.371356525582858 ], [ 83.942418015925668, 30.371416957226725 ], [ 83.942417004237157, 30.371437044859615 ], [ 83.942420962112067, 30.371515663638835 ], [ 83.942426770999845, 30.371553924968762 ], [ 83.942427720173029, 30.371616375005726 ], [ 83.942426623471448, 30.371681456359543 ], [ 83.942423442933304, 30.371746488773841 ], [ 83.942418180052158, 30.371811419991754 ], [ 83.942410839711016, 30.371876200331602 ], [ 83.942401427475758, 30.37194077581594 ], [ 83.942389949720123, 30.372005103799946 ], [ 83.942377006597013, 30.372066337183465 ], [ 83.942365570277659, 30.372097786710537 ], [ 83.942345926235177, 30.37217461484337 ], [ 83.942342141168069, 30.372199542225484 ], [ 83.942323592613121, 30.372258898391689 ], [ 83.942301955582636, 30.372321226327212 ], [ 83.942278331192909, 30.372383006239776 ], [ 83.94225273446213, 30.372444198945256 ], [ 83.942223307565655, 30.372508885193081 ], [ 83.942218061148665, 30.372519838420917 ], [ 83.942196593898103, 30.372562955713764 ], [ 83.942164333213853, 30.372623743747926 ], [ 83.942132581213002, 30.372679446504378 ], [ 83.942103148960456, 30.372719504511689 ], [ 83.942061241466263, 30.372789306319579 ], [ 83.942055499354765, 30.37280132610892 ], [ 83.942020256036287, 30.372852031146511 ], [ 83.941979733964359, 30.372906827965505 ], [ 83.941937476533738, 30.372960623338461 ], [ 83.941893511355403, 30.373013379858325 ], [ 83.941844748869087, 30.373068595761463 ], [ 83.941836239237148, 30.373077882203656 ], [ 83.941801962366569, 30.373114237950336 ], [ 83.941751713640144, 30.373165025164948 ], [ 83.941724321767992, 30.373191202929348 ], [ 83.941720141888709, 30.373193983907729 ], [ 83.941653228239147, 30.373247148191194 ], [ 83.941591913037172, 30.373305166857865 ], [ 83.9415782645153, 30.373320815523073 ], [ 83.941545649486216, 30.373347817594496 ], [ 83.941495640613709, 30.37338130692758 ], [ 83.94142872683679, 30.373434471209446 ], [ 83.941393312036638, 30.373467981912281 ], [ 83.941368460911391, 30.373484515938518 ], [ 83.941301547063944, 30.373537680219496 ], [ 83.941240231680595, 30.37359569888368 ], [ 83.941236902890907, 30.373599460337228 ], [ 83.941222566274931, 30.37361123015506 ], [ 83.941208729677456, 30.373622801542108 ], [ 83.941134565694412, 30.373685981134511 ], [ 83.941111344546215, 30.37370640204303 ], [ 83.94103953650243, 30.373771591635776 ], [ 83.941007877962463, 30.373801662620945 ], [ 83.94095866557133, 30.373850580098658 ], [ 83.940941852621179, 30.373863938251464 ], [ 83.94088053703409, 30.373921956912628 ], [ 83.940825286580093, 30.37398438840798 ], [ 83.940804788574937, 30.374012286304772 ], [ 83.940803466325164, 30.374013780410234 ], [ 83.94075470148357, 30.374080149605529 ], [ 83.94074360352262, 30.374098634290956 ], [ 83.940738962823417, 30.374104607572026 ], [ 83.940702155866475, 30.374155570904602 ], [ 83.940649290226247, 30.374234504083528 ], [ 83.940617146536226, 30.374286482243615 ], [ 83.940571044957139, 30.374367268919631 ], [ 83.940542377256222, 30.3744220246403 ], [ 83.94050258558137, 30.374505295352048 ], [ 83.940486095879862, 30.3745420555782 ], [ 83.940478195879024, 30.374561567856748 ], [ 83.940444889120613, 30.374646951609261 ], [ 83.940424870914498, 30.374704525020544 ], [ 83.940398199085834, 30.374791642818497 ], [ 83.940382649707516, 30.374850242779647 ], [ 83.940362730823026, 30.374938708626207 ], [ 83.940359261243557, 30.374954902909632 ], [ 83.940351721077732, 30.374998060058243 ], [ 83.940338642153478, 30.375087478956484 ], [ 83.940332214765959, 30.375147352615226 ], [ 83.940326035818302, 30.375237328566715 ], [ 83.940324196430808, 30.375290936858921 ], [ 83.940324223365891, 30.375297436136481 ], [ 83.940324237623372, 30.375299154034128 ], [ 83.94032370916689, 30.375302634189136 ], [ 83.940319749474412, 30.375381252858933 ], [ 83.940323707508128, 30.375459871590724 ], [ 83.940335389796516, 30.375536816042512 ], [ 83.940335450114659, 30.375537522947536 ], [ 83.940342870932042, 30.375597319027445 ], [ 83.940357432015048, 30.375686565140523 ], [ 83.940362979297689, 30.375716845043375 ], [ 83.940369424174492, 30.375745768103943 ], [ 83.940390808300606, 30.375833976268094 ], [ 83.940407330488853, 30.375892383628287 ], [ 83.94043544567387, 30.375979159840458 ], [ 83.940456412616896, 30.376036465468434 ], [ 83.940491131875305, 30.376121424724953 ], [ 83.940494132091914, 30.376128668048228 ], [ 83.94051645878281, 30.376177400053681 ], [ 83.940557629127809, 30.376260165350164 ], [ 83.940587194332139, 30.376314542422609 ], [ 83.940634631775268, 30.376394746753608 ], [ 83.940659378896058, 30.376434143051387 ], [ 83.940668321062176, 30.376447313462638 ], [ 83.940721816613106, 30.376524598822261 ], [ 83.940759458476592, 30.37657508708401 ], [ 83.940818772143643, 30.376649110465923 ], [ 83.940860213516999, 30.376697317280996 ], [ 83.940866058930126, 30.376703664030522 ], [ 83.940881869805665, 30.376725182858575 ], [ 83.940937120788121, 30.376787615024146 ], [ 83.940998437294837, 30.376845634378622 ], [ 83.9410330574852, 30.376873140485259 ], [ 83.941040280499124, 30.376879991884085 ], [ 83.941088735921554, 30.376922985512298 ], [ 83.941163828963028, 30.376985316919534 ], [ 83.941215018120289, 30.377025081532469 ], [ 83.941295217594373, 30.377083287128013 ], [ 83.941349846513006, 30.377120321155768 ], [ 83.941357295192546, 30.377125032563033 ], [ 83.941388989960075, 30.377150214324775 ], [ 83.941460995122966, 30.377198120288416 ], [ 83.94153754189314, 30.377240402643988 ], [ 83.941618047695698, 30.377276739589707 ], [ 83.941625371307723, 30.377279369820585 ], [ 83.94163184499979, 30.377282539743486 ], [ 83.941722851508075, 30.377326118088508 ], [ 83.941770369850943, 30.37734750758899 ], [ 83.941863844439723, 30.377386969910045 ], [ 83.941904589932392, 30.377403238849308 ], [ 83.941999943583582, 30.377439172147422 ], [ 83.94203338481293, 30.37745117895879 ], [ 83.942130124511138, 30.377484215236681 ], [ 83.942155712571335, 30.37749261814918 ], [ 83.942159489954278, 30.377493808996956 ], [ 83.942167688707514, 30.377497509562144 ], [ 83.942251541022117, 30.377527624544296 ], [ 83.942338101487394, 30.377551288365243 ], [ 83.942361908349838, 30.377555864514747 ], [ 83.942369711304735, 30.377558186503659 ], [ 83.942375962112791, 30.377560016996039 ], [ 83.942381247417075, 30.377562402553924 ], [ 83.942465099786915, 30.377592517535899 ], [ 83.942551660309576, 30.377616181356668 ], [ 83.942612283964124, 30.377627834413321 ], [ 83.943179757682714, 30.377790104602695 ], [ 83.943238605994807, 30.377811239507455 ], [ 83.943325166710025, 30.377834903327514 ], [ 83.943359506238579, 30.377841504044198 ], [ 83.943744708952295, 30.377951653493049 ], [ 83.943748539667155, 30.377953382505094 ], [ 83.94383239237078, 30.377983497485115 ], [ 83.943918953237883, 30.378007161304463 ], [ 83.943975581278806, 30.378018046281916 ], [ 83.944017732945937, 30.378030572356582 ], [ 83.944042864270955, 30.378041915493856 ], [ 83.944126717050082, 30.3780720304737 ], [ 83.944170643100605, 30.378084038869755 ], [ 83.944221983939741, 30.378102477469557 ], [ 83.944250232842776, 30.378110200083039 ], [ 83.944310674172854, 30.37813493217266 ], [ 83.944374766206764, 30.378163281174739 ], [ 83.944437835023237, 30.37819333270205 ], [ 83.944499804627085, 30.378225049495686 ], [ 83.944560611656016, 30.37825840083249 ], [ 83.944620215391467, 30.378293363362427 ], [ 83.944678544469042, 30.378329894953691 ], [ 83.944726713836999, 30.378362065115692 ], [ 83.944791372360427, 30.378413436190908 ], [ 83.944850994462428, 30.378453103026768 ], [ 83.944898102063547, 30.378491050431808 ], [ 83.944949289781789, 30.378534903450269 ], [ 83.944998892846371, 30.378580097803596 ], [ 83.945046870763306, 30.378626595707789 ], [ 83.94509317907071, 30.378674354399902 ], [ 83.945137768614146, 30.378723322505206 ], [ 83.945180599857594, 30.378773457847306 ], [ 83.945219149711207, 30.378821610572668 ], [ 83.945236656731396, 30.378850769884256 ], [ 83.945285422789439, 30.378917139684578 ], [ 83.945300956177249, 30.378934691609203 ], [ 83.945333553633461, 30.378984693598152 ], [ 83.945367017112559, 30.379039926180216 ], [ 83.945398508638206, 30.379096030341355 ], [ 83.945427991505909, 30.379152941735885 ], [ 83.945455441199101, 30.379210614057914 ], [ 83.945480833397127, 30.379268994324402 ], [ 83.945504141376503, 30.379328022214711 ], [ 83.945521948136744, 30.379378094834006 ], [ 83.945522208094218, 30.37937980695494 ], [ 83.945541852005604, 30.379456635307154 ], [ 83.945562667427708, 30.379513876174666 ], [ 83.945576124982949, 30.379569499167633 ], [ 83.945588724158696, 30.379630923789467 ], [ 83.94559913878058, 30.379692661665079 ], [ 83.945607357786315, 30.37975464163539 ], [ 83.945613372786369, 30.379816814259062 ], [ 83.945614748471982, 30.379839326692046 ], [ 83.945614737302876, 30.379839400242989 ], [ 83.945610777427419, 30.379918018858252 ], [ 83.945614735643758, 30.379996637535331 ], [ 83.945617810753163, 30.380015239630662 ], [ 83.945614522218918, 30.380036895245386 ], [ 83.94561178931275, 30.380091153733577 ], [ 83.945609113453216, 30.380109469246239 ], [ 83.94560515356676, 30.380188087858127 ], [ 83.945609111793928, 30.380266706532009 ], [ 83.945609374441162, 30.380268526557117 ], [ 83.945607906258786, 30.380306590336712 ], [ 83.945599375789385, 30.380361919249186 ], [ 83.945595415892797, 30.380440537858053 ], [ 83.945599374130268, 30.380519156528916 ], [ 83.945599980931547, 30.380523152967651 ], [ 83.945599416142713, 30.380540050761571 ], [ 83.945599278626929, 30.380544553263231 ], [ 83.945596785673004, 30.380634679243688 ], [ 83.945596673724509, 30.38063919892485 ], [ 83.945594701770347, 30.380729333909304 ], [ 83.945594616090972, 30.380733845151706 ], [ 83.945593164136511, 30.380823988140424 ], [ 83.945593104577753, 30.38082849057103 ], [ 83.945592171623062, 30.380918638563745 ], [ 83.945592137948125, 30.380923149681802 ], [ 83.945592118268138, 30.380927445960335 ], [ 83.945590477708009, 30.380938249256015 ], [ 83.945586517788328, 30.381016867857955 ], [ 83.945590476048892, 30.38109548652189 ], [ 83.945591820092247, 30.381104338439933 ], [ 83.94559182438455, 30.381107962784757 ], [ 83.945591842751199, 30.38111247386782 ], [ 83.945592469796281, 30.381202623872792 ], [ 83.945592514184952, 30.38120713496598 ], [ 83.945593661230248, 30.381297280975037 ], [ 83.945593731643442, 30.381301792029678 ], [ 83.945595398688965, 30.381391932042643 ], [ 83.945595494920255, 30.381396434349792 ], [ 83.945597680966088, 30.38148656636702 ], [ 83.945597803666871, 30.381491086422105 ], [ 83.945600510713192, 30.381581206443418 ], [ 83.945600658912156, 30.381585708275214 ], [ 83.945603884959141, 30.381675817300522 ], [ 83.945604059502898, 30.38168032859053 ], [ 83.945607805550452, 30.381770421619922 ], [ 83.945608005756526, 30.381774924218394 ], [ 83.945612270804759, 30.381864999251871 ], [ 83.945612496971748, 30.381869501326317 ], [ 83.945612982300688, 30.38187863726872 ], [ 83.945610986239942, 30.381918265857752 ], [ 83.945614944536928, 30.381996884510851 ], [ 83.945622334009073, 30.382045551387336 ], [ 83.945622837765399, 30.382054102440978 ], [ 83.945623116572591, 30.382058613327221 ], [ 83.945628940623706, 30.382148623372682 ], [ 83.945629244340751, 30.382153116782771 ], [ 83.945635586392797, 30.382243100832493 ], [ 83.945635916765497, 30.382247603329713 ], [ 83.945642777818733, 30.38233755838343 ], [ 83.945643133562442, 30.382342052089459 ], [ 83.945650512617135, 30.382431976147171 ], [ 83.945650895877492, 30.382436486915463 ], [ 83.945658794933479, 30.382526377977346 ], [ 83.945659201992584, 30.382530862635679 ], [ 83.945667618050123, 30.382620718701556 ], [ 83.945668052854487, 30.38262522118421 ], [ 83.945676987913586, 30.382715039253991 ], [ 83.945677448000666, 30.382719532907974 ], [ 83.945686901061393, 30.382809310981838 ], [ 83.945687386309686, 30.382813795787431 ], [ 83.945687515541152, 30.382814958941893 ], [ 83.945687388714518, 30.382817476857813 ], [ 83.945691347047728, 30.382896095500076 ], [ 83.945703193599911, 30.382974115868198 ], [ 83.945707622255583, 30.382991435925941 ], [ 83.945708356734727, 30.382997717062263 ], [ 83.945708893228598, 30.383002193736228 ], [ 83.945715000239844, 30.383046508940712 ], [ 83.945719962747589, 30.383091832520801 ], [ 83.945720543421942, 30.383096319131884 ], [ 83.94572570098876, 30.383136715907675 ], [ 83.945725342257219, 30.383143837857727 ], [ 83.945729300603588, 30.383222456495904 ], [ 83.945741147195022, 30.383300476860295 ], [ 83.94575432097389, 30.38335199810259 ], [ 83.945806197879151, 30.383735585168878 ], [ 83.945809032594013, 30.383791886489018 ], [ 83.945818287375758, 30.383852837116407 ], [ 83.94582050048696, 30.38389679248775 ], [ 83.945832347159765, 30.38397481284397 ], [ 83.9458433832026, 30.384017973328046 ], [ 83.945848955756929, 30.384066086708703 ], [ 83.945856913424876, 30.384144661993293 ], [ 83.945863737596142, 30.384223311809908 ], [ 83.945869426514278, 30.384302033876818 ], [ 83.945873830793261, 30.384378177390179 ], [ 83.94586987234787, 30.384456795857471 ], [ 83.945873830747175, 30.384535414480016 ], [ 83.945879509566538, 30.38457281406016 ], [ 83.945877549706537, 30.384611722857411 ], [ 83.945881508112052, 30.38469034147818 ], [ 83.945885773914071, 30.384718435160316 ], [ 83.945909414063379, 30.385454702609191 ], [ 83.945906483159149, 30.385512888857367 ], [ 83.945910441600901, 30.385591507467122 ], [ 83.945914708963983, 30.385619611169066 ], [ 83.945938349103784, 30.386355878323865 ], [ 83.945935418611228, 30.386414055857056 ], [ 83.945939377089218, 30.386492674455976 ], [ 83.945943643518291, 30.386520771744827 ], [ 83.94594425954152, 30.386539957657686 ], [ 83.945943420531776, 30.386545482322678 ], [ 83.945939460385787, 30.386624100857116 ], [ 83.945943418872119, 30.386702719453549 ], [ 83.945952194031392, 30.38676050961989 ], [ 83.945954452838933, 30.386810016517583 ], [ 83.945954915674037, 30.386819021208797 ], [ 83.94596006372349, 30.38690906124911 ], [ 83.94596063115084, 30.386918073539224 ], [ 83.945966818202422, 30.387008065587704 ], [ 83.945967488747996, 30.387017061708175 ], [ 83.945974712801885, 30.387106994764554 ], [ 83.945975487531143, 30.387115990221911 ], [ 83.945983748588048, 30.387205856286545 ], [ 83.945984627770642, 30.38721485164638 ], [ 83.945993925830734, 30.387304641719002 ], [ 83.945994906757363, 30.38731361117831 ], [ 83.94599493423982, 30.387313849786377 ], [ 83.945994919074266, 30.387314150857012 ], [ 83.945998877588494, 30.387392769445096 ], [ 83.946010724683006, 30.387470789759572 ], [ 83.946016718901106, 30.387494231495946 ], [ 83.946017692314982, 30.387501905302603 ], [ 83.946018881299537, 30.387510865992393 ], [ 83.946031281371447, 30.387600374088972 ], [ 83.946032574154216, 30.387609327386986 ], [ 83.946046006231001, 30.387698722491461 ], [ 83.946047400944678, 30.387707656041716 ], [ 83.946061863026344, 30.387796931154174 ], [ 83.9460633630286, 30.387805865828863 ], [ 83.946078855115857, 30.387895010948949 ], [ 83.946080455652449, 30.387903918438273 ], [ 83.946096974745387, 30.387992925566341 ], [ 83.946098677965523, 30.38800181914306 ], [ 83.946108516466296, 30.388051649620849 ], [ 83.946109835356978, 30.388077843436765 ], [ 83.946121682534269, 30.388155863743069 ], [ 83.946141328200866, 30.388232691992076 ], [ 83.946152318557495, 30.388262911917305 ], [ 83.946155958950456, 30.388280133783194 ], [ 83.946156152181317, 30.38828397143428 ], [ 83.946167999383292, 30.388361991738098 ], [ 83.946187645091101, 30.388438819984618 ], [ 83.946192080161993, 30.388451014968663 ], [ 83.946343396352503, 30.389166857237857 ], [ 83.946343590820504, 30.389170719423273 ], [ 83.946355438129416, 30.38924873971661 ], [ 83.94637508401469, 30.38932556795265 ], [ 83.946379527769295, 30.389337786702217 ], [ 83.946530840449896, 30.390053612366472 ], [ 83.946531034459426, 30.390057465412443 ], [ 83.946542881875445, 30.390135485695122 ], [ 83.946562527937999, 30.390212313920859 ], [ 83.946566967427927, 30.390224520832163 ], [ 83.94666499380331, 30.39068826118104 ], [ 83.946666045579576, 30.390709149404547 ], [ 83.94667789307411, 30.39078716967941 ], [ 83.946697539267049, 30.390863997897508 ], [ 83.946706258072282, 30.390887971139211 ], [ 83.946707961320584, 30.390896812700205 ], [ 83.946707940105284, 30.390897233856382 ], [ 83.946711898763937, 30.390975852401301 ], [ 83.946719637321905, 30.391026813619568 ], [ 83.946718004306135, 30.391049449300365 ], [ 83.946713552361729, 30.391079172847899 ], [ 83.946706825103689, 30.391108576286161 ], [ 83.946697852930455, 30.391137528758048 ], [ 83.946686677232577, 30.391165894456105 ], [ 83.946673346792721, 30.391193551799187 ], [ 83.946666548791711, 30.391205373329697 ], [ 83.946664439124689, 30.391207756771141 ], [ 83.946615665745043, 30.391274125791465 ], [ 83.946610359703755, 30.391282961926045 ], [ 83.946599794548774, 30.391294703449088 ], [ 83.946576756402095, 30.391317059940679 ], [ 83.946567591249192, 30.391324841863518 ], [ 83.946550667224344, 30.39133418866987 ], [ 83.946478651043947, 30.391382093832018 ], [ 83.94646894050527, 30.391389807606526 ], [ 83.946457325914906, 30.391395049072454 ], [ 83.946408093694117, 30.391422889011697 ], [ 83.946381042667284, 30.391437828743992 ], [ 83.946331810425178, 30.391465668684656 ], [ 83.946259794148318, 30.391513573845739 ], [ 83.946248583761658, 30.391522479044362 ], [ 83.946247464701173, 30.391523138548546 ], [ 83.946227048431339, 30.391535240859078 ], [ 83.94622680417153, 30.391535351089214 ], [ 83.946150245744548, 30.391577632697473 ], [ 83.946078229385634, 30.391625537857667 ], [ 83.9460545416201, 30.391644354694201 ], [ 83.946038247284264, 30.391653353705959 ], [ 83.945966230869743, 30.391701258865798 ], [ 83.945899304610009, 30.391754422998094 ], [ 83.945837977852833, 30.391812441500097 ], [ 83.945826991511296, 30.391824853468972 ], [ 83.945809295110607, 30.391840645207733 ], [ 83.945780880905573, 30.391867037961848 ], [ 83.945746173853578, 30.391900597759278 ], [ 83.945723834955743, 30.391922923509949 ], [ 83.945719028247467, 30.39192792601165 ], [ 83.945685896157684, 30.391962661811309 ], [ 83.945660018055534, 30.391990925080545 ], [ 83.945628514928487, 30.392026781883938 ], [ 83.945616520396982, 30.392041251486344 ], [ 83.945600606872887, 30.392056306521784 ], [ 83.945545346216036, 30.392118737843408 ], [ 83.945496572383774, 30.392185106854317 ], [ 83.94545465658264, 30.39225490845384 ], [ 83.945441741459888, 30.392281937853358 ], [ 83.945415367880216, 30.392324925934897 ], [ 83.945369066303769, 30.392405640609663 ], [ 83.945359132444523, 30.392423444581116 ], [ 83.945348111292716, 30.392443762502861 ], [ 83.945343087638776, 30.392453183485344 ], [ 83.945332535791465, 30.392467541873689 ], [ 83.945290619869709, 30.392537343470192 ], [ 83.945255881015072, 30.3926100464294 ], [ 83.945247451802629, 30.392633221572893 ], [ 83.945224864587431, 30.392670835478039 ], [ 83.945190125685542, 30.392743538435827 ], [ 83.945183259343736, 30.392762416621508 ], [ 83.944839840688616, 30.393429582017859 ], [ 83.94480109267937, 30.393494107526084 ], [ 83.944766353485988, 30.393566810474457 ], [ 83.944759489936786, 30.393585680821431 ], [ 83.944586713788553, 30.39392133605082 ], [ 83.944416071247389, 30.394252837849631 ], [ 83.944377313770701, 30.394317378574041 ], [ 83.944342574286168, 30.394390081513354 ], [ 83.944335710812013, 30.394408951493332 ], [ 83.944046460146026, 30.394970869497016 ], [ 83.944038084708438, 30.394982266047297 ], [ 83.943996167713053, 30.395052067616799 ], [ 83.943961427968276, 30.395124770547941 ], [ 83.943959052134261, 30.395131753230107 ], [ 83.94395366586123, 30.395140722622092 ], [ 83.94393710124578, 30.395175388823645 ], [ 83.943912339126669, 30.395217187626375 ], [ 83.943877599323628, 30.395289890555741 ], [ 83.943854841074923, 30.395352459991063 ], [ 83.943853726667072, 30.39535482388219 ], [ 83.943815126974741, 30.39543853460108 ], [ 83.943809301082609, 30.395451456583853 ], [ 83.943772191370329, 30.395535671311844 ], [ 83.943766592020552, 30.39554867751205 ], [ 83.943730905593753, 30.395633558410804 ], [ 83.943725616124809, 30.395646451021516 ], [ 83.943691512374755, 30.395731616768682 ], [ 83.94368637802279, 30.395744764192454 ], [ 83.943653790254757, 30.395830373949604 ], [ 83.943648893377713, 30.395843578585922 ], [ 83.943617827592746, 30.395929613353143 ], [ 83.943613231894886, 30.395942687464537 ], [ 83.943584572117928, 30.396026492248982 ], [ 83.943581855241604, 30.396034571168737 ], [ 83.943579197692046, 30.396042670461885 ], [ 83.943577409508222, 30.396048215853586 ], [ 83.943570521626498, 30.396062630592144 ], [ 83.943543223275711, 30.396137681566646 ], [ 83.943523574423395, 30.396214509416328 ], [ 83.943521867139651, 30.396225750310233 ], [ 83.943520557917239, 30.396230065208893 ], [ 83.943516603705163, 30.396243517299713 ], [ 83.943491700859155, 30.396331045109957 ], [ 83.94348798522762, 30.396344550936281 ], [ 83.943464639368159, 30.396432400757742 ], [ 83.94346116977998, 30.396445931069014 ], [ 83.943439383908384, 30.396534080901869 ], [ 83.943436148273335, 30.396547683269102 ], [ 83.943415930389975, 30.396636114113438 ], [ 83.94341293855706, 30.396649749317337 ], [ 83.943394292662802, 30.39673843917333 ], [ 83.943393240900747, 30.396743524429102 ], [ 83.943391543863569, 30.396752109187251 ], [ 83.943374473959508, 30.396841037054987 ], [ 83.943371968099811, 30.396854741840205 ], [ 83.943356478186459, 30.396943886720127 ], [ 83.943354216669078, 30.396957617743912 ], [ 83.943340309747597, 30.397046958635929 ], [ 83.943338290020634, 30.397060732902634 ], [ 83.943337091947257, 30.397069438742683 ], [ 83.943329287179495, 30.397099955437543 ], [ 83.94331743727551, 30.397177975448972 ], [ 83.943313733785985, 30.39725149063802 ], [ 83.943313468170459, 30.397253710589975 ], [ 83.943311938828828, 30.397267527630643 ], [ 83.943302802887942, 30.397357329559203 ], [ 83.943301519741198, 30.397371156353312 ], [ 83.943293977795463, 30.397461070294316 ], [ 83.943292939463191, 30.397474921784937 ], [ 83.94328699451377, 30.397564924738294 ], [ 83.943286202311029, 30.39757878571093 ], [ 83.94328185535872, 30.397668857676816 ], [ 83.943281309263284, 30.397682726989093 ], [ 83.943278561308887, 30.397772845967506 ], [ 83.943278261481339, 30.397786715481931 ], [ 83.943277112525919, 30.397876861473048 ], [ 83.943277049019031, 30.397886818855344 ], [ 83.943277058849574, 30.397890748095922 ], [ 83.943277510893836, 30.397980897099561 ], [ 83.943277703458563, 30.397994766380041 ], [ 83.943279754503578, 30.398084899396114 ], [ 83.943280193561975, 30.398098776976443 ], [ 83.94328053563261, 30.398107218174761 ], [ 83.943278008150656, 30.398157388855171 ], [ 83.943281967101683, 30.398236007312693 ], [ 83.943289274662021, 30.398284126643791 ], [ 83.943289778528566, 30.398292769284527 ], [ 83.943290709332089, 30.398306620801971 ], [ 83.943297555384703, 30.398396575855511 ], [ 83.943298732392705, 30.398410419007025 ], [ 83.943307174449544, 30.39850027207299 ], [ 83.943308597017918, 30.398514097580485 ], [ 83.943318633080025, 30.398603827658786 ], [ 83.94332030015255, 30.39861762682504 ], [ 83.943331927220569, 30.398707212915763 ], [ 83.943333840201632, 30.398720996735005 ], [ 83.943347056276806, 30.39881041583806 ], [ 83.943349212081046, 30.398824162390756 ], [ 83.943364013164071, 30.398913395505698 ], [ 83.943366412029178, 30.398927108589344 ], [ 83.94338279412078, 30.399016133716348 ], [ 83.943385439115929, 30.399029828902133 ], [ 83.943403485656191, 30.399119046259546 ], [ 83.943406286691328, 30.399132276925709 ], [ 83.943406556124515, 30.39913349817672 ], [ 83.943418006161352, 30.39920889447588 ], [ 83.943437654039514, 30.399285722594858 ], [ 83.943448035238347, 30.399314264271524 ], [ 83.943450053635715, 30.399322706903984 ], [ 83.94345342251458, 30.399336272413411 ], [ 83.943476090649497, 30.399424255587046 ], [ 83.943479700804872, 30.399437777968483 ], [ 83.943503927952804, 30.399525448153373 ], [ 83.943507774149239, 30.399538908710841 ], [ 83.9435335533108, 30.399626245906806 ], [ 83.943537644133229, 30.399639673864396 ], [ 83.943564971309485, 30.399726656071433 ], [ 83.943567327689649, 30.399734032814028 ], [ 83.943570255604797, 30.399743049836001 ], [ 83.943572456758901, 30.399749729931234 ], [ 83.943598397035146, 30.399827321126747 ], [ 83.94360272544246, 30.399839923705994 ], [ 83.943633126650056, 30.399926136934017 ], [ 83.943637923066831, 30.399939373812277 ], [ 83.943669850291258, 30.400025171050746 ], [ 83.943674885438838, 30.400038353694345 ], [ 83.943708332680615, 30.400123714942726 ], [ 83.943713594441064, 30.400136812056697 ], [ 83.943715465025733, 30.400141355389785 ], [ 83.943718576152293, 30.400153520563631 ], [ 83.943745874124531, 30.400228571905483 ], [ 83.943780614278396, 30.400301275289952 ], [ 83.943788317964874, 30.400314103528423 ], [ 83.943790515180538, 30.400319191312395 ], [ 83.943796237400392, 30.400332137551676 ], [ 83.943834191699111, 30.40041607082907 ], [ 83.943840153180204, 30.400428961275825 ], [ 83.943879593499304, 30.400512377562325 ], [ 83.943885774147645, 30.400525168533807 ], [ 83.943926689487739, 30.400608049828879 ], [ 83.943933101379031, 30.400620766859685 ], [ 83.94397548274074, 30.400703092163415 ], [ 83.943982122614273, 30.400715727800129 ], [ 83.944025960998047, 30.400797478112072 ], [ 83.944032819462947, 30.400810014692201 ], [ 83.944078102869668, 30.400891170012176 ], [ 83.944085184871852, 30.400903616915418 ], [ 83.944131904301599, 30.400984160242803 ], [ 83.944139205387202, 30.400996509548914 ], [ 83.944187347841137, 30.401076418883886 ], [ 83.94419486832777, 30.401088671123642 ], [ 83.944199445813794, 30.401095992291047 ], [ 83.944211636396474, 30.40112150424191 ], [ 83.944253554702286, 30.401191306337569 ], [ 83.944302331856861, 30.401257675911051 ], [ 83.944302862898297, 30.401258275821839 ], [ 83.944303116773, 30.401258667363482 ], [ 83.944309063000503, 30.401267715332256 ], [ 83.944311064975267, 30.401270707861503 ], [ 83.944363409503623, 30.401348607216558 ], [ 83.944371575264853, 30.401360547338694 ], [ 83.944425296818991, 30.401437739699642 ], [ 83.944433674553935, 30.401449570836245 ], [ 83.944488760134476, 30.401526037202817 ], [ 83.944497338844315, 30.401537744320581 ], [ 83.944553774451435, 30.40161346769251 ], [ 83.944558626097091, 30.401619916906828 ], [ 83.944564567057881, 30.401627740945845 ], [ 83.944568970724831, 30.401633492380906 ], [ 83.944620803398095, 30.401700629718906 ], [ 83.944629338684877, 30.401711512620953 ], [ 83.944688435346308, 30.401785694002346 ], [ 83.944697631972176, 30.40179705030722 ], [ 83.944758038661064, 30.401870435693166 ], [ 83.944767434728632, 30.401881666858674 ], [ 83.94482913644562, 30.401954238248461 ], [ 83.944838737066533, 30.401965350082758 ], [ 83.944844972405619, 30.401972452336654 ], [ 83.944873272314084, 30.402010958851253 ], [ 83.944928537526053, 30.402073390775417 ], [ 83.944970079366058, 30.402112688526692 ], [ 83.944975765062779, 30.402118961973965 ], [ 83.944985743410527, 30.402129799300734 ], [ 83.945051242212813, 30.402199825699991 ], [ 83.945061430358251, 30.40221054825297 ], [ 83.945128649015913, 30.402280192205797 ], [ 83.945138525102891, 30.402290259331419 ], [ 83.9452064789632, 30.402358505735148 ], [ 83.945217034765122, 30.402368943519473 ], [ 83.945286191654588, 30.402436274924813 ], [ 83.945296928551826, 30.402446567879391 ], [ 83.945367272470421, 30.402512969286075 ], [ 83.945378190507569, 30.402523117595646 ], [ 83.945449704455569, 30.40258857300314 ], [ 83.945460803204341, 30.402598576201942 ], [ 83.945533471181932, 30.402663070609979 ], [ 83.945544747065625, 30.402672925359706 ], [ 83.945618550072354, 30.402736441767839 ], [ 83.945629994130144, 30.402746140415591 ], [ 83.945633117973017, 30.402748747393158 ], [ 83.945687246811843, 30.402799951839885 ], [ 83.945754179878406, 30.402853116601722 ], [ 83.945784997228046, 30.402873614334922 ], [ 83.945792562915415, 30.402879736543174 ], [ 83.945804349262247, 30.402889128096842 ], [ 83.945881455357267, 30.40294962550286 ], [ 83.945893399597537, 30.402958853133963 ], [ 83.945971570721682, 30.403018316538652 ], [ 83.945983689109752, 30.403027392650781 ], [ 83.946062905263034, 30.403085805053518 ], [ 83.946068272265521, 30.403089735576625 ], [ 83.946075184795987, 30.403094719446653 ], [ 83.946155429978219, 30.403152068847259 ], [ 83.94616785432261, 30.403160810017713 ], [ 83.946249106533614, 30.403217082415654 ], [ 83.946261693267587, 30.403225662840914 ], [ 83.946265071018459, 30.403227929223551 ], [ 83.946326136992965, 30.403276433556901 ], [ 83.946398161317958, 30.403324339329227 ], [ 83.946465169956596, 30.403361343084665 ], [ 83.946493413261351, 30.403383776545443 ], [ 83.946565437665043, 30.403431682316882 ], [ 83.946582290880045, 30.403440601513818 ], [ 83.946654479321225, 30.403488210310545 ], [ 83.946731046590017, 30.40353049249612 ], [ 83.946739249714952, 30.403534194036883 ], [ 83.94677309097186, 30.403555965599036 ], [ 83.946836567055172, 30.403598011756081 ], [ 83.946845222766257, 30.403606199761111 ], [ 83.94691215638278, 30.403659364516376 ], [ 83.946984180988792, 30.403707270285683 ], [ 83.946992389402823, 30.403711803148212 ], [ 83.947006886878583, 30.403723217988752 ], [ 83.947061554952739, 30.403769184739335 ], [ 83.947067232946807, 30.403774160977957 ], [ 83.947104069234612, 30.40380752092938 ], [ 83.947144642994331, 30.403846424743062 ], [ 83.947146541348076, 30.40384900770535 ], [ 83.947201807595306, 30.403911439611928 ], [ 83.947244559145247, 30.403951880955979 ], [ 83.947282478162947, 30.403996334898284 ], [ 83.947322157969595, 30.404046192537724 ], [ 83.947359930250897, 30.404097149915419 ], [ 83.947395753842983, 30.404149151243818 ], [ 83.947429591722326, 30.404202143457102 ], [ 83.947445115123642, 30.404228454392754 ], [ 83.947450194129573, 30.404242417715164 ], [ 83.947484935704352, 30.404315121054868 ], [ 83.947525264838603, 30.404382274654083 ], [ 83.947537712394919, 30.40441649570683 ], [ 83.94757245403116, 30.40448919904458 ], [ 83.94757724748878, 30.404497180801791 ], [ 83.947578302620329, 30.404501306407337 ], [ 83.947605601801726, 30.404576357699273 ], [ 83.947640343494626, 30.404649061035247 ], [ 83.94765988026559, 30.40468159235493 ], [ 83.947879169945338, 30.405184164789354 ], [ 83.947879204623902, 30.405184300382846 ], [ 83.947906503995384, 30.405259351666967 ], [ 83.947939761284573, 30.405328948125607 ], [ 83.947940229123319, 30.405330777377646 ], [ 83.947967528535642, 30.40540582865999 ], [ 83.948002270522181, 30.405478531986727 ], [ 83.948021399489917, 30.405509508229276 ], [ 83.948027606644175, 30.40552361368368 ], [ 83.948031595259124, 30.405532534747746 ], [ 83.948054278692211, 30.405582481419433 ], [ 83.948054349542204, 30.405582750368563 ], [ 83.94808164902453, 30.405657801648065 ], [ 83.948116391100228, 30.40573050497196 ], [ 83.948158311374769, 30.405800307018414 ], [ 83.948164465651857, 30.405808680554678 ], [ 83.948169308115894, 30.405818120196901 ], [ 83.948180176379338, 30.405838612233236 ], [ 83.948224795775161, 30.405920043549504 ], [ 83.94823625370185, 30.405940297047938 ], [ 83.948283208135621, 30.406020735376824 ], [ 83.948295240854435, 30.40604072464733 ], [ 83.94834450032721, 30.406120120987854 ], [ 83.948357105704034, 30.406139843358968 ], [ 83.948359742019818, 30.406143849198717 ], [ 83.94836492002301, 30.406154684947193 ], [ 83.948406840478739, 30.406224486989029 ], [ 83.948455620135135, 30.406290856511529 ], [ 83.948471179567363, 30.406308432890103 ], [ 83.948475586015647, 30.406314755769746 ], [ 83.948489319226127, 30.40633391626498 ], [ 83.948504550228449, 30.406354585352933 ], [ 83.948536743791379, 30.40640819097634 ], [ 83.94858552353908, 30.406474560496886 ], [ 83.94864079126495, 30.406536992378239 ], [ 83.948657378100762, 30.40655268246951 ], [ 83.948689044810465, 30.406591713033624 ], [ 83.948696013731364, 30.406600197983433 ], [ 83.948709130415722, 30.406615974491711 ], [ 83.948717070761447, 30.406629195961141 ], [ 83.948765850618926, 30.4066955654792 ], [ 83.948821118469311, 30.4067579973586 ], [ 83.948852980821442, 30.406788137047389 ], [ 83.949005386659977, 30.406970050967317 ], [ 83.949049981707006, 30.407030726452664 ], [ 83.949105249746225, 30.407093158328866 ], [ 83.949121033017178, 30.407108088212951 ], [ 83.94956871225024, 30.407642444934222 ], [ 83.949575680347721, 30.407654047390107 ], [ 83.949624460714844, 30.407720416897863 ], [ 83.94967972914236, 30.407782848767493 ], [ 83.949689296561218, 30.407791898820289 ], [ 83.949702226174594, 30.407806504258481 ], [ 83.949735118577976, 30.40785125688755 ], [ 83.949790387079403, 30.407913688755936 ], [ 83.949828954696855, 30.407950170748208 ], [ 83.950240829287381, 30.408432590777821 ], [ 83.950244396141741, 30.408438529835689 ], [ 83.950293176898782, 30.408504899335629 ], [ 83.950348445768086, 30.40856733119762 ], [ 83.950360236673049, 30.408577872500562 ], [ 83.950409428191819, 30.408643807824607 ], [ 83.950428338876037, 30.408665169353153 ], [ 83.950440315864682, 30.408681464821594 ], [ 83.950495584833632, 30.408743896681987 ], [ 83.950525974571647, 30.408772642784019 ], [ 83.950538294673038, 30.408787338554841 ], [ 83.950546005869512, 30.408796416845139 ], [ 83.950608192596931, 30.408868678236498 ], [ 83.950614114261597, 30.408875470236083 ], [ 83.95065696317242, 30.408933768801614 ], [ 83.950712232283308, 30.408996200659519 ], [ 83.950737037438387, 30.409019664160883 ], [ 83.950750113771477, 30.409037455293184 ], [ 83.950805382940985, 30.409099887150379 ], [ 83.950857833780645, 30.409149500991681 ], [ 83.950864239183701, 30.409156795823886 ], [ 83.950865016886766, 30.409157704870857 ], [ 83.950901572794393, 30.409207441279715 ], [ 83.950937488572663, 30.409248011543575 ], [ 83.950980880928853, 30.40930704927197 ], [ 83.951036150250246, 30.409369481126323 ], [ 83.951059190600674, 30.409391275193141 ], [ 83.951450868192623, 30.40987184993412 ], [ 83.951453801930057, 30.409876734736105 ], [ 83.951502583402075, 30.409943104221302 ], [ 83.951557853081582, 30.410005536069615 ], [ 83.951566461158137, 30.410013678470147 ], [ 83.951701911524353, 30.410179871344099 ], [ 83.951714105458663, 30.410200174713662 ], [ 83.951762887091434, 30.410266544195661 ], [ 83.951818156953365, 30.410328976040955 ], [ 83.951874677953342, 30.410382439213066 ], [ 83.951924092887879, 30.410434326082001 ], [ 83.951929455551792, 30.410439911031037 ], [ 83.951970008304954, 30.410479390934295 ], [ 83.951995735813782, 30.410503006599985 ], [ 83.952022116796869, 30.410532806022825 ], [ 83.952083454383086, 30.410590825077808 ], [ 83.952150101869904, 30.410644571424204 ], [ 83.952152773629777, 30.410646465462907 ], [ 83.952155212876278, 30.410648599057541 ], [ 83.952162577661326, 30.41066532568296 ], [ 83.952200370493557, 30.410728251854344 ], [ 83.952300539321811, 30.410938008456476 ], [ 83.95232449573885, 30.411003865394424 ], [ 83.952359239707434, 30.411076568658988 ], [ 83.952371025943421, 30.411096193003093 ], [ 83.952382976490824, 30.411129045388616 ], [ 83.952417720503817, 30.411201748651582 ], [ 83.952419861105199, 30.411205312795762 ], [ 83.952439248199354, 30.411258608382372 ], [ 83.952455484274779, 30.411292582986214 ], [ 83.952472744474264, 30.41134690929562 ], [ 83.952489078730878, 30.411405799327493 ], [ 83.952503176874686, 30.411465122425927 ], [ 83.952515024013067, 30.411524815446764 ], [ 83.952524607408662, 30.411584813033574 ], [ 83.952531916066519, 30.411645048357148 ], [ 83.952536942289683, 30.411705457375202 ], [ 83.952539202568758, 30.411755407548089 ], [ 83.952538979256019, 30.411756877622285 ], [ 83.952535018091822, 30.411835495852966 ], [ 83.952537901157427, 30.411892740847133 ], [ 83.952533696716813, 30.41195409468985 ], [ 83.952528183419972, 30.412004290425418 ], [ 83.95251088681475, 30.412071909794545 ], [ 83.952499717228434, 30.412145439189562 ], [ 83.952498816176217, 30.41214987362709 ], [ 83.952484479424172, 30.412205009797741 ], [ 83.952472627695329, 30.412283029628515 ], [ 83.952471466790712, 30.412306070270265 ], [ 83.952434664251641, 30.412482884191192 ], [ 83.952430885737698, 30.412493270649374 ], [ 83.952411233609595, 30.412570098306499 ], [ 83.952406151818437, 30.412603551568971 ], [ 83.952403893543973, 30.41260975915355 ], [ 83.952384241392608, 30.412686586809254 ], [ 83.952373041646766, 30.412760314274632 ], [ 83.952372073251439, 30.41276452571223 ], [ 83.952357769998457, 30.412820016812478 ], [ 83.952345918195363, 30.412898036635791 ], [ 83.952342679396452, 30.412962317139023 ], [ 83.952342264099499, 30.412965038168114 ], [ 83.952338345051473, 30.412994411268155 ], [ 83.952328092113774, 30.413084118188092 ], [ 83.952325285745133, 30.413113589131466 ], [ 83.95231843079705, 30.413203540077891 ], [ 83.952316740297221, 30.413233079589173 ], [ 83.952313291342861, 30.413323177561988 ], [ 83.952312719064281, 30.413352751286968 ], [ 83.952312680071472, 30.413443062069643 ], [ 83.952313226488599, 30.413472462337641 ], [ 83.952316596534175, 30.413562562364103 ], [ 83.952318261734959, 30.413592110473662 ], [ 83.952318843274753, 30.413599829530344 ], [ 83.952317643120637, 30.413623648852681 ], [ 83.952321602695179, 30.413702267123863 ], [ 83.952333452965092, 30.413780287123746 ], [ 83.952337340892768, 30.413795487602222 ], [ 83.952337994384962, 30.413801249479153 ], [ 83.95234021607375, 30.41381902659138 ], [ 83.952342796877232, 30.413837925611507 ], [ 83.952344945173877, 30.413852622426649 ], [ 83.952355926446302, 30.413923100512061 ], [ 83.952360454172762, 30.413949261173254 ], [ 83.952377390267074, 30.414038205304426 ], [ 83.952379310168283, 30.414047955117294 ], [ 83.952383497951203, 30.414067303589274 ], [ 83.952403789067546, 30.414155717745448 ], [ 83.952410992638264, 30.414184621326843 ], [ 83.95243461678038, 30.41427241250739 ], [ 83.952442911601565, 30.414301102500882 ], [ 83.952469843773429, 30.414388174705085 ], [ 83.952479218767365, 30.414416611782311 ], [ 83.95250942997211, 30.414502872009184 ], [ 83.952519874248665, 30.414531024091982 ], [ 83.95255333149008, 30.414616379340718 ], [ 83.9525607785407, 30.414634726222243 ], [ 83.952564833755005, 30.414644216985973 ], [ 83.952601501036298, 30.41472857625541 ], [ 83.952614055295626, 30.414756083558867 ], [ 83.952618112401652, 30.414764563735428 ], [ 83.952632513851555, 30.414804152214234 ], [ 83.952667259166091, 30.414876855436344 ], [ 83.952698345465748, 30.414928612779288 ], [ 83.95270221150453, 30.414939240207826 ], [ 83.952736956867028, 30.415011943428336 ], [ 83.952778881107292, 30.415081745375669 ], [ 83.952796330660561, 30.415105485034264 ], [ 83.952809031711965, 30.415132061421399 ], [ 83.952850956003559, 30.415201863367312 ], [ 83.952899740123598, 30.415268232798507 ], [ 83.95289984569834, 30.41526835204774 ], [ 83.95313048849431, 30.41564514203726 ], [ 83.953145918467257, 30.415677428389341 ], [ 83.953187842992094, 30.415747230329568 ], [ 83.953218558258058, 30.415789017354165 ], [ 83.953617963759086, 30.416441506819112 ], [ 83.953633396808684, 30.4164737993427 ], [ 83.95367532167387, 30.416543601274402 ], [ 83.953706037805986, 30.416585389133086 ], [ 83.953808529667654, 30.416752825134417 ], [ 83.953834848095624, 30.416807894323181 ], [ 83.95387677310363, 30.41687769625133 ], [ 83.95392478652424, 30.416943192819677 ], [ 83.953935577074915, 30.416966018313882 ], [ 83.953977502150423, 30.417035820240255 ], [ 83.954026287182614, 30.417102189652798 ], [ 83.954074136283381, 30.417156235316654 ], [ 83.954132971279193, 30.417230179192121 ], [ 83.95416356410027, 30.417266643552541 ], [ 83.954226813851307, 30.417338201946773 ], [ 83.954255740230636, 30.417369464414588 ], [ 83.954259490736675, 30.417373316355221 ], [ 83.954261056786279, 30.417374915671278 ], [ 83.954263883778339, 30.417378761630918 ], [ 83.954319157647561, 30.417441193408177 ], [ 83.954380499553508, 30.417499212401697 ], [ 83.95442632375412, 30.41753560491097 ], [ 83.954432608999511, 30.417541408938096 ], [ 83.954469157013904, 30.417573511280214 ], [ 83.954481493010036, 30.417583818165514 ], [ 83.954486132445453, 30.41758905839492 ], [ 83.954547474443956, 30.417647077387198 ], [ 83.954614417640371, 30.417700242028065 ], [ 83.954686452554938, 30.417748147694699 ], [ 83.954700499041934, 30.417755903339714 ], [ 83.954707633576675, 30.417762651375799 ], [ 83.954774576851946, 30.417815816015779 ], [ 83.954846611851607, 30.417863721681524 ], [ 83.954889357836748, 30.417887323475288 ], [ 83.955143744384046, 30.418064750220317 ], [ 83.955152101250533, 30.418072654345583 ], [ 83.955219044737376, 30.418125818983075 ], [ 83.955291079964582, 30.418173724646511 ], [ 83.955339549146046, 30.418200486363354 ], [ 83.955346250922702, 30.418205091491277 ], [ 83.95535443579557, 30.418210658207432 ], [ 83.955436586032405, 30.418265957603072 ], [ 83.955444839183627, 30.418271456074084 ], [ 83.955527623438812, 30.418326040467445 ], [ 83.955535940224834, 30.418331467495694 ], [ 83.955619349498448, 30.418385330886952 ], [ 83.955627724631924, 30.418390683088479 ], [ 83.9557117519239, 30.418443821477457 ], [ 83.955720183011195, 30.41844909750667 ], [ 83.955804819321244, 30.418501505892923 ], [ 83.955813334284912, 30.418506722870173 ], [ 83.955894128766147, 30.418555700025305 ], [ 83.95590994771932, 30.418568262936194 ], [ 83.955981983271599, 30.418616168596433 ], [ 83.956058562348005, 30.418658450683953 ], [ 83.956094128694318, 30.418674496968432 ], [ 83.95615332267684, 30.418713862585331 ], [ 83.95622990182963, 30.418756144672319 ], [ 83.956249548901695, 30.418765008731228 ], [ 83.956558880674336, 30.418946487066432 ], [ 83.956570893074115, 30.418956026895092 ], [ 83.956642928911151, 30.419003932552311 ], [ 83.956719508290433, 30.419046214637522 ], [ 83.956757956095274, 30.419063560865176 ], [ 83.956765326947917, 30.419067913269746 ], [ 83.956799590365094, 30.419088619010157 ], [ 83.956826844022018, 30.419110262878721 ], [ 83.956898879972201, 30.419158168534874 ], [ 83.95693431075496, 30.419177731046396 ], [ 83.956935923553033, 30.419179011871353 ], [ 83.957007959553835, 30.419226917527151 ], [ 83.957029397366156, 30.419238754046649 ], [ 83.957086131274849, 30.419280382416023 ], [ 83.957144379373815, 30.419325335564071 ], [ 83.957201315420264, 30.419371539003901 ], [ 83.957256900585008, 30.419418960056586 ], [ 83.957311097014568, 30.419467567791134 ], [ 83.957363874428651, 30.41951733434237 ], [ 83.957415202366818, 30.419568231521996 ], [ 83.957463425950351, 30.419618533975665 ], [ 83.957481656092185, 30.419643334451028 ], [ 83.957536931237541, 30.419705766206615 ], [ 83.957561507441454, 30.419729010564254 ], [ 83.957605364177027, 30.41978244722122 ], [ 83.957648970158786, 30.419838492867211 ], [ 83.957690945841989, 30.419895465909139 ], [ 83.957706257230583, 30.419917439920372 ], [ 83.957715208507821, 30.419936169139969 ], [ 83.957757134852883, 30.420005971034545 ], [ 83.957805921362464, 30.42007234041689 ], [ 83.957811627384075, 30.420078785182678 ], [ 83.957830436868974, 30.42010993849745 ], [ 83.95786142821261, 30.420174783125962 ], [ 83.957903354659805, 30.42024458501805 ], [ 83.957922911658756, 30.420271190379875 ], [ 83.957925961223893, 30.4202775711199 ], [ 83.957967887714972, 30.420347373010923 ], [ 83.958000717907851, 30.420392035191899 ], [ 83.958005087117471, 30.420399116480876 ], [ 83.958015731912909, 30.420415936163234 ], [ 83.958051508685656, 30.420471067836505 ], [ 83.958061291165819, 30.420491536107317 ], [ 83.958103217748373, 30.42056133799603 ], [ 83.958152004534185, 30.420627707372692 ], [ 83.958205811152723, 30.420688479848721 ], [ 83.958213582746936, 30.42069877562886 ], [ 83.958235286368776, 30.420726397713924 ], [ 83.95829541405152, 30.420799955099351 ], [ 83.958318268041864, 30.420826844107527 ], [ 83.958381496792271, 30.420898422501761 ], [ 83.958405495477265, 30.420924572297157 ], [ 83.958471739296584, 30.420994071698235 ], [ 83.958476865719788, 30.420999408091429 ], [ 83.958496831856621, 30.421019426300919 ], [ 83.95856599974617, 30.421086752706525 ], [ 83.958592166068257, 30.421111291760159 ], [ 83.958664164028207, 30.421176352168064 ], [ 83.958691353165193, 30.421200027879411 ], [ 83.9586932834263, 30.421201647590355 ], [ 83.958750554362382, 30.421255814033952 ], [ 83.958817500022064, 30.421308978645687 ], [ 83.958864463452272, 30.421340209756362 ], [ 83.958871622243436, 30.421345786804697 ], [ 83.958899582558558, 30.421366801122272 ], [ 83.958980640655156, 30.421425397006505 ], [ 83.959010693348105, 30.421446315270426 ], [ 83.959092983589045, 30.421501452665698 ], [ 83.95911384290261, 30.421514901652067 ], [ 83.959144250452511, 30.421539049621291 ], [ 83.959216288186866, 30.421586955259681 ], [ 83.959292869583024, 30.421629237328194 ], [ 83.959346173409088, 30.421653285399994 ], [ 83.959350433689039, 30.421655657086486 ], [ 83.959438716110583, 30.421703333452985 ], [ 83.959455509211011, 30.421712212624339 ], [ 83.959542879773608, 30.421757432517946 ], [ 83.959571058034854, 30.421776171238211 ], [ 83.959647639578975, 30.42181845330548 ], [ 83.959704305796834, 30.421843693270798 ], [ 83.959781009221956, 30.421885705297367 ], [ 83.959861551652097, 30.421922041995106 ], [ 83.959865396895864, 30.421923422353689 ], [ 83.959905615564622, 30.421941566992547 ], [ 83.959908841585758, 30.421942725063431 ], [ 83.959980329152117, 30.421980107165911 ], [ 83.960047353427839, 30.422016742773703 ], [ 83.960055905693409, 30.422021710850498 ], [ 83.960072114071693, 30.422034582568589 ], [ 83.960144152170017, 30.422082488203426 ], [ 83.960209822847446, 30.422118746067337 ], [ 83.960255368672875, 30.422152397806688 ], [ 83.960301184114087, 30.422189089590699 ], [ 83.960340171026189, 30.422222915166461 ], [ 83.960365659537487, 30.422251702980017 ], [ 83.960427004452413, 30.422309721930905 ], [ 83.960435105264082, 30.422316155085891 ], [ 83.960467479980764, 30.422351947660484 ], [ 83.960491204192522, 30.422379792719898 ], [ 83.960501351654059, 30.422392401750695 ], [ 83.960504902587644, 30.422397006840516 ], [ 83.960537364771696, 30.422439717844494 ], [ 83.96056969355952, 30.422485949627163 ], [ 83.960599862112872, 30.422533263293037 ], [ 83.960618893935916, 30.422565348444461 ], [ 83.960636797585678, 30.422597901338353 ], [ 83.960653532042699, 30.422630835057394 ], [ 83.960656617252738, 30.422637436619535 ], [ 83.960659477642267, 30.422648618755108 ], [ 83.960686781874031, 30.422723669838501 ], [ 83.960721529994146, 30.422796372972325 ], [ 83.960721717109891, 30.42279667977251 ], [ 83.960741416435624, 30.422856259453521 ], [ 83.960760155334583, 30.422917521517743 ], [ 83.960762492521923, 30.422925389278763 ], [ 83.960773134581146, 30.422962296007903 ], [ 83.960779626556374, 30.423005033900861 ], [ 83.96079927920033, 30.423081861739707 ], [ 83.960826583552532, 30.423156912817948 ], [ 83.960830719843756, 30.423165567098618 ], [ 83.960910910225024, 30.423450312058673 ], [ 83.960914542651565, 30.4234742248895 ], [ 83.960934195389484, 30.423551052722662 ], [ 83.960956706605756, 30.423612928676889 ], [ 83.960973781347377, 30.423673558724538 ], [ 83.960980671093665, 30.423718914883455 ], [ 83.961000323880612, 30.423795742713953 ], [ 83.961027628431765, 30.423870793784022 ], [ 83.961046472751647, 30.423910221092196 ], [ 83.961053436886345, 30.423929299975381 ], [ 83.961071512462397, 30.423972645942552 ], [ 83.961091129781011, 30.424016000102991 ], [ 83.961112782293156, 30.424057485408849 ], [ 83.96112616511725, 30.424081493503383 ], [ 83.961161979850644, 30.424140133748221 ], [ 83.961165797895191, 30.424145686417212 ], [ 83.961191402407835, 30.424188312744835 ], [ 83.961240190998069, 30.424254682084726 ], [ 83.961295468742591, 30.42431711379626 ], [ 83.961356814949639, 30.424375132728674 ], [ 83.961423762738988, 30.424428297314829 ], [ 83.96149580259592, 30.42447620293208 ], [ 83.961572386248577, 30.424518484981942 ], [ 83.961573485299567, 30.424518980804969 ], [ 83.961598333201962, 30.424533069926927 ], [ 83.961628046352132, 30.424548498046686 ], [ 83.961642573050014, 30.424555902977577 ], [ 83.961708084825219, 30.424586037337651 ], [ 83.961775906474315, 30.424612052295128 ], [ 83.961808060704712, 30.424623216388955 ], [ 83.961839164193734, 30.424633518424269 ], [ 83.961901820775168, 30.424651355065055 ], [ 83.96196565503287, 30.424665717171582 ], [ 83.961999441320415, 30.42467233622995 ], [ 83.962048204566486, 30.42468083351034 ], [ 83.962105325842373, 30.424688152762034 ], [ 83.962162827577117, 30.424692715663735 ], [ 83.962197396893245, 30.424694622681034 ], [ 83.962263520000235, 30.424696444674257 ], [ 83.962313022841172, 30.424695423952262 ], [ 83.96236241364852, 30.424692364096426 ], [ 83.962396894961259, 30.424689512070788 ], [ 83.962478747432016, 30.424679888510529 ], [ 83.962559406400416, 30.424664682781408 ], [ 83.962592935678785, 30.424657143715148 ], [ 83.962640583362983, 30.424645374381729 ], [ 83.962687530799684, 30.424631653424559 ], [ 83.962748914463702, 30.424610354577073 ], [ 83.962780645679928, 30.424598317477045 ], [ 83.962832895405015, 30.424576980674853 ], [ 83.962883698935642, 30.424553164977883 ], [ 83.962926129892693, 30.424530747663834 ], [ 83.962955267025052, 30.424514514540011 ], [ 83.963009602979099, 30.424482088406055 ], [ 83.963061459387148, 30.424446744312892 ], [ 83.963086580368355, 30.424427876076852 ], [ 83.963112390403353, 30.424407855941791 ], [ 83.963165876347915, 30.424363292747589 ], [ 83.96321556324483, 30.424315540796396 ], [ 83.963226243348032, 30.424304327959337 ], [ 83.963248078282604, 30.424281023826136 ], [ 83.963297459575969, 30.424223833197903 ], [ 83.963341553204629, 30.424163302338822 ], [ 83.963358950885606, 30.424137166813257 ], [ 83.963392818146602, 30.424081952557867 ], [ 83.963400179426102, 30.424067854972101 ], [ 83.96342260883776, 30.424030548953471 ], [ 83.96345010156621, 30.424088201896691 ], [ 83.963492520515459, 30.424157769154245 ], [ 83.963511903518921, 30.424197061890244 ], [ 83.963553831685644, 30.424266863739344 ], [ 83.963602620314958, 30.424333233078347 ], [ 83.963606371156985, 30.424337469345595 ], [ 83.963607965502533, 30.424339844935364 ], [ 83.963648786570658, 30.424395832939464 ], [ 83.963668366455394, 30.424420623066215 ], [ 83.963698159899735, 30.424456431996081 ], [ 83.963730601833674, 30.424491617649583 ], [ 83.963753593284011, 30.424515269652428 ], [ 83.963755658779249, 30.424517246696201 ], [ 83.96377922589862, 30.424543863776119 ], [ 83.963840572247605, 30.424601882706579 ], [ 83.963907520191682, 30.424655047290958 ], [ 83.963979560215222, 30.424702952906433 ], [ 83.964056144044989, 30.424745234954873 ], [ 83.964136688824013, 30.424781571636625 ], [ 83.964220581546826, 30.424811686400997 ], [ 83.964232081913536, 30.424814828823674 ], [ 83.964279232474851, 30.424831508398551 ], [ 83.964351390345115, 30.424851721163524 ], [ 83.96438471661628, 30.4248599072349 ], [ 83.964435964480899, 30.42487128447716 ], [ 83.964453036300768, 30.424874282740308 ], [ 83.964347500799178, 30.425208981255611 ], [ 83.964342398976214, 30.425219654966771 ], [ 83.964315092510333, 30.425294705605719 ], [ 83.964295437816631, 30.425371533111853 ], [ 83.964294686561757, 30.425376477942443 ], [ 83.964238387843707, 30.425555025417381 ], [ 83.964225052352248, 30.425582924983861 ], [ 83.964208087718461, 30.42562955136999 ], [ 83.964179534849947, 30.42565655450483 ], [ 83.964154950936901, 30.425684318791699 ], [ 83.964139316028962, 30.425696734313821 ], [ 83.964077968051413, 30.425754752513487 ], [ 83.964022688410466, 30.425817183511992 ], [ 83.963973897822356, 30.425883552179709 ], [ 83.963952506872985, 30.425919161709611 ], [ 83.963930332204939, 30.425950702184377 ], [ 83.963920726814848, 30.425965437158506 ], [ 83.963895574560354, 30.426004880985555 ], [ 83.963861967598163, 30.42606233900683 ], [ 83.963840128288425, 30.42610323685123 ], [ 83.963812424619192, 30.426160152928237 ], [ 83.963811084362931, 30.426163193151154 ], [ 83.963802684467396, 30.426177176431377 ], [ 83.963767933698733, 30.426249879015419 ], [ 83.963740626945963, 30.426324929642288 ], [ 83.963720972045508, 30.426401757136343 ], [ 83.963713963565667, 30.426447887120442 ], [ 83.963710197578848, 30.4264582376471 ], [ 83.963690542651747, 30.426535065139557 ], [ 83.963678689190601, 30.426613084798912 ], [ 83.963676728798575, 30.426651987209539 ], [ 83.96364574150175, 30.426818933883713 ], [ 83.963640651736526, 30.426832922660427 ], [ 83.963620996734278, 30.426909750148443 ], [ 83.963609143227828, 30.426987769803358 ], [ 83.963607086992113, 30.427028573997248 ], [ 83.963605869442148, 30.427033333151474 ], [ 83.963594015920776, 30.42711135280479 ], [ 83.96359005413575, 30.427189970850375 ], [ 83.963594014257751, 30.427268588957954 ], [ 83.963596240703893, 30.427283245412848 ], [ 83.963599027932389, 30.427318183662653 ], [ 83.963603805462228, 30.427363041700115 ], [ 83.963611424009343, 30.427412284505948 ], [ 83.963611602700453, 30.427415831956193 ], [ 83.963623454627182, 30.427493851792295 ], [ 83.963643108170686, 30.427570679578206 ], [ 83.963670413772917, 30.427645730604933 ], [ 83.963705163637229, 30.427718433684046 ], [ 83.963747093309948, 30.427788235495488 ], [ 83.963784016957376, 30.427838462541743 ], [ 83.963785287064056, 30.427840383280422 ], [ 83.963786963807067, 30.427842909491662 ], [ 83.963816324445077, 30.427884357638266 ], [ 83.963848220259251, 30.427924374211255 ], [ 83.963868679162616, 30.427948617340892 ], [ 83.963911492823854, 30.427995953468798 ], [ 83.96394202015918, 30.428026094340819 ], [ 83.963965456131987, 30.428048221476498 ], [ 83.964005713772409, 30.428084173577705 ], [ 83.964048212518264, 30.428118133479618 ], [ 83.964074334561815, 30.428137872614567 ], [ 83.964089349348214, 30.428149002920488 ], [ 83.964126782245344, 30.428174973185182 ], [ 83.964165555622927, 30.428199421933808 ], [ 83.964194042734974, 30.428216529061434 ], [ 83.964266465407277, 30.428256297534038 ], [ 83.964292568260845, 30.428268927917888 ], [ 83.96432306843603, 30.428283192031511 ], [ 83.964378410233664, 30.428307260313101 ], [ 83.964435305562105, 30.428328434391414 ], [ 83.96444389985227, 30.428331373649673 ], [ 83.964451202882017, 30.428334668191024 ], [ 83.964535098645243, 30.42836478293923 ], [ 83.964621703962649, 30.428388446576324 ], [ 83.964710359699978, 30.428405479003171 ], [ 83.964800391116427, 30.428415750589242 ], [ 83.964891113000121, 30.428419183159381 ], [ 83.964949828301627, 30.42841696159627 ], [ 83.964969078000095, 30.428417271159578 ], [ 83.965061127100526, 30.428413737221991 ], [ 83.965112911571453, 30.428409753186134 ], [ 83.96520161528943, 30.428399583003927 ], [ 83.965213746116078, 30.428397665100224 ], [ 83.96526484456173, 30.428389315025814 ], [ 83.96533596886924, 30.428375441052022 ], [ 83.965375778950786, 30.428366395208304 ], [ 83.965381022227092, 30.428365797008414 ], [ 83.965469677928709, 30.428348764581568 ], [ 83.965556283210944, 30.428325100944296 ], [ 83.965640178940063, 30.428294986196089 ], [ 83.965640734862575, 30.428294735408343 ], [ 83.965652925894574, 30.428291306618469 ], [ 83.965690324751122, 30.428284121590163 ], [ 83.965776929976343, 30.428260457952714 ], [ 83.965828772114293, 30.428241848972313 ], [ 83.966042539729102, 30.428181725740409 ], [ 83.966104970436731, 30.428169731605568 ], [ 83.966147661506255, 30.42815806686848 ], [ 83.966177810053566, 30.428178114512558 ], [ 83.966254396597776, 30.428220396538439 ], [ 83.966255554437112, 30.428220918863111 ], [ 83.966262463383771, 30.428225304326926 ], [ 83.966304908542625, 30.428251354519507 ], [ 83.966329175572255, 30.428265805863628 ], [ 83.966353905677337, 30.428280090971302 ], [ 83.966373520648318, 30.428291147455919 ], [ 83.966392343735578, 30.428301498535024 ], [ 83.966425784382452, 30.42831913255478 ], [ 83.966470713618079, 30.428341832732517 ], [ 83.966474533942929, 30.42834375352351 ], [ 83.96652830321996, 30.428368862592645 ], [ 83.966574787506076, 30.428389067756232 ], [ 83.966645537588136, 30.428417005357797 ], [ 83.966672483230823, 30.428426609340029 ], [ 83.966695534422897, 30.428437008178353 ], [ 83.966779430273519, 30.428467122925849 ], [ 83.966866035681335, 30.428490786562588 ], [ 83.966954691511219, 30.428507818989257 ], [ 83.967044723021814, 30.42851809057515 ], [ 83.967079127577819, 30.428519392311113 ], [ 83.967096802483624, 30.428522787987209 ], [ 83.967186834007904, 30.428533059572924 ], [ 83.967277556000141, 30.428536492143063 ], [ 83.967368277992364, 30.428533059572924 ], [ 83.967425357705949, 30.428526547418731 ], [ 83.967437061985976, 30.428526104573859 ], [ 83.967499139274892, 30.428519022251752 ], [ 83.967499065980448, 30.428523196850197 ], [ 83.967500184835856, 30.42856501736809 ], [ 83.967502595359377, 30.428610034387003 ], [ 83.967507839224098, 30.428667806136342 ], [ 83.967513580757384, 30.428712599180994 ], [ 83.967520914824078, 30.428758865898029 ], [ 83.96752932437056, 30.428803343963349 ], [ 83.967531439822011, 30.428814122760404 ], [ 83.967539609388723, 30.42885000503853 ], [ 83.967551914784096, 30.428898819555847 ], [ 83.967560267361478, 30.428953802757039 ], [ 83.967579921197554, 30.42903063052572 ], [ 83.967600720152817, 30.429087796792995 ], [ 83.967602550834386, 30.429099847753402 ], [ 83.967622204699765, 30.429176675520484 ], [ 83.967648883307888, 30.429250405252315 ], [ 83.967652390717177, 30.429269670879631 ], [ 83.967645620424946, 30.429284236158392 ], [ 83.967624093950477, 30.429343398251216 ], [ 83.967600739347063, 30.42939225716351 ], [ 83.967573431718904, 30.429467307754319 ], [ 83.967553776188367, 30.429544135211426 ], [ 83.967550669340525, 30.429564583893818 ], [ 83.967545037719574, 30.429588965212471 ], [ 83.967543936946242, 30.429594474550345 ], [ 83.967536317488992, 30.429633377298213 ], [ 83.967535306341205, 30.429638902055043 ], [ 83.96752818108385, 30.429683939177519 ], [ 83.967524396392349, 30.429714204856193 ], [ 83.967523088706216, 30.429731384413881 ], [ 83.967516016715663, 30.429777930836597 ], [ 83.967512054822805, 30.429856548849852 ], [ 83.967516015052283, 30.429935166925457 ], [ 83.967527867283479, 30.430013186731362 ], [ 83.96754877590871, 30.430089758608556 ], [ 83.967556413972403, 30.43011445578637 ], [ 83.967569684549218, 30.430166330484862 ], [ 83.967596990874426, 30.430241381481746 ], [ 83.967631741658892, 30.430314084531904 ], [ 83.967667385395657, 30.430373420329069 ], [ 83.967665662704505, 30.430380153743339 ], [ 83.967654701047067, 30.430410279787932 ], [ 83.967635045327526, 30.430487107233848 ], [ 83.96762319138854, 30.430565126845952 ], [ 83.967622099996134, 30.430586783769851 ], [ 83.967618995943297, 30.430607213846503 ], [ 83.967615034016873, 30.430685831849811 ], [ 83.967618994279917, 30.430764449915291 ], [ 83.967628920957978, 30.430829793801593 ], [ 83.96762901150413, 30.430830917516669 ], [ 83.967634607582568, 30.430880565149874 ], [ 83.967636647508215, 30.430894630838932 ], [ 83.967639354334366, 30.4309483659131 ], [ 83.967651206687947, 30.431026385706748 ], [ 83.967656555904668, 30.431042466151457 ], [ 83.967656513845156, 30.431046424207739 ], [ 83.967654735184198, 30.431057089851752 ], [ 83.967650936237803, 30.431132473432552 ], [ 83.967599965753607, 30.431166365043136 ], [ 83.967533012564658, 30.431219528853379 ], [ 83.967471661130858, 30.431277547004019 ], [ 83.967416378375603, 30.431339977949587 ], [ 83.967367585038758, 30.431406346560994 ], [ 83.967336299737838, 30.431458424247335 ], [ 83.967305813235981, 30.431507909072817 ], [ 83.967277358311165, 30.431562551043942 ], [ 83.9672655801091, 30.43158733395833 ], [ 83.967249930094667, 30.431622312268711 ], [ 83.967232039825134, 30.431668796220865 ], [ 83.967217088838723, 30.431716053428612 ], [ 83.96720884055614, 30.431745208365744 ], [ 83.967194717562691, 30.431803345265305 ], [ 83.967187434015599, 30.431844732753763 ], [ 83.967182374423743, 30.431886368522374 ], [ 83.967179547109183, 30.431916286500158 ], [ 83.967178273626615, 30.431943279935023 ], [ 83.967176950717274, 30.431951986862469 ], [ 83.967172988736493, 30.432030604849611 ], [ 83.967176949053723, 30.432109222898927 ], [ 83.967188801547636, 30.432187242678719 ], [ 83.967208456032083, 30.432264070409563 ], [ 83.967235762941527, 30.43233912138211 ], [ 83.967270514469575, 30.432411824408998 ], [ 83.96728596528105, 30.432437544672339 ], [ 83.967309518747783, 30.432486820404723 ], [ 83.967351450459759, 30.432556622165183 ], [ 83.967400243214485, 30.432622991419809 ], [ 83.967455525677707, 30.432685423051407 ], [ 83.967487143317499, 30.432715518438389 ], [ 83.967490630401642, 30.432719372048442 ], [ 83.967516635755501, 30.432745000492609 ], [ 83.967504914511707, 30.432822115872735 ], [ 83.967503689564012, 30.432846422416358 ], [ 83.967500052069795, 30.432866265762168 ], [ 83.96749545672516, 30.432878894875923 ], [ 83.967475800510542, 30.432955722292885 ], [ 83.967463946272957, 30.433033741875324 ], [ 83.967460637988552, 30.433099387761029 ], [ 83.967453470759878, 30.433151517692867 ], [ 83.967449989260871, 30.433180938081126 ], [ 83.96744107531751, 30.433270752011463 ], [ 83.967438708429498, 30.433300259619909 ], [ 83.967437856041016, 30.433314183007685 ], [ 83.96742678253473, 30.433387063879511 ], [ 83.967424318731176, 30.433447931533895 ], [ 83.967423422654889, 30.433465712195993 ], [ 83.967420958849203, 30.43352657984931 ], [ 83.967422397343682, 30.433555135609556 ], [ 83.96741820846492, 30.433582704881754 ], [ 83.967416815780382, 30.433615524910582 ], [ 83.96739837289725, 30.433692538892796 ], [ 83.96737897182787, 30.433746205906917 ], [ 83.967359315439353, 30.433823033313399 ], [ 83.967356063227783, 30.433844437803401 ], [ 83.967335424703649, 30.433909652942557 ], [ 83.96732175398266, 30.433938251377999 ], [ 83.967294445087958, 30.434013301916405 ], [ 83.967274788645796, 30.434090129319866 ], [ 83.967273295471401, 30.434099956647263 ], [ 83.967268649067876, 30.434112725920013 ], [ 83.967248992605818, 30.434189553322231 ], [ 83.967237138218835, 30.434267572889926 ], [ 83.967235387833483, 30.43430230513172 ], [ 83.967230956587628, 30.434339405632169 ], [ 83.967228190948362, 30.434385096977454 ], [ 83.967226785470487, 30.434430129966348 ], [ 83.967226404993866, 30.434454507849171 ], [ 83.96722776255379, 30.434500569081155 ], [ 83.967228211634207, 30.434505638033258 ], [ 83.967227677338229, 30.434516239849305 ], [ 83.967231637756001, 30.4345948578686 ], [ 83.967243490550473, 30.434672877618727 ], [ 83.967263145533181, 30.434749705320083 ], [ 83.96729045313505, 30.434824756264209 ], [ 83.967325205544185, 30.434897459263386 ], [ 83.967338121341854, 30.434918404357223 ], [ 83.967373118644161, 30.434990960257888 ], [ 83.967415051427452, 30.435060761991526 ], [ 83.967463845428824, 30.435127131220927 ], [ 83.967519129304435, 30.435189562828544 ], [ 83.967580482315455, 30.435247581664502 ], [ 83.967584691968526, 30.435250924258348 ], [ 83.967631827955557, 30.435295498659851 ], [ 83.967698783202948, 30.435348663157189 ], [ 83.967770831085275, 30.435396568694326 ], [ 83.96779289492865, 30.435408748826962 ], [ 83.967823689564469, 30.435427975686178 ], [ 83.967866614737929, 30.435453410876487 ], [ 83.967929480381457, 30.435487871582954 ], [ 83.96796929459525, 30.435508007416665 ], [ 83.967971158398768, 30.435509246681445 ], [ 83.968047750671204, 30.435551528659897 ], [ 83.968128304329525, 30.435587865281608 ], [ 83.968212206300763, 30.435617979996241 ], [ 83.968215926821358, 30.435618996497791 ], [ 83.96828523096103, 30.435649303566201 ], [ 83.968338201996772, 30.435678545644738 ], [ 83.968418755759359, 30.435714882265739 ], [ 83.968466107774375, 30.435731878178061 ], [ 83.968502606609178, 30.435748342261402 ], [ 83.968556983256804, 30.435767859496696 ], [ 83.968608170417895, 30.435790949256134 ], [ 83.96869207256286, 30.435821063969879 ], [ 83.968778684468418, 30.435844727579973 ], [ 83.968842968204982, 30.435857076735715 ], [ 83.968866865996816, 30.435863116877524 ], [ 83.968917179192204, 30.435874659071214 ], [ 83.968967777619341, 30.435885101163205 ], [ 83.96901870172978, 30.435894451138754 ], [ 83.969058030528572, 30.435900786232892 ], [ 83.969130307852339, 30.4359146709802 ], [ 83.96922034616621, 30.435924942554369 ], [ 83.969311075000078, 30.4359283751206 ], [ 83.969329306754403, 30.435927685354134 ], [ 83.969368430159463, 30.435932148553366 ], [ 83.969459159000081, 30.435935581119598 ], [ 83.969549887840699, 30.435932148553366 ], [ 83.969639926161136, 30.435921876979197 ], [ 83.969666810466592, 30.435917163286117 ], [ 83.969757622824048, 30.435914165555875 ], [ 83.969847661127972, 30.435903893981529 ], [ 83.969879608176882, 30.435897531387521 ], [ 83.969896058587167, 30.435898704483275 ], [ 83.969900416554665, 30.435898799933501 ], [ 83.969907090494644, 30.435900252993395 ], [ 83.969913057703764, 30.435902233016119 ], [ 83.969918709811523, 30.435904670849698 ], [ 83.969986959700464, 30.435923317678668 ], [ 83.970005492169889, 30.435927547145223 ], [ 83.970038976228977, 30.435934003856655 ], [ 83.970067548117115, 30.435943799953922 ], [ 83.970103849086101, 30.435954166746146 ], [ 83.970117701118156, 30.435959940219224 ], [ 83.970153031587728, 30.435975877232888 ], [ 83.970236933891144, 30.436005991945745 ], [ 83.970276870124309, 30.436016903074368 ], [ 83.970281364435721, 30.436018581635391 ], [ 83.970329489776773, 30.436035679778737 ], [ 83.970368361735936, 30.436048708940309 ], [ 83.970384772422605, 30.436053750411904 ], [ 83.970417728327007, 30.436063606624018 ], [ 83.970468728615359, 30.436081911936039 ], [ 83.970555340751318, 30.436105575545067 ], [ 83.970644003468834, 30.436122607951841 ], [ 83.970734041973671, 30.436132879525655 ], [ 83.970824771000096, 30.436136312091886 ], [ 83.970836369955308, 30.436135873266732 ], [ 83.970837619466295, 30.436135935359907 ], [ 83.970867897967693, 30.436139389524772 ], [ 83.970958627000158, 30.436142822091004 ], [ 83.971049356032623, 30.436139389524772 ], [ 83.971139394543485, 30.436129117950959 ], [ 83.971173566178791, 30.436122553465115 ], [ 83.971176287016917, 30.43612245052719 ], [ 83.971266325512161, 30.436112178953199 ], [ 83.97135498822027, 30.436095146546602 ], [ 83.971441600347163, 30.436071482937397 ], [ 83.971525502706527, 30.436041368224718 ], [ 83.971578077025029, 30.436017652800782 ], [ 83.971596448599243, 30.436010659037525 ], [ 83.971635195497825, 30.435994873235259 ], [ 83.971715819367986, 30.435965935234197 ], [ 83.971796373336815, 30.435929598614617 ], [ 83.971830186235337, 30.435910932623909 ], [ 83.971838823217041, 30.435907036617369 ], [ 83.971852818253467, 30.435899310829537 ], [ 83.971837812108518, 30.435957961364455 ], [ 83.971826939513775, 30.436029517962613 ], [ 83.971815920092311, 30.436059800989366 ], [ 83.971796263239639, 30.436136628368669 ], [ 83.971784408616926, 30.436214647913094 ], [ 83.971783148623132, 30.436239648995009 ], [ 83.971781772953861, 30.436246940500009 ], [ 83.971774022496348, 30.436291510439926 ], [ 83.971769201909567, 30.436322981134598 ], [ 83.971763266443403, 30.436367758088299 ], [ 83.971758821349511, 30.436410053329563 ], [ 83.971757656008535, 30.436425040718582 ], [ 83.971748661764337, 30.436484234916303 ], [ 83.971744699600237, 30.436562852848912 ], [ 83.971748660100602, 30.436641470843515 ], [ 83.971760513142527, 30.436719490569306 ], [ 83.971766677059904, 30.436743583674684 ], [ 83.971767327883299, 30.436756502842197 ], [ 83.97177918093908, 30.436834522566389 ], [ 83.971798836355219, 30.436911350242344 ], [ 83.971826144559458, 30.436986401161601 ], [ 83.971831507037564, 30.436997619362636 ], [ 83.971837607327075, 30.43701508845059 ], [ 83.97184914827767, 30.437044331712091 ], [ 83.971867246723434, 30.437087742999811 ], [ 83.971894559927406, 30.437146493607212 ], [ 83.971915675606382, 30.437187677758768 ], [ 83.971948264595667, 30.437245574420633 ], [ 83.971972718328573, 30.437285347590279 ], [ 83.97198993271671, 30.437312231835509 ], [ 83.972009991526974, 30.437341079701117 ], [ 83.972037658319209, 30.437379238885196 ], [ 83.972079423558824, 30.437432520444627 ], [ 83.972110162414552, 30.437468871639393 ], [ 83.972114826159853, 30.437474022665576 ], [ 83.972126944865366, 30.437490506033047 ], [ 83.972182230073955, 30.437552937618104 ], [ 83.972243584564509, 30.437610956433101 ], [ 83.972310541393739, 30.437664120911609 ], [ 83.972325730473869, 30.437674220078623 ], [ 83.972330257599296, 30.437677947437844 ], [ 83.972369214657675, 30.43770780364051 ], [ 83.972389740990849, 30.437723126905301 ], [ 83.972426637711905, 30.437748739765933 ], [ 83.972467954837441, 30.437776109963064 ], [ 83.972528592318085, 30.437813383164478 ], [ 83.972572058508192, 30.437838128351888 ], [ 83.972623167381954, 30.437865429382658 ], [ 83.972635605261303, 30.4378715534361 ], [ 83.972680998512061, 30.437893547610226 ], [ 83.972747137330387, 30.437922958362638 ], [ 83.972794226636537, 30.437942089519563 ], [ 83.972862628024913, 30.437967338295611 ], [ 83.972911173380382, 30.437983508432485 ], [ 83.972928653686111, 30.437989175688127 ], [ 83.972981488258213, 30.438004464564958 ], [ 83.973031241655704, 30.438017590678843 ], [ 83.973103060390841, 30.438034135592194 ], [ 83.973153767822154, 30.438044152680686 ], [ 83.973204391908055, 30.438053014688879 ], [ 83.973226807806881, 30.438056221439656 ], [ 83.973278210263402, 30.438063076501063 ], [ 83.973352040266136, 30.438070595532505 ], [ 83.973403876738672, 30.438074254565581 ], [ 83.973478144325242, 30.438077189040289 ], [ 83.973478892949686, 30.438077195431621 ], [ 83.973481223173351, 30.438077461257738 ], [ 83.973571954000107, 30.438080893822903 ], [ 83.973662684826877, 30.438077461257738 ], [ 83.973752725118359, 30.438067189686766 ], [ 83.973792674771815, 30.438059515378377 ], [ 83.973824636096154, 30.438055222688529 ], [ 83.973855187056856, 30.438050145916282 ], [ 83.973906112496365, 30.438040997835056 ], [ 83.973978348592752, 30.438025670742395 ], [ 83.974028390000399, 30.438013395635419 ], [ 83.9740991431417, 30.43799365005265 ], [ 83.974148914891089, 30.437978038805777 ], [ 83.974217000751594, 30.437954238908969 ], [ 83.974264516071983, 30.437935915757084 ], [ 83.974331325530741, 30.43790763367463 ], [ 83.974372763075962, 30.437888474502603 ], [ 83.97438513497849, 30.437884033993665 ], [ 83.974465690524013, 30.437847697384743 ], [ 83.974542284591095, 30.437805415421213 ], [ 83.974614334244279, 30.437757509901662 ], [ 83.974681291137287, 30.437704345423864 ], [ 83.974688795099539, 30.437697219224766 ], [ 83.974715467121996, 30.43767699873575 ], [ 83.974753861164956, 30.437646590532328 ], [ 83.974779671068333, 30.437625437370084 ], [ 83.974799959355906, 30.437608231839484 ], [ 83.974819699135239, 30.437595106918867 ], [ 83.974886655917402, 30.437541942439825 ], [ 83.97494102113231, 30.437490933347942 ], [ 83.975029885011224, 30.437474112362271 ], [ 83.975116498356883, 30.437450448758039 ], [ 83.975123337930142, 30.437447993894526 ], [ 83.975129819588375, 30.437446223042617 ], [ 83.975579305651493, 30.437351389120746 ], [ 83.975607385791932, 30.437348185784838 ], [ 83.975696049618264, 30.437331153381262 ], [ 83.975725696871805, 30.437323053452712 ], [ 83.975752324740071, 30.437320015788725 ], [ 83.97584098854081, 30.437302983385148 ], [ 83.975927601734938, 30.437279319780206 ], [ 83.9759521373539, 30.437271144297338 ], [ 83.975955918685685, 30.437270287256677 ], [ 83.976042071407079, 30.437254341391604 ], [ 83.976128684558404, 30.437230677786662 ], [ 83.976212587910226, 30.437200563079312 ], [ 83.976228404271779, 30.43719342866039 ], [ 83.976238410861995, 30.437189837080734 ], [ 83.976297162551461, 30.437163335460102 ], [ 83.976336141992206, 30.437147389787409 ], [ 83.976382631818595, 30.437127125330452 ], [ 83.976428499084321, 30.437105871160473 ], [ 83.976458091508292, 30.437091617475307 ], [ 83.976461591923538, 30.437089858410236 ], [ 83.976482084031105, 30.437079514329088 ], [ 83.976504400036504, 30.437067923518644 ], [ 83.976528491153701, 30.437055053419346 ], [ 83.976562275038191, 30.437036216073796 ], [ 83.97660546321957, 30.437011100884757 ], [ 83.976647948972797, 30.436985035894946 ], [ 83.976685735949275, 30.436960601983873 ], [ 83.976723151317955, 30.436939947519424 ], [ 83.976795200334834, 30.436892041993477 ], [ 83.97686215663667, 30.436838877508752 ], [ 83.976923510643701, 30.436780858686827 ], [ 83.976937025467095, 30.436765753930448 ], [ 83.977004059688653, 30.436712658520957 ], [ 83.977065413616629, 30.436654639698144 ], [ 83.977076439410951, 30.436642188552074 ], [ 83.97711546492657, 30.436611201530948 ], [ 83.97712813404344, 30.436599221075209 ], [ 83.977128928891275, 30.436598862534456 ], [ 83.977180680505114, 30.436570293896779 ], [ 83.977184541249727, 30.43656894932619 ], [ 83.977191551144429, 30.436566810496632 ], [ 83.977200702421854, 30.436564596092683 ], [ 83.977220665613842, 30.436559934977456 ] ] ], [ [ [ 78.057248644019339, 30.459944034138662 ], [ 78.057238417388774, 30.459934668620345 ], [ 78.057163278347645, 30.459866834046476 ], [ 78.057152900695314, 30.459857598218019 ], [ 78.057076650682788, 30.459790700644493 ], [ 78.057066132318823, 30.459781603195655 ], [ 78.056988788334806, 30.459715655622208 ], [ 78.056978104555441, 30.459706675400842 ], [ 78.056899679600022, 30.459641691826942 ], [ 78.056888864804023, 30.459632857773276 ], [ 78.056809377876945, 30.459568851198657 ], [ 78.056798408192762, 30.459560143612183 ], [ 78.05671787329419, 30.459497127036403 ], [ 78.056706763066074, 30.459488557592049 ], [ 78.056625197195928, 30.45942654401502 ], [ 78.056613946291179, 30.459418112562684 ], [ 78.056531366449377, 30.459357114983963 ], [ 78.056525084777476, 30.45935251202879 ], [ 78.056519981211025, 30.459348826180186 ], [ 78.056436404397104, 30.45928885659924 ], [ 78.056424873569441, 30.459280702452194 ], [ 78.056340315783601, 30.459221773868936 ], [ 78.056328666789298, 30.459213773619762 ], [ 78.056243147031267, 30.459155897033749 ], [ 78.056231359239007, 30.459148036299464 ], [ 78.056144893508616, 30.459091223710342 ], [ 78.05613298329429, 30.459083513476823 ], [ 78.056045589591349, 30.459027775883971 ], [ 78.05603354247782, 30.459020206921092 ], [ 78.055945238801982, 30.4589655573246 ], [ 78.055933071954001, 30.458958140619483 ], [ 78.055843875305001, 30.458904589018818 ], [ 78.055831587419803, 30.458897323668719 ], [ 78.055741517797472, 30.458844882063705 ], [ 78.055729122637374, 30.458837775902534 ], [ 78.055638198041166, 30.458786453292728 ], [ 78.055625668279404, 30.458779490849128 ], [ 78.05553390570924, 30.458729299234175 ], [ 78.055521274137718, 30.458722498914756 ], [ 78.055428694593147, 30.45867344829448 ], [ 78.055415952231144, 30.458666804961485 ], [ 78.055322572711731, 30.458618904335619 ], [ 78.055312669878333, 30.458613888120976 ], [ 78.05530971605981, 30.458612416315898 ], [ 78.055215556565386, 30.458565676683822 ], [ 78.055202602177957, 30.458559352286638 ], [ 78.055107680707991, 30.458513781648353 ], [ 78.055094615603792, 30.458507614530692 ], [ 78.054998953157821, 30.458463223885754 ], [ 78.05498579464053, 30.458457222236799 ], [ 78.054889410218124, 30.458414019584854 ], [ 78.054876153761924, 30.458408181184158 ], [ 78.05477906736256, 30.458366175525118 ], [ 78.054765709029994, 30.458360498808066 ], [ 78.054667939653214, 30.458319699141665 ], [ 78.054654483131984, 30.4583141859713 ], [ 78.054556050777279, 30.458274601297095 ], [ 78.054542523482965, 30.458269262616842 ], [ 78.054443448149968, 30.458230898934655 ], [ 78.054429826257731, 30.458225725098718 ], [ 78.054330128945452, 30.458188591408284 ], [ 78.054316417874247, 30.458183584767671 ], [ 78.054216118582531, 30.458147689068635 ], [ 78.054202337409521, 30.458142856464274 ], [ 78.054101456137658, 30.45810820475646 ], [ 78.054087585579623, 30.458103539426826 ], [ 78.053986154327063, 30.458070143710056 ], [ 78.053972324676224, 30.458065687256006 ], [ 78.053872303810138, 30.458034157719336 ], [ 78.053865412039613, 30.458032008975575 ], [ 78.053862357062187, 30.458031066983491 ], [ 78.053855158275908, 30.458028872976914 ], [ 78.053753699052123, 30.457998312238797 ], [ 78.053739620880606, 30.457994169082045 ], [ 78.053636620682013, 30.457964565337168 ], [ 78.053622464739647, 30.457960593750908 ], [ 78.05351898655789, 30.457932267996011 ], [ 78.053504776888715, 30.457928474739102 ], [ 78.053400842723079, 30.457901431974097 ], [ 78.053386563909925, 30.457897812884536 ], [ 78.053282193759543, 30.457872059109246 ], [ 78.05326786364094, 30.45786861873184 ], [ 78.053163080505172, 30.457844158946177 ], [ 78.053148691649014, 30.457840895428543 ], [ 78.053043515527335, 30.45781773463224 ], [ 78.053029072748984, 30.457814649166668 ], [ 78.052923525640509, 30.457792792359637 ], [ 78.052909026623055, 30.457789884616435 ], [ 78.052803129527163, 30.45776933679841 ], [ 78.052788597497894, 30.457766611307289 ], [ 78.052682372413884, 30.457747375478004 ], [ 78.052667786096308, 30.457744828196862 ], [ 78.052561255023448, 30.457726909356406 ], [ 78.052546646278842, 30.457724545710594 ], [ 78.052439831216262, 30.45770794585879 ], [ 78.052436787365409, 30.457707476860261 ], [ 78.052425153993624, 30.457705758644114 ], [ 78.052318074940629, 30.457690483780784 ], [ 78.052303400154443, 30.457688483451815 ], [ 78.052196081110125, 30.457674533576959 ], [ 78.052181339256336, 30.457672710631254 ], [ 78.052073801220089, 30.457660091744874 ], [ 78.052059057741999, 30.457658454440004 ], [ 78.051951321712835, 30.457647166541744 ], [ 78.051936536499781, 30.457645710221346 ], [ 78.051828626477175, 30.457635757311028 ], [ 78.051813830825893, 30.457634485136484 ], [ 78.05170615880526, 30.457625899214111 ], [ 78.051693943319393, 30.457624987928664 ], [ 78.051623908958504, 30.457620122972582 ], [ 78.05161650498934, 30.457619631664254 ], [ 78.051577233348112, 30.457617147686786 ], [ 78.051567193809845, 30.457616554909581 ], [ 78.051459609794904, 30.457610654963094 ], [ 78.051444751475344, 30.457609932436522 ], [ 78.051336360470202, 30.457605334478242 ], [ 78.051321507808879, 30.457604796462565 ], [ 78.051213052806204, 30.457601539492227 ], [ 78.051198177587992, 30.457601184949521 ], [ 78.051089679587008, 30.457599270966949 ], [ 78.051074804513931, 30.457599100637598 ], [ 78.050966286513471, 30.457598529642791 ], [ 78.050959962000121, 30.457598513002768 ], [ 78.050951411396696, 30.457598543418616 ], [ 78.050842894396325, 30.457599315411574 ], [ 78.050828030345713, 30.457599513085807 ], [ 78.050719537344463, 30.457601627066619 ], [ 78.050704662218266, 30.457602009055105 ], [ 78.050596215215066, 30.457605466023683 ], [ 78.050581350725693, 30.45760603201094 ], [ 78.050472972720101, 30.45761083096755 ], [ 78.050458135563886, 30.457611579958641 ], [ 78.050349857554934, 30.457617717903016 ], [ 78.050335083215487, 30.457618646888083 ], [ 78.050229027183093, 30.457625972821898 ], [ 78.050221731629591, 30.457626499133159 ], [ 78.050218500657834, 30.457626742131136 ], [ 78.050210908024113, 30.457627337433966 ], [ 78.050103964996168, 30.457636064355373 ], [ 78.050089163274009, 30.457637364708798 ], [ 78.049981278250428, 30.457647517617179 ], [ 78.049966515256756, 30.45764899935973 ], [ 78.049858807226528, 30.457660485256408 ], [ 78.049844041088178, 30.457662152841944 ], [ 78.049736535050684, 30.457674971726743 ], [ 78.04972182757011, 30.457676818164057 ], [ 78.049614542524552, 30.457690965037241 ], [ 78.049599854415874, 30.457692994934558 ], [ 78.049492814361358, 30.457708467796127 ], [ 78.049483375630501, 30.457709870860459 ], [ 78.049478151690991, 30.457710680736181 ], [ 78.049371376626823, 30.457727477586136 ], [ 78.049356765048216, 30.457729869628256 ], [ 78.049250278973673, 30.457747985466863 ], [ 78.049235703934542, 30.457750558825811 ], [ 78.04912952684893, 30.457769990653336 ], [ 78.049114995554362, 30.457772744145171 ], [ 78.049009149456793, 30.457793487961613 ], [ 78.048994661787233, 30.457796421675685 ], [ 78.048889168676993, 30.457818473481222 ], [ 78.048874734945983, 30.457821585312903 ], [ 78.048769616822355, 30.457844940107801 ], [ 78.048755240011317, 30.457848229251514 ], [ 78.048650848870793, 30.45787280403621 ], [ 78.048638720073086, 30.457875727604797 ], [ 78.048566919657702, 30.457893440450032 ], [ 78.048562006314725, 30.4578946638531 ], [ 78.048530456591706, 30.457902592297135 ], [ 78.04843049960715, 30.457927714047504 ], [ 78.048330558462908, 30.457952832068411 ], [ 78.048230617657936, 30.457977949752699 ], [ 78.048130680840544, 30.458003066434944 ], [ 78.048030738696383, 30.458028183455763 ], [ 78.047930798955448, 30.458053300872532 ], [ 78.047830859735171, 30.458078417158649 ], [ 78.047730912264257, 30.458103535518131 ], [ 78.047630970120096, 30.458128653539038 ], [ 78.04753103330269, 30.458153769221195 ], [ 78.047431091158359, 30.458178886242013 ], [ 78.047331149014369, 30.45820400326301 ], [ 78.047231208209055, 30.458229119947386 ], [ 78.047131265064976, 30.458254236968205 ], [ 78.047031325939557, 30.458279353230342 ], [ 78.046980881045428, 30.458292030054555 ], [ 78.04693968486616, 30.458302285982572 ], [ 78.046851392010296, 30.458323623056014 ], [ 78.046764627752651, 30.458343739697877 ], [ 78.046677624869886, 30.45836306484949 ], [ 78.046590399207631, 30.458381593288539 ], [ 78.046502943404676, 30.458399327048777 ], [ 78.046415282051299, 30.458416262190244 ], [ 78.046327424155947, 30.458432395221866 ], [ 78.046239364514236, 30.458447728113267 ], [ 78.046151130368557, 30.458462256746142 ], [ 78.046062727951252, 30.458475978386321 ], [ 78.045974156572044, 30.458488894487044 ], [ 78.045885431310595, 30.458501002419656 ], [ 78.045796570742624, 30.45851230026285 ], [ 78.045707579224114, 30.458522785999218 ], [ 78.04561846273748, 30.458532460174279 ], [ 78.045529231332281, 30.45854132083937 ], [ 78.045439890491252, 30.458549368431829 ], [ 78.045350469530121, 30.458556600354623 ], [ 78.045260961715627, 30.458563015350801 ], [ 78.045171377639292, 30.458568615080193 ], [ 78.045081735855874, 30.458573396391717 ], [ 78.044992033197602, 30.458577360756554 ], [ 78.044902293990063, 30.458580506718089 ], [ 78.044812517930765, 30.458582833760648 ], [ 78.044722721899717, 30.458584342585713 ], [ 78.04463291089894, 30.458585031506455 ], [ 78.044543095848255, 30.458584902277384 ], [ 78.044458761548185, 30.458584035912804 ], [ 78.044447813882826, 30.458583870326681 ], [ 78.044435113290248, 30.458583711793406 ], [ 78.04436349278393, 30.458582185740166 ], [ 78.044273732632263, 30.458579599546685 ], [ 78.044184001923526, 30.458576194092988 ], [ 78.044094317934764, 30.458571971341595 ], [ 78.04400469586713, 30.458566930796014 ], [ 78.04391513157745, 30.458561072440791 ], [ 78.043825646329978, 30.458554398746838 ], [ 78.043736250475519, 30.458546909061877 ], [ 78.043646951983547, 30.458538604836658 ], [ 78.043557759584829, 30.458529486147743 ], [ 78.043468674262783, 30.458519553612415 ], [ 78.043379716273179, 30.458508810311944 ], [ 78.043290904637445, 30.458497257376802 ], [ 78.043202227248287, 30.458484892846425 ], [ 78.043113706042988, 30.458471721752698 ], [ 78.043025356747108, 30.45845774442709 ], [ 78.042937181603122, 30.458442962126551 ], [ 78.042849183070032, 30.458427374572725 ], [ 78.042761383445935, 30.458410987512483 ], [ 78.04267378923565, 30.458393799670755 ], [ 78.04258640099394, 30.458375813275804 ], [ 78.042499249210366, 30.458357033890646 ], [ 78.042412324407906, 30.458337458128302 ], [ 78.042325635535462, 30.45831709032699 ], [ 78.042239205947354, 30.458295934567889 ], [ 78.042153039635579, 30.458273992183447 ], [ 78.042067142657345, 30.458251264226508 ], [ 78.04198152698261, 30.458227754580012 ], [ 78.041896199713449, 30.458203464504638 ], [ 78.041811172258335, 30.458178398258493 ], [ 78.041726457225124, 30.458152558486749 ], [ 78.041642058713649, 30.458125947020829 ], [ 78.041557992014091, 30.458098568559375 ], [ 78.041474257687952, 30.458070422749959 ], [ 78.04139086736113, 30.458041514875998 ], [ 78.041307840561302, 30.45801185077389 ], [ 78.041225180003252, 30.457981430932666 ], [ 78.041142887300651, 30.457950256489372 ], [ 78.041060979173437, 30.457918334258824 ], [ 78.040979464550645, 30.457885666790094 ], [ 78.040898348668819, 30.457852257226623 ], [ 78.040817649327209, 30.45781811210718 ], [ 78.040737367783123, 30.457783231800004 ], [ 78.040657511954691, 30.457747620273299 ], [ 78.040578090817817, 30.457711281460096 ], [ 78.040499118672201, 30.457674222298134 ], [ 78.04042060208306, 30.457636444873568 ], [ 78.040342551361434, 30.457597955215174 ], [ 78.040264971335304, 30.457558754004541 ], [ 78.040187730516223, 30.457518775281454 ], [ 78.040111044008597, 30.457478145421977 ], [ 78.040022207766583, 30.457430549021911 ], [ 78.039933703306644, 30.457383130911939 ], [ 78.039845202084649, 30.457335714001008 ], [ 78.039756700862654, 30.457288297090255 ], [ 78.039668198403078, 30.457240878980461 ], [ 78.039579692705018, 30.457193459671448 ], [ 78.039491189245169, 30.457146041561476 ], [ 78.039402688023173, 30.457098624650722 ], [ 78.039314187801438, 30.457051207739969 ], [ 78.039225687280577, 30.457003790668988 ], [ 78.039137183820543, 30.456956371559105 ], [ 78.039048679421541, 30.456908952410142 ], [ 78.038960181138705, 30.456861536538202 ], [ 78.038871678678944, 30.456814117428497 ], [ 78.038783176219184, 30.456766699318703 ], [ 78.038694677936164, 30.456719282446851 ], [ 78.038606171299122, 30.456671861098759 ], [ 78.038517668374496, 30.456624442739919 ], [ 78.038429173794654, 30.456577027316332 ], [ 78.038340671334893, 30.456529608206449 ], [ 78.038252169874681, 30.456482189096388 ], [ 78.03816366741475, 30.456434769986505 ], [ 78.038075168193103, 30.45638735207584 ], [ 78.037986666733076, 30.456339932965957 ], [ 78.037898165273404, 30.456292513856074 ], [ 78.037809663813562, 30.45624509474619 ], [ 78.03772116235335, 30.45619767563613 ], [ 78.037689344997844, 30.456180627886962 ], [ 78.037679685869776, 30.456117070845554 ], [ 78.037660025006971, 30.456040243701796 ], [ 78.037632709971049, 30.455965193417054 ], [ 78.037597948661301, 30.455892491164835 ], [ 78.03755600564584, 30.455822690247079 ], [ 78.03750720014736, 30.45575632188454 ], [ 78.03745190361289, 30.455693891172917 ], [ 78.037390536887855, 30.455635873240059 ], [ 78.037323567011285, 30.455582709629301 ], [ 78.0372515036631, 30.455534804939663 ], [ 78.037174895283556, 30.455492523746894 ], [ 78.037160635866798, 30.455485520589729 ], [ 78.037152061914043, 30.455481386622427 ], [ 78.037139040985181, 30.455475213422876 ], [ 78.037038240566147, 30.45542822979824 ], [ 78.037025094823875, 30.455422206958414 ], [ 78.036923530429647, 30.455376475326599 ], [ 78.03691027845413, 30.455370612135066 ], [ 78.036807970084354, 30.455326142495718 ], [ 78.036794635923016, 30.455320449480769 ], [ 78.036691605577161, 30.455277249833532 ], [ 78.036678161607142, 30.455271715295371 ], [ 78.036574428284766, 30.455229795640069 ], [ 78.036560917790354, 30.455224437263748 ], [ 78.036456505490563, 30.455183804600114 ], [ 78.03644288512902, 30.45517860518304 ], [ 78.036337812851556, 30.45513926951072 ], [ 78.036328140726411, 30.455135719420188 ], [ 78.036335547173962, 30.455086977618127 ], [ 78.036339508419516, 30.455008359845746 ], [ 78.036335545508621, 30.454929742135715 ], [ 78.036323688620712, 30.454851722815288 ], [ 78.036304028012097, 30.454774895656609 ], [ 78.036276713328959, 30.454699845357478 ], [ 78.036241952468458, 30.454627143090871 ], [ 78.036200009994971, 30.454557342159614 ], [ 78.036151205127084, 30.454490973784107 ], [ 78.036095909307249, 30.454428543060583 ], [ 78.03603454337501, 30.454370525116357 ], [ 78.035967574363866, 30.454317361495296 ], [ 78.035895511946677, 30.454269456796244 ], [ 78.03581890455709, 30.454227175595303 ], [ 78.035738335215669, 30.454190839670456 ], [ 78.035654417092559, 30.45416072555339 ], [ 78.035585372876525, 30.454141287736167 ], [ 78.03546391586336, 30.454111106999324 ], [ 78.03544959296849, 30.454107643615078 ], [ 78.035327651972523, 30.454078968866103 ], [ 78.035313266160344, 30.454075681418278 ], [ 78.035190863180858, 30.454048518656993 ], [ 78.035176435550028, 30.454045411895745 ], [ 78.035053598586146, 30.454019766122062 ], [ 78.035039101315022, 30.454016834232132 ], [ 78.03491585336576, 30.453992712445608 ], [ 78.034901329873833, 30.453989964194736 ], [ 78.034777697938566, 30.453967369395283 ], [ 78.034763123390775, 30.453964799822639 ], [ 78.034639130468364, 30.453943737010167 ], [ 78.034624509856258, 30.453941347235745 ], [ 78.034500181945987, 30.453921821410166 ], [ 78.034495262374563, 30.4539210593442 ], [ 78.034485534773623, 30.453919614504219 ], [ 78.03436089887451, 30.45390162866509 ], [ 78.034346202451047, 30.453899601265686 ], [ 78.034221282562399, 30.453883160413273 ], [ 78.034206566316399, 30.453881316623619 ], [ 78.034081387437041, 30.453866422757567 ], [ 78.03406663747171, 30.453864760698455 ], [ 78.033942441590042, 30.453851546817443 ], [ 78.033929292543391, 30.453850221265331 ], [ 78.033833170412692, 30.453841067347884 ], [ 78.033776372542277, 30.453837017710459 ], [ 78.033719404000223, 30.453835666481996 ], [ 78.033628658574827, 30.453839098975752 ], [ 78.033538603758061, 30.453849370334272 ], [ 78.033449924902868, 30.453866402388794 ], [ 78.033363296891977, 30.453890065518205 ], [ 78.033279379000675, 30.453920179636516 ], [ 78.033198809881824, 30.453956515562783 ], [ 78.033122202703979, 30.453998796765678 ], [ 78.033050140485926, 30.454046701466506 ], [ 78.032983171659879, 30.454099865089876 ], [ 78.032921805897274, 30.454157883036412 ], [ 78.032866510230392, 30.454220313762779 ], [ 78.032817705497152, 30.45428668214095 ], [ 78.032788725788564, 30.454334910491863 ], [ 78.032729280113344, 30.454337159044318 ], [ 78.032639224838633, 30.454347430402304 ], [ 78.03255054553243, 30.454364462455406 ], [ 78.032463917080818, 30.454388125582863 ], [ 78.032379998762835, 30.454418239699041 ], [ 78.032299429234357, 30.454454575622645 ], [ 78.032222821666778, 30.454496856822164 ], [ 78.032150759082441, 30.45454476151944 ], [ 78.032083789915688, 30.454597925138724 ], [ 78.032022423840985, 30.454655943080819 ], [ 78.031967127892713, 30.454718373802212 ], [ 78.031918322911508, 30.454784742175409 ], [ 78.031876380340663, 30.454854543104179 ], [ 78.031844232292883, 30.454921780519815 ], [ 78.031827916899047, 30.454923289524469 ], [ 78.031813141148831, 30.454924748653287 ], [ 78.031705414119401, 30.454936062551372 ], [ 78.031690649539968, 30.454937706040095 ], [ 78.031583120503271, 30.454950352926478 ], [ 78.031568413411023, 30.454952175345138 ], [ 78.03146110236635, 30.454966150219906 ], [ 78.03144639157874, 30.454968159271676 ], [ 78.031339323525472, 30.454983462134653 ], [ 78.031328004661219, 30.454985135489085 ], [ 78.031324682674267, 30.454985647760555 ], [ 78.031217876611251, 30.455002272612095 ], [ 78.031203245782265, 30.455004643608472 ], [ 78.031096724708874, 30.455022589448664 ], [ 78.031082148240131, 30.455025138893053 ], [ 78.030975934155677, 30.455044400722162 ], [ 78.030961390623077, 30.455047132300859 ], [ 78.03085550552683, 30.455067707118619 ], [ 78.030841018134922, 30.455070616491806 ], [ 78.030735483026092, 30.455092499298662 ], [ 78.030721051847166, 30.455095586130252 ], [ 78.030615887725133, 30.455118771926468 ], [ 78.0306014897767, 30.455122041376956 ], [ 78.030496718640762, 30.455146527162444 ], [ 78.030482397662752, 30.45514996924906 ], [ 78.03037804051192, 30.455175748024086 ], [ 78.030363750231501, 30.455179373989036 ], [ 78.030259830065333, 30.455206442753866 ], [ 78.030245631887951, 30.455210236946382 ], [ 78.030142167705662, 30.455238587701015 ], [ 78.03012800323198, 30.455242565718397 ], [ 78.030025017033026, 30.455272195463454 ], [ 78.030010949033112, 30.455276339691704 ], [ 78.029908461816703, 30.455307239427096 ], [ 78.029894506638712, 30.455311543545225 ], [ 78.029792473319674, 30.455343730112947 ], [ 78.029778538190186, 30.455348223852905 ], [ 78.02967711193719, 30.455381647569322 ], [ 78.029663238153461, 30.455386318100484 ], [ 78.029562584879301, 30.455420921808649 ], [ 78.029550217188785, 30.455425253356569 ], [ 78.029470989749072, 30.455453514119544 ], [ 78.029465504114896, 30.455455486737346 ], [ 78.0294450724342, 30.45546289316162 ], [ 78.029349090302617, 30.455497684449693 ], [ 78.02925309603657, 30.455532480498935 ], [ 78.029157102551594, 30.455567275902293 ], [ 78.029061105504297, 30.455602072597241 ], [ 78.02896511123808, 30.455636868646305 ], [ 78.028869117753445, 30.455671664049841 ], [ 78.028773122487308, 30.455706460098906 ], [ 78.028677127220817, 30.455741256148148 ], [ 78.028581136869505, 30.455776050415881 ], [ 78.028485141603369, 30.455810845465034 ], [ 78.028389148958254, 30.455845640564103 ], [ 78.028293156767162, 30.455880434136038 ], [ 78.028197154804872, 30.455915231612405 ], [ 78.028101161320251, 30.455950027015941 ], [ 78.028005169968495, 30.455984820283586 ], [ 78.027909174702359, 30.456019615332917 ], [ 78.027813178436304, 30.45605441038207 ], [ 78.027717183170168, 30.456089205431045 ], [ 78.027621186903943, 30.456124000480198 ], [ 78.027525191637807, 30.456158795529529 ], [ 78.027429202067921, 30.456193588151468 ], [ 78.027333205801511, 30.45622838220071 ], [ 78.027237209535471, 30.456263177249863 ], [ 78.027141213269601, 30.456297971298927 ], [ 78.027045217003376, 30.45633276634808 ], [ 78.02694922565162, 30.456367558615991 ], [ 78.026853224470742, 30.456402354446563 ], [ 78.026757223876956, 30.45643715106424 ], [ 78.026661237634542, 30.456471941117744 ], [ 78.026565241368317, 30.456506735166986 ], [ 78.026469244102529, 30.45654152921605 ], [ 78.026373247836304, 30.456576323265114 ], [ 78.026277253120838, 30.456611116389762 ], [ 78.026181259218589, 30.456645908582178 ], [ 78.026085258819137, 30.456680703767045 ], [ 78.025989264686501, 30.456715496680307 ], [ 78.025893268420447, 30.456750289729637 ], [ 78.025797272935648, 30.456785083132996 ], [ 78.025701280584158, 30.456819874400995 ], [ 78.025605278403376, 30.456854669231479 ], [ 78.025509277879934, 30.45688946446111 ], [ 78.025413288785742, 30.456924254548365 ], [ 78.025317293300759, 30.45695904695199 ], [ 78.025221295034541, 30.456993840001143 ], [ 78.025125295987252, 30.457028633696002 ], [ 78.025029300502624, 30.457063426099271 ], [ 78.0249333071514, 30.457098217367271 ], [ 78.024837309884902, 30.457133009416335 ], [ 78.024741311619039, 30.457167802465488 ], [ 78.024645314353251, 30.457202594514552 ], [ 78.024549320541951, 30.457237385948996 ], [ 78.024453319601776, 30.457272178967418 ], [ 78.024357318881343, 30.457306972905993 ], [ 78.024261327203092, 30.45734176293001 ], [ 78.024165330718375, 30.457376554333546 ], [ 78.024069332452328, 30.45741134638261 ], [ 78.023973334185925, 30.457446138431852 ], [ 78.023877337701379, 30.457480929835388 ], [ 78.023781338435242, 30.457515721884452 ], [ 78.023685338387693, 30.457550514579221 ], [ 78.023589340649579, 30.457585306436972 ], [ 78.023493347551479, 30.457620095250757 ], [ 78.023397350004501, 30.457654887039407 ], [ 78.023301350019651, 30.457689678348974 ], [ 78.023205353564421, 30.457724469741674 ], [ 78.023109352487111, 30.457759261447368 ], [ 78.023013359475001, 30.457794051592355 ], [ 78.022917361651082, 30.457828842118726 ], [ 78.022821362384775, 30.457863633167879 ], [ 78.022725363118994, 30.457898424217031 ], [ 78.022629363852857, 30.457933215266184 ], [ 78.022533364586536, 30.457968006315337 ], [ 78.022437370235579, 30.458002795583337 ], [ 78.022341370969443, 30.4580375856324 ], [ 78.022245366788127, 30.458072378462884 ], [ 78.022149378318687, 30.458107165599255 ], [ 78.022053373952275, 30.458141957134242 ], [ 78.021957370806049, 30.458176749589736 ], [ 78.021861379335093, 30.458211536451483 ], [ 78.021765375153961, 30.4582463282817 ], [ 78.021669374887907, 30.458281119330852 ], [ 78.021573380536594, 30.458315907598763 ], [ 78.0214773820517, 30.458350697002476 ], [ 78.021381381785474, 30.458385487051718 ], [ 78.021285379738273, 30.45842027774631 ], [ 78.02118938611207, 30.458455065751497 ], [ 78.021093386902422, 30.458489854417845 ], [ 78.020997381721202, 30.45852464624824 ], [ 78.020901388151657, 30.458559433870445 ], [ 78.020805386885172, 30.458594222919775 ], [ 78.020709384837787, 30.458629013614367 ], [ 78.020613389487096, 30.458663800882189 ], [ 78.020517386086851, 30.458698591067144 ], [ 78.020421384820892, 30.458733381116385 ], [ 78.020325389469662, 30.458768168384207 ], [ 78.020229388203703, 30.458802957433537 ], [ 78.020133387937662, 30.458837746482512 ], [ 78.020037388452678, 30.458872534886137 ], [ 78.019941390320383, 30.458907322799842 ], [ 78.019845390054343, 30.458942110848906 ], [ 78.019749385654535, 30.458976901033505 ], [ 78.019653390738341, 30.459011687781565 ], [ 78.019557388037086, 30.459046476350746 ], [ 78.019461386770942, 30.459081265400076 ], [ 78.019365385505338, 30.459116053448962 ], [ 78.019269387639682, 30.459150841265856 ], [ 78.019173388669316, 30.459185628120675 ], [ 78.019077385622026, 30.459220416815267 ], [ 78.018981386137042, 30.45925520421898 ], [ 78.018885383870639, 30.459289992268221 ], [ 78.01878938260468, 30.459324780317463 ], [ 78.018693380338803, 30.459359568366526 ], [ 78.018597379072673, 30.45939435641559 ], [ 78.01850138350278, 30.45942914203815 ], [ 78.018405379455572, 30.459463929732653 ], [ 78.018309384411666, 30.459498715527165 ], [ 78.018213377704541, 30.459533504185696 ], [ 78.018117375438493, 30.45956829223476 ], [ 78.018021378087624, 30.459603077502759 ], [ 78.017925370906227, 30.459637866333065 ], [ 78.017829368640179, 30.459672654382128 ], [ 78.017733373070456, 30.459707439004777 ], [ 78.017637369804319, 30.45974222605393 ], [ 78.017541365757126, 30.459777013748432 ], [ 78.017445366187047, 30.459811799820766 ], [ 78.017349366921451, 30.459846584420145 ], [ 78.017253359739868, 30.45988137325045 ], [ 78.017157356473902, 30.459916160299603 ], [ 78.017061360747164, 30.459950944979273 ], [ 78.016965362553236, 30.45998572919034 ], [ 78.016869354371735, 30.460020517020734 ], [ 78.016773349324978, 30.460055304715059 ], [ 78.016677351974295, 30.460090088983147 ], [ 78.016581345573769, 30.460124876168013 ], [ 78.01648533855473, 30.460159664576967 ], [ 78.01638934395686, 30.460194447485254 ], [ 78.016293342471869, 30.460229232888967 ], [ 78.016197361710397, 30.460264010421465 ], [ 78.016184038432812, 30.460268837310576 ], [ 78.016114773924187, 30.460293571207107 ], [ 78.016033160672919, 30.460321773710373 ], [ 78.015951822775264, 30.460348864850904 ], [ 78.01587009991816, 30.460375073317234 ], [ 78.015788001417533, 30.460400395944252 ], [ 78.015705550327496, 30.46042482613279 ], [ 78.015622751369222, 30.460448361278889 ], [ 78.015539614229567, 30.460470999907994 ], [ 78.01545616485096, 30.460492734420672 ], [ 78.015372409571796, 30.460513562739653 ], [ 78.015288353966653, 30.460533483617755 ], [ 78.015204011096372, 30.46055249475442 ], [ 78.015119412328019, 30.460570589000167 ], [ 78.015034559442768, 30.460587764543288 ], [ 78.014949453742332, 30.46060402258993 ], [ 78.014864127155292, 30.460619357045235 ], [ 78.01477858913205, 30.460633765195286 ], [ 78.01469284909102, 30.460647246085468 ], [ 78.014606919713103, 30.460659797263165 ], [ 78.014520812423086, 30.460671417791882 ], [ 78.014434544164061, 30.46068210485485 ], [ 78.014348130063652, 30.460691857229758 ], [ 78.014279985630097, 30.460698798133077 ], [ 78.014270101081806, 30.460685357275228 ], [ 78.014214801763785, 30.460622926611034 ], [ 78.014153431949495, 30.460564908722052 ], [ 78.01408645870174, 30.460511745151617 ], [ 78.014014391725709, 30.460463840498218 ], [ 78.013937779489865, 30.460421559337423 ], [ 78.013857205051551, 30.460385223447215 ], [ 78.013773281619962, 30.460355109358925 ], [ 78.013686647889202, 30.460331446252962 ], [ 78.013597963179308, 30.460314414215492 ], [ 78.013507902416734, 30.460304142867098 ], [ 78.013417151000041, 30.460300710376718 ], [ 78.01334443333792, 30.460302912723645 ], [ 78.013339206385893, 30.46030322972074 ], [ 78.013321808488556, 30.46030441184163 ], [ 78.013204315558681, 30.460313253761715 ], [ 78.01318702983454, 30.4603146804841 ], [ 78.013069722898109, 30.460325218389048 ], [ 78.013052486529688, 30.460326892566645 ], [ 78.012935399585103, 30.460339121456546 ], [ 78.012918186488022, 30.460341045443737 ], [ 78.012801349534399, 30.460354963318768 ], [ 78.01278417422931, 30.460357135777247 ], [ 78.012667622265141, 30.460372738637229 ], [ 78.012650499467199, 30.460375157556694 ], [ 78.012534263491517, 30.460392440402249 ], [ 78.012529593675694, 30.460393144226092 ], [ 78.012517180621288, 30.460395107574332 ], [ 78.012401293633104, 30.460414066405104 ], [ 78.01238427361055, 30.460416978246538 ], [ 78.012268766608372, 30.46043760706306 ], [ 78.012251794444254, 30.460440766168926 ], [ 78.012136701427352, 30.460463059971463 ], [ 78.012119803854418, 30.460466461343625 ], [ 78.012005154821566, 30.460490413132266 ], [ 78.011988309066027, 30.46049406145853 ], [ 78.01187413601599, 30.460519666233719 ], [ 78.011857375785809, 30.460523554281291 ], [ 78.011743712717688, 30.460550803042938 ], [ 78.011727029909849, 30.460554932382298 ], [ 78.0116139058225, 30.460583818130846 ], [ 78.011597303347017, 30.460588188067259 ], [ 78.011489936198601, 30.460617296815204 ], [ 78.011444803378637, 30.460630522394592 ], [ 78.011360879710793, 30.460660636481816 ], [ 78.011280305045815, 30.460696972370425 ], [ 78.011203692594492, 30.460739253529443 ], [ 78.011131625415786, 30.460787158180711 ], [ 78.011064651979737, 30.460840321749014 ], [ 78.011003281992785, 30.460898339635509 ], [ 78.010947982519156, 30.460960770297039 ], [ 78.010899174426299, 30.461027138606642 ], [ 78.010857229181511, 30.461096939468444 ], [ 78.01082246602401, 30.461169641662753 ], [ 78.010804293482039, 30.461219569506746 ], [ 78.010783009396349, 30.461216818591073 ], [ 78.010742443264206, 30.461212279169256 ], [ 78.010667911938739, 30.461205225232977 ], [ 78.010620783197652, 30.461201701123262 ], [ 78.010559986754402, 30.46119835815345 ], [ 78.010518382473137, 30.461196793306531 ], [ 78.010458045028585, 30.46119557031771 ], [ 78.010433688000191, 30.461195323500387 ], [ 78.010416400944848, 30.461195447819964 ], [ 78.010356055500651, 30.46119631581222 ], [ 78.010314411745185, 30.46119763724727 ], [ 78.010254154297613, 30.461200596220426 ], [ 78.010212649279879, 30.461203356302367 ], [ 78.010152576825675, 30.461208399256865 ], [ 78.010111211170056, 30.461212596734075 ], [ 78.010051419705476, 30.461219716670005 ], [ 78.010011335960272, 30.461225181651361 ], [ 78.009951313298941, 30.461234460881546 ], [ 78.009915059167682, 30.461240643099305 ], [ 78.009869993554759, 30.461249050024772 ], [ 78.009849656187058, 30.461253028898714 ], [ 78.009833756321981, 30.461256284869851 ], [ 78.00980902541346, 30.461261626942235 ], [ 78.00975220788483, 30.461274541828818 ], [ 78.009712149432445, 30.461284393004338 ], [ 78.009654430893704, 30.461299673871753 ], [ 78.009614837219047, 30.461310911277959 ], [ 78.009557870653893, 30.461328180129907 ], [ 78.009545660827328, 30.461331955485758 ], [ 78.009518857815252, 30.461340770319776 ], [ 78.009462733220857, 30.461359998157587 ], [ 78.009424301787888, 30.461373941007839 ], [ 78.009376781110007, 30.461392157856668 ], [ 78.009326473482787, 30.461412853924994 ], [ 78.009277515116707, 30.461435850459093 ], [ 78.009200902087372, 30.461478131613138 ], [ 78.009128834364731, 30.461526036259077 ], [ 78.009061860423316, 30.46157919982134 ], [ 78.009037183182983, 30.461602528983232 ], [ 78.008988829922743, 30.46158524856045 ], [ 78.008946739937016, 30.461571123918194 ], [ 78.008891334238498, 30.461553777464321 ], [ 78.008827022278297, 30.461535666753701 ], [ 78.008757297843715, 30.461518178906086 ], [ 78.008688373486294, 30.461503080517769 ], [ 78.008645593853302, 30.461495044589046 ], [ 78.008609662448606, 30.461488866236639 ], [ 78.00859316059308, 30.461486289259607 ], [ 78.008589244342289, 30.461485684375109 ], [ 78.008553400258151, 30.461480765558111 ], [ 78.008503537704058, 30.461474692612764 ], [ 78.008448285190383, 30.461469262088112 ], [ 78.008397684651342, 30.461465471122349 ], [ 78.008348887468685, 30.461462813380944 ], [ 78.008292446987426, 30.461460890398282 ], [ 78.008252170737535, 30.461460193710597 ], [ 78.00819602712599, 30.461460163623908 ], [ 78.008160756796045, 30.461460671710991 ], [ 78.008054398774277, 30.461463765682826 ], [ 78.008042750013573, 30.461464161105898 ], [ 78.008029212243912, 30.461464686417248 ], [ 78.007938131540925, 30.461468225765262 ], [ 78.00783417137086, 30.461472265811249 ], [ 78.007730213660508, 30.461476305761668 ], [ 78.007657707532118, 30.461479123000199 ], [ 78.007626246493189, 30.461480346079437 ], [ 78.007522300122744, 30.46148438458923 ], [ 78.007424475909303, 30.461488201271667 ], [ 78.007417044928133, 30.461488466858153 ], [ 78.007341708794542, 30.461491715179232 ], [ 78.007325845411216, 30.461491063926314 ], [ 78.007301179008792, 30.461489746440815 ], [ 78.007286631982268, 30.461486675844949 ], [ 78.007271205830889, 30.461483382650965 ], [ 78.007256112303395, 30.46147907064368 ], [ 78.007241445953312, 30.461473766786771 ], [ 78.007227299692616, 30.461467504865123 ], [ 78.007213741884939, 30.46146031503115 ], [ 78.00720086750124, 30.461452247516139 ], [ 78.007194983018479, 30.461448617135343 ], [ 78.007191147048886, 30.461445893159809 ], [ 78.007161847460537, 30.461420857497199 ], [ 78.007120788097339, 30.46138317248209 ], [ 78.007104807263431, 30.461368374069284 ], [ 78.007093805420439, 30.461358341613884 ], [ 78.007019550385081, 30.461291661034071 ], [ 78.006989812844822, 30.461266011931141 ], [ 78.006949057868013, 30.461232249152612 ], [ 78.006915614834071, 30.461205727045613 ], [ 78.006873176902317, 30.461173514265614 ], [ 78.006856267139668, 30.461160953220432 ], [ 78.006840531564507, 30.461149740546976 ], [ 78.00681542262754, 30.461132202670758 ], [ 78.006763981377347, 30.461098495385439 ], [ 78.006695124634987, 30.46105621569831 ], [ 78.006627463638722, 30.46101799679418 ], [ 78.006576558897322, 30.460991621999742 ], [ 78.006562715483796, 30.460984574404879 ], [ 78.006519696623855, 30.460964212872153 ], [ 78.006468695930053, 30.460941407056072 ], [ 78.006430630864287, 30.460925227202171 ], [ 78.00641279698111, 30.460918033261439 ], [ 78.006379997808665, 30.46090539384819 ], [ 78.006335597117541, 30.460889071984507 ], [ 78.006293006998561, 30.46087436558663 ], [ 78.006247668335419, 30.46085970371136 ], [ 78.006239641445873, 30.460857140424178 ], [ 78.006210774268425, 30.460848451977416 ], [ 78.006158104678661, 30.460833346107439 ], [ 78.006129502332044, 30.460825536903844 ], [ 78.006085058772982, 30.460814009424606 ], [ 78.006093248269536, 30.460760117548755 ], [ 78.00609720974424, 30.460681499844942 ], [ 78.006093246603669, 30.4606028822033 ], [ 78.006081389028481, 30.460524862950731 ], [ 78.006061727280695, 30.46044803585902 ], [ 78.006034411014824, 30.460372985625082 ], [ 78.006020188903335, 30.460341036331027 ], [ 78.005963898531675, 30.460221397913454 ], [ 78.005924620576209, 30.460137917625527 ], [ 78.005885345136605, 30.460054440559734 ], [ 78.005846065280437, 30.459970956232016 ], [ 78.005823872136929, 30.459923788950558 ], [ 78.005804550339619, 30.459882893272958 ], [ 78.005796377420381, 30.459866082249096 ], [ 78.00575164071094, 30.459776602571917 ], [ 78.005740364081532, 30.459754841256679 ], [ 78.005733354982809, 30.459741780306668 ], [ 78.00571818474441, 30.459714702784577 ], [ 78.005667875136723, 30.459628592137431 ], [ 78.005649040612738, 30.459597842074313 ], [ 78.005631897441063, 30.459571112192183 ], [ 78.005623444044858, 30.459558183505084 ], [ 78.005614537035143, 30.459545075425485 ], [ 78.005563713607017, 30.459471702768202 ], [ 78.00553024043522, 30.459426486586469 ], [ 78.00545850901122, 30.459335660051732 ], [ 78.00541742994379, 30.459287194521121 ], [ 78.00533807166579, 30.459199827011449 ], [ 78.005317423991116, 30.459177816482583 ], [ 78.005293362892047, 30.45915384572405 ], [ 78.005207462769121, 30.459071251225698 ], [ 78.005159314672412, 30.459027949353565 ], [ 78.005067254706887, 30.458950495857682 ], [ 78.005015877484595, 30.458910064028597 ], [ 78.004872070766055, 30.458804253760494 ], [ 78.004867314006091, 30.458800774970261 ], [ 78.004795248289497, 30.458752870304249 ], [ 78.0047186373925, 30.458710589132441 ], [ 78.004638064362112, 30.45867425323264 ], [ 78.004554142396913, 30.458644139136357 ], [ 78.004467510180135, 30.458620476024176 ], [ 78.004378827019764, 30.458603443982266 ], [ 78.004288767830857, 30.45859317263103 ], [ 78.004198018000096, 30.458589740139761 ], [ 78.004107268169335, 30.45859317263103 ], [ 78.004017208980429, 30.458603443982266 ], [ 78.003967927596662, 30.45861290871704 ], [ 78.00396024788806, 30.458609743510099 ], [ 78.00386374151752, 30.458570675831229 ], [ 78.003831832194862, 30.458558319244009 ], [ 78.003796595438956, 30.458545284352798 ], [ 78.003758920342307, 30.45853209436574 ], [ 78.003689806850488, 30.458509246559426 ], [ 78.003674702888503, 30.45850436911822 ], [ 78.003643975967051, 30.458495148755969 ], [ 78.003590268386262, 30.45847984188784 ], [ 78.003550432090577, 30.458469248826123 ], [ 78.003496368530548, 30.458455891942524 ], [ 78.003455526397502, 30.458446573159978 ], [ 78.003399519869731, 30.458434841263458 ], [ 78.003360998359298, 30.458427438354949 ], [ 78.003307845819506, 30.458418135437757 ], [ 78.003282455669975, 30.458413974956553 ], [ 78.003273639560703, 30.458412662070398 ], [ 78.003168823486305, 30.458397454206452 ], [ 78.003158141204409, 30.458395952863935 ], [ 78.003056025813777, 30.458381979032776 ], [ 78.002953243914874, 30.458367914458382 ], [ 78.002850457868348, 30.45835384845331 ], [ 78.002747677977794, 30.458339784153718 ], [ 78.00264489886618, 30.458325718960797 ], [ 78.002617936674056, 30.458322029008453 ], [ 78.002557916488257, 30.458313669016466 ], [ 78.002542129165334, 30.458294736454636 ], [ 78.002522228855668, 30.458269415707182 ], [ 78.002490168370912, 30.458228658651318 ], [ 78.002475163887567, 30.458210089844915 ], [ 78.002412227570971, 30.45813424924658 ], [ 78.002382511739754, 30.458100172523448 ], [ 78.00234997562994, 30.458064642723901 ], [ 78.002334315335901, 30.458047954048215 ], [ 78.002327980319308, 30.458041365086483 ], [ 78.002325549713191, 30.458038846381417 ], [ 78.002310807491526, 30.45802395798761 ], [ 78.002276281428621, 30.457989847191644 ], [ 78.002235734409197, 30.457952027719291 ], [ 78.002177966396602, 30.457901146042996 ], [ 78.002142773433917, 30.457871574318904 ], [ 78.002119944456098, 30.457853275440936 ], [ 78.002096676937342, 30.457835179165524 ], [ 78.002055109007088, 30.457803813380178 ], [ 78.00204051811788, 30.457793006863429 ], [ 78.002031643654405, 30.457786628052173 ], [ 78.00198944875261, 30.45775663926241 ], [ 78.001973634009858, 30.457745621010321 ], [ 78.001912215178237, 30.457703677309187 ], [ 78.001908660205743, 30.457701260388834 ], [ 78.001887137604442, 30.457686693075257 ], [ 78.001805143189088, 30.457631195418475 ], [ 78.001723144596994, 30.457575694257475 ], [ 78.001641142577071, 30.457520191453344 ], [ 78.001559152526582, 30.457464696750822 ], [ 78.001515032086303, 30.457434833197592 ], [ 78.001477145949238, 30.457409190185079 ], [ 78.001395148227203, 30.457353689613118 ], [ 78.00131315518675, 30.457298192886615 ], [ 78.00123115497604, 30.457242689630224 ], [ 78.001182926329363, 30.457210046018144 ], [ 78.001159961348691, 30.457194458172108 ], [ 78.001142568249108, 30.457182129034575 ], [ 78.001144115250568, 30.457139503103701 ], [ 78.001148144294874, 30.457056174358197 ], [ 78.001152500311036, 30.456966105919445 ], [ 78.001156855449338, 30.456876035949474 ], [ 78.00115891310702, 30.456833485681276 ], [ 78.001161210494374, 30.456785966913156 ], [ 78.001165566425271, 30.456695901235928 ], [ 78.001169921685957, 30.456605828735714 ], [ 78.00117427671448, 30.456515760038325 ], [ 78.001175482334617, 30.456490831416492 ], [ 78.001178631543681, 30.456425696468035 ], [ 78.001182987552212, 30.456335628180451 ], [ 78.001184978280861, 30.456294452813513 ], [ 78.001185555300722, 30.456282187842785 ], [ 78.001187380007508, 30.45624200114224 ], [ 78.001188036035629, 30.456221770947476 ], [ 78.00118974810114, 30.456133847934073 ], [ 78.001189896224076, 30.456118624845683 ], [ 78.001189846599416, 30.456109826439768 ], [ 78.001189765522938, 30.456102632440416 ], [ 78.0011887734955, 30.456071100364799 ], [ 78.001187819045469, 30.456052628678751 ], [ 78.001195742649998, 30.45604368255864 ], [ 78.001244547069518, 30.455977313542046 ], [ 78.001286488806002, 30.455907512032052 ], [ 78.001321248668191, 30.455834809266999 ], [ 78.001348562126353, 30.455759758564458 ], [ 78.00136822132383, 30.455682931110548 ], [ 78.001380076659743, 30.455604911611776 ], [ 78.001384037926258, 30.455526293845789 ], [ 78.001380074994401, 30.455447676141798 ], [ 78.00136821804378, 30.455369656827767 ], [ 78.001358149882009, 30.455326405725867 ], [ 78.001345652551734, 30.455283632881933 ], [ 78.001333087677082, 30.455244661608969 ], [ 78.00132533767146, 30.455220623150456 ], [ 78.001305090062715, 30.455157826051558 ], [ 78.001277098341774, 30.455071007772592 ], [ 78.001259161658709, 30.455015374520986 ], [ 78.001257434039417, 30.455010078460152 ], [ 78.001245176690674, 30.454972936552824 ], [ 78.001238492988378, 30.454953512177294 ], [ 78.001204240111221, 30.454857902434416 ], [ 78.001193586975248, 30.45482980223154 ], [ 78.001155625136775, 30.454734943513504 ], [ 78.001150278549417, 30.454721907358415 ], [ 78.001147121397551, 30.454714493882715 ], [ 78.001127070999758, 30.454668040030395 ], [ 78.001120967754744, 30.454654245106436 ], [ 78.001097622323726, 30.454602744277235 ], [ 78.001087764964893, 30.454581775891452 ], [ 78.001042628218812, 30.454489108218272 ], [ 78.001028842952195, 30.454462053372975 ], [ 78.000979554248417, 30.454369458724759 ], [ 78.000964754860561, 30.454342813598476 ], [ 78.000912875223264, 30.45425319796303 ], [ 78.000901745230877, 30.454234518620868 ], [ 78.000878261972517, 30.454196208783966 ], [ 78.000874875348373, 30.454190729604189 ], [ 78.000845562161828, 30.454143694216871 ], [ 78.000818878026394, 30.454100876430577 ], [ 78.000796128218497, 30.454064373097953 ], [ 78.000767969636357, 30.454019189048562 ], [ 78.000753478833133, 30.453996710120865 ], [ 78.000704674244673, 30.453930341739852 ], [ 78.000649378741386, 30.453867911010821 ], [ 78.00058801316051, 30.453809893061621 ], [ 78.000521044532704, 30.453756729435941 ], [ 78.000448982527985, 30.453708824732804 ], [ 78.000372375576987, 30.453666543528133 ], [ 78.000291806696708, 30.453630207600266 ], [ 78.000207889054096, 30.453600093480535 ], [ 78.000149841949366, 30.453584492286954 ], [ 78.000160590792248, 30.453533521451757 ], [ 78.000165633551347, 30.453510200571063 ], [ 78.000184793174569, 30.45342159665859 ], [ 78.000203953839986, 30.453332987926505 ], [ 78.00021263052939, 30.453292861049217 ], [ 78.000223112385314, 30.453244389998577 ], [ 78.000242273301538, 30.453155780107064 ], [ 78.000261434249211, 30.453067170069357 ], [ 78.000280592739472, 30.452978566772213 ], [ 78.000299752428418, 30.452889962556338 ], [ 78.000318913376276, 30.452801352518097 ], [ 78.000338073087249, 30.452712743575692 ], [ 78.000346565022753, 30.452673473225698 ], [ 78.000357232420924, 30.452624141001703 ], [ 78.000365909225621, 30.452584013590975 ], [ 78.000376391410867, 30.452535540018086 ], [ 78.000383269398114, 30.452503732096456 ], [ 78.000393317066951, 30.452458083079268 ], [ 78.000397945913051, 30.452434117386016 ], [ 78.000404495678765, 30.452424318177105 ], [ 78.000439940609482, 30.452374177357608 ], [ 78.000444157560366, 30.452368373900871 ], [ 78.000491551343487, 30.452303172908355 ], [ 78.000494373855133, 30.45229928913594 ], [ 78.000498504792148, 30.452293557464802 ], [ 78.000551731377058, 30.452219086109142 ], [ 78.00056733302948, 30.452196529119622 ], [ 78.000595567820341, 30.452154322368816 ], [ 78.000613493221408, 30.452126342294026 ], [ 78.000639417937478, 30.45208412711423 ], [ 78.000651195076742, 30.452064365787788 ], [ 78.000654553035446, 30.452058556764126 ], [ 78.000666410920616, 30.452037356486148 ], [ 78.00068908260576, 30.451995436324939 ], [ 78.00070906814716, 30.451956066220607 ], [ 78.000729856789974, 30.451912312069549 ], [ 78.000745448133827, 30.451877462454799 ], [ 78.000748049875412, 30.45187119741156 ], [ 78.000767203467191, 30.451824535269676 ], [ 78.000783415852752, 30.451781672844955 ], [ 78.000799870412777, 30.451734189721211 ], [ 78.000813589230503, 30.451690679438368 ], [ 78.00082728376384, 30.451642542333754 ], [ 78.000838469231326, 30.45159851804323 ], [ 78.000849370742486, 30.451549848959178 ], [ 78.00085262289268, 30.451534633210873 ], [ 78.000858008994911, 30.45150536292299 ], [ 78.000866088488962, 30.451456281860043 ], [ 78.000872146811517, 30.451411496392797 ], [ 78.000877284303371, 30.451363077352642 ], [ 78.000879601668686, 30.451337138463206 ], [ 78.000880279569984, 30.451327802457815 ], [ 78.00088159437442, 30.451305155622475 ], [ 78.000883522904289, 30.451260842607351 ], [ 78.000884259741369, 30.451228822904373 ], [ 78.00088437350513, 30.451183144875014 ], [ 78.000883887045902, 30.451154558994862 ], [ 78.000880634068807, 30.451062513020464 ], [ 78.000880244796377, 30.451053103770196 ], [ 78.00087989578293, 30.451045741237568 ], [ 78.000875958523707, 30.450962597415607 ], [ 78.000871692439503, 30.450872522720704 ], [ 78.000867426471487, 30.450782450480727 ], [ 78.000863160393152, 30.450692376907416 ], [ 78.000860916080683, 30.450644996714491 ], [ 78.000902672319327, 30.45061111435162 ], [ 78.000928369716419, 30.450590224898786 ], [ 78.000934916291087, 30.45058485675499 ], [ 78.000978746316918, 30.450548603517245 ], [ 78.000995460692039, 30.450534464599652 ], [ 78.001029316692538, 30.450505175411688 ], [ 78.001051729708863, 30.450485177009998 ], [ 78.001090121677763, 30.450449844790182 ], [ 78.001121959186563, 30.450419168374463 ], [ 78.001159372106613, 30.450381418151427 ], [ 78.001167030286126, 30.45037360147683 ], [ 78.001197520163771, 30.450340577426491 ], [ 78.00123312002053, 30.450300109204118 ], [ 78.001275653192181, 30.45024803836812 ], [ 78.001308149974861, 30.450205112154602 ], [ 78.001339220524912, 30.450161406945195 ], [ 78.001345127564747, 30.450152424016839 ], [ 78.001365522365617, 30.450120991877103 ], [ 78.001381678450969, 30.450094198418984 ], [ 78.00141575139935, 30.450133904362229 ], [ 78.001453708326906, 30.450175522494281 ], [ 78.001479405443334, 30.45020106559809 ], [ 78.001512735397952, 30.450232965792221 ], [ 78.001545876946309, 30.450263247285978 ], [ 78.001580599555453, 30.45029216837035 ], [ 78.001617231594537, 30.450321297565051 ], [ 78.001651997761371, 30.450347734566439 ], [ 78.001695029272355, 30.45037737663284 ], [ 78.001733587395265, 30.450402526815044 ], [ 78.001785339282492, 30.450434192265927 ], [ 78.001839654869897, 30.450463289931715 ], [ 78.001902462622311, 30.450494637235312 ], [ 78.00197223889063, 30.450526475915094 ], [ 78.002044596581669, 30.450553647489951 ], [ 78.002113642084495, 30.450576925686743 ], [ 78.002135114912278, 30.450583930050232 ], [ 78.002199149949107, 30.45060211232121 ], [ 78.002264408469827, 30.450616667604766 ], [ 78.00233671908741, 30.450630650728581 ], [ 78.002382725685052, 30.450638608973843 ], [ 78.002437535629724, 30.450645684792352 ], [ 78.002492702481788, 30.450650224007578 ], [ 78.002566619157776, 30.450654590047019 ], [ 78.002637436000114, 30.450656679082986 ], [ 78.002724195956134, 30.450653541724169 ], [ 78.002798027628828, 30.450648192675853 ], [ 78.00284518339096, 30.450643837274836 ], [ 78.002892061313489, 30.450637625974029 ], [ 78.002953641263687, 30.450626547300583 ], [ 78.003025694871923, 30.450611604168873 ], [ 78.00308304274327, 30.450598201412102 ], [ 78.003139415080824, 30.450581987050516 ], [ 78.003175760301872, 30.450569854173768 ], [ 78.003244384790364, 30.450545658970594 ], [ 78.003309527277324, 30.450520403461621 ], [ 78.003372519700335, 30.450491340869288 ], [ 78.003385433711884, 30.450484773381756 ], [ 78.003449057035922, 30.45045188212546 ], [ 78.003515194623233, 30.450414678245661 ], [ 78.003577892471924, 30.450373244285576 ], [ 78.003635056602064, 30.450332409999934 ], [ 78.003641969100201, 30.450327428568489 ], [ 78.003697194017462, 30.450284276506832 ], [ 78.00374872265553, 30.450237819119206 ], [ 78.003774701356321, 30.450212657009299 ], [ 78.00377755707234, 30.450218818968242 ], [ 78.003807890603753, 30.450278536186435 ], [ 78.003832153379363, 30.450322976166486 ], [ 78.003859174590062, 30.450366204930877 ], [ 78.003873786911896, 30.450387454664938 ], [ 78.003902738681774, 30.450428273858829 ], [ 78.003934371951459, 30.450470215966217 ], [ 78.003968644310632, 30.450510571690135 ], [ 78.004001340191124, 30.450546911892804 ], [ 78.004024916097336, 30.450572164459064 ], [ 78.004077383968095, 30.450622382515089 ], [ 78.00411452995607, 30.450655357724141 ], [ 78.00415158540136, 30.450686657104473 ], [ 78.004190390243011, 30.450716322527303 ], [ 78.004199758231167, 30.450723052525195 ], [ 78.004240895327385, 30.450752255730027 ], [ 78.004286627481278, 30.450782922027084 ], [ 78.004334254382982, 30.450811341113013 ], [ 78.004378874582784, 30.450836412303826 ], [ 78.004424810336474, 30.450860783824982 ], [ 78.004479236712413, 30.450886172748124 ], [ 78.004526792005805, 30.450906802915387 ], [ 78.004579204612156, 30.450927983867846 ], [ 78.004632893866443, 30.450946610705518 ], [ 78.004682795239077, 30.450962544841129 ], [ 78.004686747531252, 30.450963799000927 ], [ 78.00473960599642, 30.450979092304262 ], [ 78.004793333241466, 30.45099191334538 ], [ 78.00484496567509, 30.45100295544275 ], [ 78.004913680989233, 30.451015536922608 ], [ 78.004959445050929, 30.451021160815959 ], [ 78.005005214857903, 30.451026409692492 ], [ 78.00505032044596, 30.451030905342922 ], [ 78.005072973343474, 30.451032263593323 ], [ 78.005141045000059, 30.451034552030674 ], [ 78.005223350413743, 30.451031577319174 ], [ 78.005231774426335, 30.451030989821479 ], [ 78.005305122455141, 30.451023017233556 ], [ 78.005321848206236, 30.451020907112234 ], [ 78.005358063477203, 30.451015959266723 ], [ 78.005374751007309, 30.451013530922797 ], [ 78.00544224249829, 30.451001210487991 ], [ 78.00550864431851, 30.450985045506815 ], [ 78.005559719721788, 30.450971014385484 ], [ 78.005601127450774, 30.450958804001491 ], [ 78.005652811002605, 30.450941139313468 ], [ 78.005703333298115, 30.450921111109306 ], [ 78.005751443600346, 30.450900676942769 ], [ 78.005813718723005, 30.450871918823683 ], [ 78.005855539324557, 30.450849539172307 ], [ 78.005900986492904, 30.450828612828804 ], [ 78.005911919841523, 30.450823066726382 ], [ 78.005953785056292, 30.450801532558334 ], [ 78.006012363395442, 30.450769061599967 ], [ 78.006068309098268, 30.450733275106554 ], [ 78.006119496236536, 30.450698184857092 ], [ 78.006142701521512, 30.45068180153093 ], [ 78.006192079952811, 30.450643519084561 ], [ 78.006238547604411, 30.45060259283817 ], [ 78.006281064558095, 30.450562681592661 ], [ 78.006313546565409, 30.450530707462828 ], [ 78.006340530144683, 30.450501646452697 ], [ 78.006349861108959, 30.450491160394453 ], [ 78.006388098308676, 30.450445282566694 ], [ 78.006412604158115, 30.450413847406974 ], [ 78.006451477352911, 30.450359985931339 ], [ 78.006464696291914, 30.450339540039604 ], [ 78.006486179066414, 30.450305275891285 ], [ 78.006524674590693, 30.450237204312867 ], [ 78.006542547313373, 30.450201920184181 ], [ 78.006567529858117, 30.450147933536851 ], [ 78.006575324476216, 30.450128705766719 ], [ 78.006595067026041, 30.450078186619809 ], [ 78.006618543638695, 30.450009162413902 ], [ 78.006633072156106, 30.449959172303185 ], [ 78.00664470831623, 30.449914340994031 ], [ 78.006655019864994, 30.449869279914541 ], [ 78.006659363747232, 30.449849089271428 ], [ 78.006668230794588, 30.44980471622468 ], [ 78.006668940601202, 30.449801119850992 ], [ 78.006670084180129, 30.449795254308629 ], [ 78.006687413259456, 30.449706354995119 ], [ 78.006704740286025, 30.449617471341792 ], [ 78.006722068920013, 30.44952857944244 ], [ 78.006724204533654, 30.449517621381315 ], [ 78.006732007282324, 30.449477268176803 ], [ 78.006733346973888, 30.449470165548451 ], [ 78.006740812558476, 30.449429568490647 ], [ 78.006743500562251, 30.44941408804652 ], [ 78.006751159078917, 30.449367220986954 ], [ 78.006754870703531, 30.44934193895342 ], [ 78.006761133202133, 30.449293864904501 ], [ 78.006764857846022, 30.449259324774278 ], [ 78.006769068326875, 30.449210069741337 ], [ 78.006771579474432, 30.449166243947676 ], [ 78.006773060935245, 30.449115476935926 ], [ 78.006773393533905, 30.449092669846731 ], [ 78.006772506535697, 30.449055451410043 ], [ 78.006769542876697, 30.44899328643341 ], [ 78.006764124328598, 30.448931386782139 ], [ 78.006758901901478, 30.448890461822895 ], [ 78.006749615136172, 30.448834059767247 ], [ 78.006739205348651, 30.448782536258765 ], [ 78.006723890078703, 30.448720071419419 ], [ 78.006709306589627, 30.448669475530696 ], [ 78.006688734285405, 30.448607590488717 ], [ 78.006670020838257, 30.448558023628589 ], [ 78.006658822697887, 30.448529937066358 ], [ 78.006644394417634, 30.448497546152051 ], [ 78.006621646021571, 30.448449264317521 ], [ 78.006591102729587, 30.448390525643507 ], [ 78.00656443439307, 30.448343772831397 ], [ 78.006532707321085, 30.448292398726959 ], [ 78.006529141684936, 30.448287089852197 ], [ 78.006498642413916, 30.448242033058879 ], [ 78.006457758110869, 30.448186400281916 ], [ 78.00642219590577, 30.448141704511986 ], [ 78.006378853063921, 30.448091107192941 ], [ 78.006343305947382, 30.448052504411347 ], [ 78.006327004246955, 30.448035243492431 ], [ 78.006302836104979, 30.448011167141917 ], [ 78.006263735049245, 30.447973578370178 ], [ 78.006226822850081, 30.447939880742378 ], [ 78.006186298849755, 30.447904743967644 ], [ 78.00615530005777, 30.447878953377536 ], [ 78.006113995100094, 30.447845980597474 ], [ 78.006089825523361, 30.447827280648507 ], [ 78.006048007596462, 30.447795925863606 ], [ 78.006035928744055, 30.447787007803537 ], [ 78.006027145088296, 30.447780692890678 ], [ 78.005945229278865, 30.447722454299129 ], [ 78.005938051603167, 30.447717396348803 ], [ 78.005866661012661, 30.447667391549391 ], [ 78.005857661770605, 30.447661089690268 ], [ 78.005851649967099, 30.447656911611407 ], [ 78.00576897418533, 30.447599888015962 ], [ 78.005751724664762, 30.447588244860011 ], [ 78.005717107771048, 30.447565381024919 ], [ 78.005696946212581, 30.44755239488973 ], [ 78.005642876404039, 30.447518438139074 ], [ 78.005608527071416, 30.447497765086649 ], [ 78.005517611460021, 30.447445361482526 ], [ 78.005473569529741, 30.447421329628863 ], [ 78.005379260011509, 30.447372678007998 ], [ 78.005367185094087, 30.447366543773366 ], [ 78.005333881641107, 30.44735058075295 ], [ 78.00523805620233, 30.447306612105383 ], [ 78.005213209202665, 30.447295578313547 ], [ 78.005203975260528, 30.447291612345904 ], [ 78.00518501196737, 30.447283673628309 ], [ 78.005095824545833, 30.447247295926925 ], [ 78.005079478969208, 30.447240777799909 ], [ 78.005023231811521, 30.447218857250089 ], [ 78.004981757222069, 30.447202770891888 ], [ 78.004966911245887, 30.447197012545733 ], [ 78.00489762133607, 30.447169792909587 ], [ 78.004815086153826, 30.447136442839504 ], [ 78.004733564667376, 30.447102485522901 ], [ 78.004652516369177, 30.447067702166617 ], [ 78.004571941089395, 30.44703209220275 ], [ 78.004491850972101, 30.446995662378971 ], [ 78.004412270212867, 30.446958422968304 ], [ 78.004333200512747, 30.446920373924566 ], [ 78.00425464296633, 30.446881516709876 ], [ 78.004176624322696, 30.446841865439165 ], [ 78.00409888540517, 30.446801295022627 ], [ 78.004093639664617, 30.446798520165306 ], [ 78.004017312520546, 30.446757677674672 ], [ 78.003972284093862, 30.446733382902966 ], [ 78.003930515650225, 30.446710852755441 ], [ 78.00392492388869, 30.446707857707676 ], [ 78.003835558325918, 30.44666032907509 ], [ 78.003828619046899, 30.446656670664982 ], [ 78.003824966065153, 30.446654761679834 ], [ 78.00381594965603, 30.446650103409976 ], [ 78.00376002287868, 30.44662153933567 ], [ 78.003775523500096, 30.446580396175857 ], [ 78.003792195370195, 30.44653150084665 ], [ 78.003807078905311, 30.446482827733643 ], [ 78.003819147852937, 30.446438956687114 ], [ 78.003831127367206, 30.446390016594957 ], [ 78.003837964723843, 30.446359502336104 ], [ 78.00384065271038, 30.446345665074102 ], [ 78.003849793205504, 30.446296267003223 ], [ 78.003856743301469, 30.446251590304261 ], [ 78.003863023782316, 30.446201859255115 ], [ 78.00386738952794, 30.446156929478061 ], [ 78.003870794000022, 30.44610698845128 ], [ 78.003872563267421, 30.446061902622521 ], [ 78.00387308173589, 30.446011875618471 ], [ 78.003873123705517, 30.446003767847305 ], [ 78.00387224817068, 30.44596679004302 ], [ 78.003869880640679, 30.445916804061621 ], [ 78.003866446203062, 30.44587179641228 ], [ 78.003861197680195, 30.445821975453367 ], [ 78.003855173244844, 30.445777187656962 ], [ 78.003847057734276, 30.44572765572001 ], [ 78.003841573798653, 30.445697791596924 ], [ 78.003838458340539, 30.44568318780053 ], [ 78.003827381842072, 30.445633555885951 ], [ 78.003813549293454, 30.445580280764926 ], [ 78.003793580646274, 30.445512958916918 ], [ 78.003779584569799, 30.445470176349385 ], [ 78.003769282305868, 30.445441407426674 ], [ 78.003758771556264, 30.44541365236034 ], [ 78.003740583153828, 30.445368125495396 ], [ 78.00373506698746, 30.445354663916522 ], [ 78.003729828453771, 30.445342468345569 ], [ 78.003710322076458, 30.445298039488886 ], [ 78.003702967360326, 30.445281764211582 ], [ 78.003674834860618, 30.445221243416629 ], [ 78.003673191684001, 30.445217729810867 ], [ 78.00366173874923, 30.445193387080902 ], [ 78.003622459201438, 30.445109903282184 ], [ 78.003583180560469, 30.445026421410635 ], [ 78.003565876521378, 30.444989644754603 ], [ 78.003549923707737, 30.444955522453174 ], [ 78.003531067068465, 30.44491239426895 ], [ 78.003521571645706, 30.444885856647783 ], [ 78.003515322189287, 30.444863135433895 ], [ 78.003509621568327, 30.444835847389538 ], [ 78.003507201496546, 30.444811679303516 ], [ 78.003504297609453, 30.444754343997769 ], [ 78.003503635055353, 30.444736607950293 ], [ 78.003501278515856, 30.444672294862816 ], [ 78.003497976335638, 30.444582186771694 ], [ 78.003495848825736, 30.444524148856065 ], [ 78.003494913682047, 30.444497717881323 ], [ 78.003493535166612, 30.444468487223251 ], [ 78.003493724716492, 30.444452880992632 ], [ 78.003494222359663, 30.444444765910337 ], [ 78.003495806999112, 30.444433001732438 ], [ 78.003496282580286, 30.44442999608 ], [ 78.003497143378652, 30.444425047498722 ], [ 78.003498493989298, 30.444418811252714 ], [ 78.003500598995956, 30.444415403680711 ], [ 78.00350240050156, 30.444410633482963 ], [ 78.00350441913713, 30.444405933229444 ], [ 78.003506113195002, 30.444400938045444 ], [ 78.003508848205087, 30.444396590914256 ], [ 78.003514808405953, 30.444387416433525 ], [ 78.003517094832645, 30.444384155762325 ], [ 78.003530646570866, 30.444365081871414 ], [ 78.003560912255764, 30.444324117771746 ], [ 78.003575227015631, 30.444304923829311 ], [ 78.003580992294729, 30.444297105460603 ], [ 78.003637507876093, 30.444219588085151 ], [ 78.003648905240567, 30.444203588417604 ], [ 78.003664076114191, 30.444181786315436 ], [ 78.003674109353852, 30.444167053360491 ], [ 78.003677043495316, 30.444162621005919 ], [ 78.003717225114414, 30.444101521731479 ], [ 78.003738818576011, 30.444066957660052 ], [ 78.003788782989062, 30.443982643310949 ], [ 78.003811389790656, 30.443942026977364 ], [ 78.003856151129114, 30.443856186656735 ], [ 78.003869305186512, 30.443829852130175 ], [ 78.003881336981806, 30.443804673042738 ], [ 78.003889892997961, 30.44378619328155 ], [ 78.003918139468013, 30.44372318107472 ], [ 78.003925099804675, 30.443707207628865 ], [ 78.003953736911583, 30.443639551244903 ], [ 78.003962537996955, 30.443618552853078 ], [ 78.003998042850242, 30.443533809414145 ], [ 78.004030642363901, 30.443455999304678 ], [ 78.00403413043756, 30.443447666536425 ], [ 78.004052545762647, 30.443403315727533 ], [ 78.004057027034705, 30.443392298428993 ], [ 78.004074690642355, 30.443347958297959 ], [ 78.004082573087985, 30.443327372137805 ], [ 78.004099386671754, 30.443281628011984 ], [ 78.00410988016209, 30.443251241055922 ], [ 78.004125102718291, 30.443204160940649 ], [ 78.004135986266746, 30.443167566005034 ], [ 78.004147209863376, 30.443126265919194 ], [ 78.004158661162847, 30.443078333351767 ], [ 78.004163253114726, 30.443056084580586 ], [ 78.004173970543448, 30.443059226004774 ], [ 78.004219708852943, 30.443070642464196 ], [ 78.004224233889474, 30.443071675472897 ], [ 78.004308694619795, 30.443087739002781 ], [ 78.00439873952466, 30.443098010565759 ], [ 78.004489475000142, 30.44310144312826 ], [ 78.004580210475638, 30.443098010565759 ], [ 78.004670255380503, 30.443087739002781 ], [ 78.004729326730441, 30.443076392016142 ], [ 78.004772038207648, 30.443073106965333 ], [ 78.004831083339624, 30.443065591005745 ], [ 78.004876063463428, 30.443057830105733 ], [ 78.004925607886747, 30.443048294021278 ], [ 78.004991381404054, 30.44303366859987 ], [ 78.005055914577525, 30.443015359034451 ], [ 78.00507525589434, 30.443009070452351 ], [ 78.005115303186756, 30.442995655339065 ], [ 78.005191117786325, 30.442967213633896 ], [ 78.00520227885751, 30.442962562595763 ], [ 78.005271590525908, 30.442930841775482 ], [ 78.005282788530565, 30.442925159024856 ], [ 78.005323615739741, 30.442904142861114 ], [ 78.005392904518189, 30.442865172838527 ], [ 78.005458409152794, 30.442821565540843 ], [ 78.005497735237583, 30.442793166343005 ], [ 78.005500394619446, 30.442791239367804 ], [ 78.005560273356267, 30.442744152424925 ], [ 78.005615753515926, 30.442693180704214 ], [ 78.00564940445183, 30.442659753504895 ], [ 78.005662363380694, 30.442646629164702 ], [ 78.005707088578816, 30.442597028587723 ], [ 78.00574771270351, 30.442544846264727 ], [ 78.005774842497033, 30.442507230083979 ], [ 78.005793578831288, 30.442480212477516 ], [ 78.005824048414411, 30.442431030130788 ], [ 78.005850948715064, 30.442380309002335 ], [ 78.005870875386762, 30.442339449858 ], [ 78.005890196455056, 30.442296848909631 ], [ 78.005907987996451, 30.442250649252021 ], [ 78.005922875733901, 30.4422036849021 ], [ 78.005935097316225, 30.442160609808919 ], [ 78.00594938416917, 30.44210189543902 ], [ 78.005956624214178, 30.442060799426915 ], [ 78.005961671262824, 30.442019458022838 ], [ 78.005965881797849, 30.44197525198987 ], [ 78.005969409110165, 30.441901051848017 ], [ 78.005966373699309, 30.441832227481722 ], [ 78.005962467233402, 30.441787999512346 ], [ 78.005957319868372, 30.441743957085041 ], [ 78.005949684966069, 30.441700186501439 ], [ 78.005936857319384, 30.441646685857169 ], [ 78.005925557921344, 30.441605816943405 ], [ 78.005911112507235, 30.44155912832581 ], [ 78.005893801423468, 30.441513177212673 ], [ 78.005886190261819, 30.441494670268963 ], [ 78.00588380538872, 30.441488932734071 ], [ 78.005848825926904, 30.441415815700399 ], [ 78.005831163680128, 30.441383040826206 ], [ 78.005789450097311, 30.441313654245103 ], [ 78.005771913765997, 30.441288305097611 ], [ 78.005749742595142, 30.441257415245513 ], [ 78.005721479076684, 30.441220126144994 ], [ 78.005691122396669, 30.441184093434135 ], [ 78.005666184299741, 30.441155979589549 ], [ 78.005638254002918, 30.441125850878645 ], [ 78.005599348679155, 30.441087899088313 ], [ 78.005557584644436, 30.441049397327422 ], [ 78.005503227415488, 30.44100283603127 ], [ 78.005461414459901, 30.440969559253492 ], [ 78.00544748276144, 30.440958670630156 ], [ 78.005437427940819, 30.44095095338216 ], [ 78.005368431963888, 30.440898051786878 ], [ 78.005290518447538, 30.440838312240945 ], [ 78.005212602787665, 30.44077857105135 ], [ 78.005134686076886, 30.440718829055822 ], [ 78.005059558335347, 30.440661225794461 ], [ 78.005056798051967, 30.440659109056742 ], [ 78.005007969059207, 30.440621670380583 ], [ 78.004977776102635, 30.44059855242681 ], [ 78.004968403492569, 30.440591462079123 ], [ 78.004888443635167, 30.440531698489313 ], [ 78.004877630133606, 30.440523727034172 ], [ 78.004874126005774, 30.440521190684198 ], [ 78.004862748030234, 30.440512991741162 ], [ 78.004844839734588, 30.440500375399591 ], [ 78.004770743931132, 30.440449346761742 ], [ 78.00473618383964, 30.440426548677966 ], [ 78.00464849114546, 30.440371166083811 ], [ 78.004610501977567, 30.440348276436655 ], [ 78.004519937367178, 30.440296256829722 ], [ 78.004480819569821, 30.440274856424185 ], [ 78.004387678039777, 30.440226374801025 ], [ 78.004372106116648, 30.440218427917163 ], [ 78.004347503542974, 30.440206502230236 ], [ 78.004251968089292, 30.440161653587747 ], [ 78.004210803095575, 30.440143342291268 ], [ 78.004144533549805, 30.440115458431425 ], [ 78.004149923322345, 30.440101221194436 ], [ 78.004166632417437, 30.440045169234917 ], [ 78.004179286936292, 30.439996291137792 ], [ 78.004188718711291, 30.439955472491018 ], [ 78.004197264914865, 30.439905245462793 ], [ 78.004202536293747, 30.439854681368548 ], [ 78.004204323030194, 30.439829719354581 ], [ 78.004206319510331, 30.439773872848317 ], [ 78.004202357216201, 30.439695254954433 ], [ 78.004190502172492, 30.439617235451752 ], [ 78.004170844621527, 30.439540408113483 ], [ 78.004147544069994, 30.439474407080933 ], [ 78.004144377170363, 30.439465116399642 ], [ 78.004134402651914, 30.439428485833506 ], [ 78.00412099618309, 30.43938792041688 ], [ 78.004105415014379, 30.43934794263313 ], [ 78.004080147153857, 30.439293390125197 ], [ 78.00405820981463, 30.439250159283002 ], [ 78.004033885889527, 30.439205574458992 ], [ 78.004006786302782, 30.43916220809658 ], [ 78.003980001104892, 30.439124207601207 ], [ 78.003950453898256, 30.439084524796254 ], [ 78.003913444294881, 30.439038076979816 ], [ 78.003873154650904, 30.438993725689354 ], [ 78.00385026020048, 30.438970873951607 ], [ 78.003813846146485, 30.438935736164527 ], [ 78.003762933135789, 30.438889960567348 ], [ 78.003708425686213, 30.438847405856659 ], [ 78.003694152188629, 30.43883721397501 ], [ 78.003652674291061, 30.438808129179993 ], [ 78.00359424714226, 30.438770022401282 ], [ 78.003543075876095, 30.438741290435321 ], [ 78.003555366470593, 30.438739119040168 ], [ 78.003614908975919, 30.438727161934462 ], [ 78.003675962114997, 30.438713198101706 ], [ 78.003735925882467, 30.438696052596068 ], [ 78.003772260213026, 30.438683921982754 ], [ 78.003827145603481, 30.438664568820126 ], [ 78.003891949557868, 30.43863945384798 ], [ 78.003954627396965, 30.438610570293054 ], [ 78.003992122535337, 30.438591843221428 ], [ 78.004061701362303, 30.438553811861677 ], [ 78.004082152444013, 30.438541628770519 ], [ 78.004122569858851, 30.438516294599136 ], [ 78.004161540241157, 30.438489311824011 ], [ 78.004166161998526, 30.438485931552126 ], [ 78.004209117082638, 30.438454329333684 ], [ 78.004269905316463, 30.43840588309644 ], [ 78.004326069943019, 30.438353413753614 ], [ 78.004365615856941, 30.438313396517689 ], [ 78.004372353058486, 30.438306509550959 ], [ 78.004418700657666, 30.438254966278375 ], [ 78.004460620498605, 30.438200651036471 ], [ 78.004491355257514, 30.43815752583102 ], [ 78.004507168848662, 30.438134583778673 ], [ 78.004537093921755, 30.438086345908619 ], [ 78.00456358548287, 30.438036623378526 ], [ 78.004586557108183, 30.437989824212384 ], [ 78.004606828012257, 30.43794528011615 ], [ 78.004624040906293, 30.437900722276066 ], [ 78.004638552689542, 30.437855448221338 ], [ 78.004653705181781, 30.437802904105791 ], [ 78.004668944542303, 30.43774085754448 ], [ 78.004678689766493, 30.437681484593657 ], [ 78.004684584274841, 30.437634388547661 ], [ 78.004688998333464, 30.437587967061273 ], [ 78.004690641042373, 30.437541410028377 ], [ 78.004690876585158, 30.437498374026593 ], [ 78.004690888291876, 30.43749408784878 ], [ 78.004688184491144, 30.437429125401092 ], [ 78.004684954082663, 30.437390363426307 ], [ 78.004681722881045, 30.437356915794087 ], [ 78.004734169828453, 30.437338622067021 ], [ 78.004777516095828, 30.437322415607735 ], [ 78.004829644440321, 30.437301698437178 ], [ 78.004883062422536, 30.437278843638236 ], [ 78.00493345671714, 30.437255705452824 ], [ 78.004967856311779, 30.437239181402962 ], [ 78.00498128539185, 30.437232420300528 ], [ 78.005016082318789, 30.43721409741261 ], [ 78.005060345524157, 30.437189750226299 ], [ 78.005115900965293, 30.437156964452914 ], [ 78.005159476116958, 30.437129423251239 ], [ 78.005215187958669, 30.437091632422639 ], [ 78.005260611314057, 30.43705860064355 ], [ 78.00531581277329, 30.437015455520164 ], [ 78.005358501790582, 30.436979613286628 ], [ 78.005410023653624, 30.436933150274168 ], [ 78.005449650592695, 30.436894759042108 ], [ 78.005471180395347, 30.436873225678571 ], [ 78.005497195061139, 30.436845247691178 ], [ 78.005533558923645, 30.436804504465318 ], [ 78.005576906851559, 30.436752176703639 ], [ 78.005609822640054, 30.436709288488171 ], [ 78.005644539290756, 30.43666079388073 ], [ 78.005648749720805, 30.436654414720596 ], [ 78.005678049439553, 30.436609600520246 ], [ 78.005712364131796, 30.436552448531504 ], [ 78.005737897786631, 30.436505936350375 ], [ 78.005767416312565, 30.436446809940829 ], [ 78.005789053910405, 30.436398836782406 ], [ 78.005797696377954, 30.43637899019048 ], [ 78.005813622462043, 30.436338048241272 ], [ 78.005831254011241, 30.436288860109126 ], [ 78.00585075948706, 30.4362266867488 ], [ 78.005864293996567, 30.436176533645263 ], [ 78.005875825668014, 30.436127770583408 ], [ 78.005878625130364, 30.436113327954093 ], [ 78.005887994610489, 30.436062465881317 ], [ 78.005897084151869, 30.435998530925144 ], [ 78.005902240613082, 30.435947218884838 ], [ 78.005906041026762, 30.435882889712804 ], [ 78.005906958479898, 30.435831388705612 ], [ 78.005907082482565, 30.435817457848966 ], [ 78.005905450971113, 30.435766983594323 ], [ 78.005902124427621, 30.435715558620355 ], [ 78.005895316485862, 30.435651412848106 ], [ 78.00588776295632, 30.435600323907028 ], [ 78.005880385711194, 30.435558306354924 ], [ 78.005875686881609, 30.435536752075496 ], [ 78.005863944377211, 30.435486261165909 ], [ 78.005846669268408, 30.435423619589894 ], [ 78.00583079879938, 30.435373982710221 ], [ 78.005808403016374, 30.435312553080838 ], [ 78.005788484592301, 30.435264024228257 ], [ 78.005785888187077, 30.435257771440103 ], [ 78.005761087341085, 30.435204138570224 ], [ 78.005737222970339, 30.435156965741914 ], [ 78.005704967219728, 30.435098933672631 ], [ 78.005677278910127, 30.435053356865058 ], [ 78.005657647220971, 30.435022517810726 ], [ 78.00564032129823, 30.434997460363409 ], [ 78.005608950055915, 30.434953712572774 ], [ 78.005567481493102, 30.434900242562311 ], [ 78.005532586323156, 30.434858545784191 ], [ 78.005487063877069, 30.434808029042824 ], [ 78.005448587066184, 30.434768351998063 ], [ 78.005398755446464, 30.434720542055569 ], [ 78.005357365430072, 30.434683575288854 ], [ 78.005303726944064, 30.434638972249903 ], [ 78.005259398005492, 30.43460465948181 ], [ 78.00523503159296, 30.434586378405246 ], [ 78.005202233935393, 30.434563494751163 ], [ 78.005155431073007, 30.434532169975856 ], [ 78.005100016878885, 30.434497536656178 ], [ 78.005058453052726, 30.434473315838293 ], [ 78.00500577301959, 30.434444561398575 ], [ 78.004963703237451, 30.434423093566263 ], [ 78.004955954315591, 30.434419178222658 ], [ 78.004926239165599, 30.434404867592821 ], [ 78.004907469274542, 30.434396172662357 ], [ 78.004867532428889, 30.434378618788092 ], [ 78.004816028757517, 30.434357174963242 ], [ 78.004763149815219, 30.43433670729728 ], [ 78.004710310187789, 30.434317764456029 ], [ 78.004668119621911, 30.434303562054286 ], [ 78.004615270713373, 30.434286922277618 ], [ 78.004583952027943, 30.43427754762936 ], [ 78.004531807434944, 30.434262739756921 ], [ 78.004508871474442, 30.434256479727093 ], [ 78.004424039153363, 30.434234255919943 ], [ 78.0044184416398, 30.434232804361958 ], [ 78.004401981309101, 30.434228579413389 ], [ 78.004302259781355, 30.434202979482325 ], [ 78.004202511994606, 30.434177371810254 ], [ 78.004102758537556, 30.434151763425863 ], [ 78.00400301469611, 30.434126157766404 ], [ 78.00390326790928, 30.434100550094509 ], [ 78.003803518771434, 30.434074942818743 ], [ 78.003703769248133, 30.434049334700806 ], [ 78.003604025138984, 30.434023728716095 ], [ 78.003504279619762, 30.433998121369275 ], [ 78.003404525277901, 30.433972511757776 ], [ 78.003328290053545, 30.433952886176261 ], [ 78.003288541805304, 30.433882702745638 ], [ 78.003281626912639, 30.433870506611402 ], [ 78.003235755435, 30.433789599652048 ], [ 78.003189884491334, 30.433708691870773 ], [ 78.003144009587999, 30.433627777105041 ], [ 78.003098135664487, 30.433546865831804 ], [ 78.003052264721006, 30.43346595805053 ], [ 78.003006391797584, 30.433385046777115 ], [ 78.002960518874346, 30.433304135503878 ], [ 78.00291464571859, 30.433223223821013 ], [ 78.002888899988776, 30.433177813294652 ], [ 78.002885548352651, 30.433171955387781 ], [ 78.002864294090656, 30.433135143537147 ], [ 78.002854222082007, 30.433118151124514 ], [ 78.002812114612311, 30.433048925417037 ], [ 78.002804031995964, 30.433035897467828 ], [ 78.002795613909285, 30.433022591525702 ], [ 78.002786013593365, 30.433007750664007 ], [ 78.002732958096843, 30.432927517025608 ], [ 78.002731261928119, 30.43292496166595 ], [ 78.002715508191145, 30.432902103209667 ], [ 78.002659065748247, 30.432822885586983 ], [ 78.002640663980316, 30.432797981156643 ], [ 78.002581255596141, 30.432720409545464 ], [ 78.002561923608752, 30.432696043516625 ], [ 78.002499613285096, 30.432620200915448 ], [ 78.002479358840574, 30.432596384217501 ], [ 78.002414211578952, 30.432522352624378 ], [ 78.002393083671521, 30.432499142277489 ], [ 78.002325172472908, 30.43242700069074 ], [ 78.002315963141655, 30.432417355105255 ], [ 78.002303161361922, 30.432404385918641 ], [ 78.002232556227213, 30.432334212336674 ], [ 78.002209708752005, 30.432312242227031 ], [ 78.002136487681739, 30.432244112647897 ], [ 78.002112829187368, 30.432222810159768 ], [ 78.002037071181988, 30.432156796581697 ], [ 78.00201260766616, 30.43213616745911 ], [ 78.001934391725413, 30.432072340880421 ], [ 78.001909173137477, 30.4320524272614 ], [ 78.001828586261283, 30.431990856679878 ], [ 78.001809267776167, 30.431976457128993 ], [ 78.001802609713437, 30.431971656717725 ], [ 78.001719735901275, 30.431912409131865 ], [ 78.001693062331611, 30.431893968102539 ], [ 78.001608504581114, 30.431837448508201 ], [ 78.001591626514355, 30.431826402122706 ], [ 78.0015704065856, 30.431812805221856 ], [ 78.001567055749902, 30.431810667100532 ], [ 78.00150326310461, 30.431770132024969 ], [ 78.001419374132922, 30.431716826155917 ], [ 78.001404765043873, 30.431707543103013 ], [ 78.001360655672073, 30.431678778335733 ], [ 78.00130693140882, 30.431641595220835 ], [ 78.001256376982923, 30.431604188991077 ], [ 78.001207260775828, 30.431565363001365 ], [ 78.001159637632881, 30.431525161439641 ], [ 78.001113565030082, 30.431483632289211 ], [ 78.001069085873368, 30.431440813971964 ], [ 78.001026250845229, 30.431396756242766 ], [ 78.000985105079849, 30.431351504175428 ], [ 78.000945692404414, 30.431305107555549 ], [ 78.000908059757734, 30.43125762012556 ], [ 78.000871806601168, 30.431208646967409 ], [ 78.000862530376224, 30.43119579923351 ], [ 78.000858346209071, 30.431189834653036 ], [ 78.000811811856707, 30.431125434962834 ], [ 78.000789800629022, 30.431096243238951 ], [ 78.000747516376123, 30.431042464513478 ], [ 78.000720363203257, 30.431009542068796 ], [ 78.000697738105728, 30.430983371211138 ], [ 78.000671466753701, 30.430954246021056 ], [ 78.000635613648328, 30.430916134239414 ], [ 78.000626195849165, 30.43090626697099 ], [ 78.000601733561851, 30.430881903800131 ], [ 78.000563412507788, 30.430845090023571 ], [ 78.00052759953671, 30.430812368730695 ], [ 78.000487203535144, 30.430777260955342 ], [ 78.000449544852572, 30.430746129014938 ], [ 78.0004071749036, 30.43071281523849 ], [ 78.000376803993902, 30.430689848992696 ], [ 78.000367774465317, 30.430683358193154 ], [ 78.000323535568498, 30.430651920413485 ], [ 78.000282480026428, 30.430624202881749 ], [ 78.000236484180718, 30.430594721096558 ], [ 78.000193887542494, 30.430568819999113 ], [ 78.000146247746031, 30.430541366206274 ], [ 78.000102206992239, 30.430517340254912 ], [ 78.000053044243344, 30.430491984452299 ], [ 78.000041131430379, 30.430485932751647 ], [ 78.00000767081886, 30.430469894949983 ], [ 77.999957107114881, 30.430446700135914 ], [ 77.999910513262549, 30.430426602155567 ], [ 77.999858674600475, 30.430405626327737 ], [ 77.999810990790863, 30.430387575531501 ], [ 77.999758007167685, 30.430368870688671 ], [ 77.999721296588746, 30.430356606459039 ], [ 77.999709340833959, 30.430352906989686 ], [ 77.999655345245344, 30.430336520129995 ], [ 77.999605793343022, 30.430322677285968 ], [ 77.999550919785236, 30.430308650407998 ], [ 77.999500678655409, 30.430296981770741 ], [ 77.999446060115488, 30.430285555871404 ], [ 77.999415213850213, 30.43027953111773 ], [ 77.999400648975751, 30.430276887141137 ], [ 77.999367977740789, 30.430271427121856 ], [ 77.999356368766215, 30.430269711915212 ], [ 77.99925981661913, 30.430255933038506 ], [ 77.999207537684356, 30.430249647472305 ], [ 77.999100972646318, 30.430239213566299 ], [ 77.999089358346211, 30.430238133547203 ], [ 77.999077756001356, 30.430237111667733 ], [ 77.998985231979304, 30.430228965904202 ], [ 77.998881088639493, 30.430219797128597 ], [ 77.998837676665389, 30.430215902128186 ], [ 77.998813470590903, 30.430213477227195 ], [ 77.998767246730083, 30.43017292298563 ], [ 77.998761477355941, 30.430167805129269 ], [ 77.998695821694767, 30.430109106608914 ], [ 77.99862339251176, 30.430044379050667 ], [ 77.99861699893934, 30.43003866679209 ], [ 77.998582567318579, 30.430007999635809 ], [ 77.998575195133768, 30.430001499670087 ], [ 77.998540289130517, 30.429971032864653 ], [ 77.998524465404188, 30.42995751325007 ], [ 77.998484974422155, 30.429924485465474 ], [ 77.998459222888087, 30.429903665999678 ], [ 77.998418342940312, 30.429871719214727 ], [ 77.998399154460884, 30.429857089945198 ], [ 77.998390940475829, 30.429850980987059 ], [ 77.998382104223921, 30.42984448290321 ], [ 77.998370469613675, 30.429836146860065 ], [ 77.998330527709484, 30.429807949058105 ], [ 77.99829449916632, 30.429783633579941 ], [ 77.998252329305288, 30.429756439777709 ], [ 77.998213508700601, 30.429732581005329 ], [ 77.99816638489601, 30.429705000212568 ], [ 77.998124672463035, 30.429681819942953 ], [ 77.998076002704153, 30.429656169141648 ], [ 77.998055564969263, 30.429645672651038 ], [ 77.998033032051339, 30.42963472001313 ], [ 77.997983008335495, 30.42961110720098 ], [ 77.997938954329541, 30.429591475439164 ], [ 77.997887690654466, 30.429569951614663 ], [ 77.997842568360824, 30.429552143379777 ], [ 77.997790180723314, 30.42953275954142 ], [ 77.997744143041018, 30.429516837294788 ], [ 77.997690749438064, 30.429499636440891 ], [ 77.997684048468685, 30.429497500347455 ], [ 77.997643914320591, 30.429485638376672 ], [ 77.997589636748287, 30.429470658505995 ], [ 77.997542045681371, 30.429458598041013 ], [ 77.997487007135916, 30.429445875152314 ], [ 77.997438840543253, 30.42943579851519 ], [ 77.997383165020565, 30.429425359607496 ], [ 77.997343792168394, 30.429418663005823 ], [ 77.997334496224468, 30.429417280195867 ], [ 77.997278310720219, 30.429409149268647 ], [ 77.997229219575559, 30.429403082700777 ], [ 77.997172651085222, 30.429397279752965 ], [ 77.997123328386223, 30.429393248843137 ], [ 77.997066505905281, 30.42938978487447 ], [ 77.997016991774714, 30.42938779164329 ], [ 77.996960042298468, 30.429386675653323 ], [ 77.996936509000136, 30.429386445099436 ], [ 77.996910466021873, 30.429386727457928 ], [ 77.996853520545443, 30.42938796244675 ], [ 77.996804028768366, 30.429390058100356 ], [ 77.996747215286803, 30.429393640067968 ], [ 77.99669787146658, 30.42939777675203 ], [ 77.996641318975705, 30.429403698698696 ], [ 77.996592288721899, 30.429409862068955 ], [ 77.996536126216853, 30.429418108995296 ], [ 77.996529277830987, 30.429419135005862 ], [ 77.996487455564804, 30.429426293538295 ], [ 77.996431810041059, 30.429436848444933 ], [ 77.996383650783855, 30.429447030425703 ], [ 77.996328647237078, 30.429459869313344 ], [ 77.996281113824139, 30.429472023313284 ], [ 77.996226878250411, 30.429487116183171 ], [ 77.99618912852867, 30.429498317347612 ], [ 77.996180085650749, 30.429501210666619 ], [ 77.996126740046023, 30.429518522519547 ], [ 77.99608072719542, 30.429534547755086 ], [ 77.996028393556131, 30.429554041592741 ], [ 77.995983349125012, 30.429571932650799 ], [ 77.995932145447981, 30.429593562474597 ], [ 77.99588811797814, 30.429613298671985 ], [ 77.995838160260178, 30.429637016483522 ], [ 77.995817840024372, 30.42964692165123 ], [ 77.995795264990974, 30.429658547632474 ], [ 77.995746667229952, 30.429684299433344 ], [ 77.995705021885897, 30.429707565013384 ], [ 77.995657893079255, 30.429735291805446 ], [ 77.995617573342727, 30.429760247821367 ], [ 77.995572020488979, 30.42978988660666 ], [ 77.995533073757983, 30.429816507890504 ], [ 77.995489201855605, 30.429847993670709 ], [ 77.995484054727015, 30.429851711903897 ], [ 77.995451815727449, 30.429876150758925 ], [ 77.995409721775658, 30.429909409536346 ], [ 77.995373896070234, 30.429939099899759 ], [ 77.99533367806869, 30.429974056676077 ], [ 77.995299520825967, 30.430005194541341 ], [ 77.995261267774566, 30.43004177231877 ], [ 77.995235185972604, 30.430067687896543 ], [ 77.995228886657401, 30.430074256231752 ], [ 77.995192267555339, 30.430112809009611 ], [ 77.995153874438927, 30.430155807488521 ], [ 77.995103785196832, 30.430215541170345 ], [ 77.995075850163701, 30.430250564091086 ], [ 77.995060273060005, 30.430271113988869 ], [ 77.995043907648579, 30.430293408731988 ], [ 77.995015016420325, 30.430334070538532 ], [ 77.994999452958524, 30.430356709578863 ], [ 77.994971738965816, 30.430398482483643 ], [ 77.994961343744777, 30.430414528208036 ], [ 77.994958857931621, 30.430418458610884 ], [ 77.994902328273866, 30.430383338490206 ], [ 77.99481778803613, 30.430330815644933 ], [ 77.994733242493297, 30.430278288503718 ], [ 77.994648696950463, 30.430225762362593 ], [ 77.994562933360982, 30.430172479632542 ], [ 77.994519175899683, 30.430145410607832 ], [ 77.99450863618641, 30.430138975959107 ], [ 77.994464538358613, 30.430112406156749 ], [ 77.994443109437753, 30.430099834306521 ], [ 77.994396977638218, 30.430073488505958 ], [ 77.99436412570833, 30.430055480103544 ], [ 77.994315766948674, 30.43003005430057 ], [ 77.994296274956824, 30.430020055695959 ], [ 77.994270441072459, 30.43000755162689 ], [ 77.99421919836638, 30.429983570818262 ], [ 77.994163045099995, 30.429959158993167 ], [ 77.994110528443727, 30.429938022166834 ], [ 77.994050972243215, 30.429915976934172 ], [ 77.993996491638654, 30.429897525089853 ], [ 77.993973586894242, 30.429890035398497 ], [ 77.99393521102607, 30.429878660220187 ], [ 77.993879492464217, 30.429863188353732 ], [ 77.993816954126515, 30.429847672371988 ], [ 77.993760228600365, 30.429835246481094 ], [ 77.993696690673275, 30.42982314528194 ], [ 77.993639181175126, 30.429813814365101 ], [ 77.993628367893834, 30.429812111059338 ], [ 77.993574918679357, 30.429805178633149 ], [ 77.993516848201509, 30.429798977688858 ], [ 77.993452061560745, 30.429793834648375 ], [ 77.993392724104027, 30.429790740676363 ], [ 77.99333020300017, 30.429789112155046 ], [ 77.993309002440995, 30.429789299261021 ], [ 77.993219724262019, 30.429790875246763 ], [ 77.993155154192905, 30.429793755452348 ], [ 77.993127867441729, 30.42979571043448 ], [ 77.993087451029652, 30.429799295495261 ], [ 77.993031502533142, 30.429805216442016 ], [ 77.992985459679346, 30.429810996705928 ], [ 77.992929717170966, 30.429819100633413 ], [ 77.992921189091206, 30.429820372060465 ], [ 77.992886741032052, 30.429826156060056 ], [ 77.992781968933144, 30.429845340889958 ], [ 77.992764812261854, 30.429848613737907 ], [ 77.992734385715238, 30.429854651803776 ], [ 77.992661776930476, 30.429869107113081 ], [ 77.992560395293523, 30.429889291038545 ], [ 77.992459007199344, 30.429909475050518 ], [ 77.992357620105068, 30.429929660062403 ], [ 77.992318818375765, 30.429937384584402 ], [ 77.99228526528853, 30.429933556680897 ], [ 77.992194542000092, 30.429930124174529 ], [ 77.992103818711826, 30.429933556680897 ], [ 77.992013785863449, 30.429943828077253 ], [ 77.991961473003272, 30.429953025676557 ], [ 77.99179186025863, 30.429986793761241 ], [ 77.991730132596714, 30.429999227034141 ], [ 77.99170306153114, 30.430005012624637 ], [ 77.991596211417672, 30.430029168412762 ], [ 77.991545975716036, 30.430041700828223 ], [ 77.991488468170459, 30.430057412692388 ], [ 77.99144545045219, 30.43007006642183 ], [ 77.99143990232028, 30.430071831786929 ], [ 77.99138288774482, 30.430090132631502 ], [ 77.99132854527474, 30.430109099209144 ], [ 77.991278166618827, 30.430128127051024 ], [ 77.991212464689056, 30.430155350600661 ], [ 77.991148841066774, 30.43018412436945 ], [ 77.991109985074047, 30.430202619717814 ], [ 77.991079627890969, 30.430218410160013 ], [ 77.991025042151307, 30.430247908933215 ], [ 77.99096339690044, 30.430283934685374 ], [ 77.990912632078235, 30.43031594545079 ], [ 77.990864847547769, 30.430347954698487 ], [ 77.99083162962495, 30.430371571533019 ], [ 77.990822782135282, 30.430377932959782 ], [ 77.990778763737637, 30.430411823798895 ], [ 77.990718525784345, 30.430460913474864 ], [ 77.990669477895224, 30.430503648157678 ], [ 77.990627845854476, 30.430542430918148 ], [ 77.990598308482276, 30.430571151208472 ], [ 77.990560086397224, 30.430609950980223 ], [ 77.990554385514088, 30.430615787945268 ], [ 77.990533863229231, 30.430637667138125 ], [ 77.990466677994434, 30.430711626723426 ], [ 77.99045680540334, 30.430722669636143 ], [ 77.990441052164272, 30.430740574964386 ], [ 77.990402865508472, 30.430783629886324 ], [ 77.990395876113638, 30.430791194946192 ], [ 77.990393179857435, 30.430795760017535 ], [ 77.990389040814733, 30.430799207312074 ], [ 77.990385679714535, 30.430802016635869 ], [ 77.990333020944746, 30.430835161350576 ], [ 77.990324117019853, 30.430840794904821 ], [ 77.989479274097661, 30.431375039505379 ], [ 77.989474932094637, 30.431377800127688 ], [ 77.989408728318125, 30.431420120818995 ], [ 77.989383742140561, 30.431436603227144 ], [ 77.989319134319771, 30.431480571913614 ], [ 77.989291862250013, 30.431499786786862 ], [ 77.989265710067372, 30.431518907368247 ], [ 77.989241760731886, 30.431536968406423 ], [ 77.98919868378934, 30.4315704681804 ], [ 77.989168250556688, 30.43159510531753 ], [ 77.989126187571955, 30.431630549087227 ], [ 77.989096929074989, 30.431656209406075 ], [ 77.989056535046956, 30.431693082175801 ], [ 77.989028471755887, 30.431719747673878 ], [ 77.988989811684661, 30.431757991445583 ], [ 77.988975414104104, 30.431772543047817 ], [ 77.988963015628087, 30.431785593393688 ], [ 77.988926151514548, 30.431825145168521 ], [ 77.988900632548223, 30.431853674027796 ], [ 77.988865623392826, 30.431894472807084 ], [ 77.988841468882441, 30.431923829384164 ], [ 77.988808369686168, 30.431965807169501 ], [ 77.988785560888289, 30.431996014591309 ], [ 77.988754425652573, 30.432039107383932 ], [ 77.988735228964956, 30.432066764606578 ], [ 77.988733044871864, 30.432070058672043 ], [ 77.988703923598123, 30.432114194473545 ], [ 77.988683987044908, 30.432145863307145 ], [ 77.988656924734656, 30.432190974118409 ], [ 77.988638461526264, 30.432223315442339 ], [ 77.988613503181725, 30.432269327264958 ], [ 77.988596550827353, 30.432302275380838 ], [ 77.988573735450743, 30.432349115215604 ], [ 77.988558314202649, 30.43238263060589 ], [ 77.988537678796192, 30.43243022345413 ], [ 77.988533949945193, 30.432438960307149 ], [ 77.988523808239762, 30.432464268385804 ], [ 77.988518668042516, 30.432477737686146 ], [ 77.988505394216745, 30.432512517210473 ], [ 77.988493114603145, 30.432546989360052 ], [ 77.988476934145467, 30.432595859237797 ], [ 77.988466251820753, 30.432630740808317 ], [ 77.988452340341496, 30.432680131702181 ], [ 77.988443279984054, 30.432715341529413 ], [ 77.988431658486505, 30.432765175439922 ], [ 77.98842684927304, 30.432787204288712 ], [ 77.988424231943569, 30.432800660639234 ], [ 77.988414918430763, 30.432850857567093 ], [ 77.988409130259228, 30.43288660369333 ], [ 77.988402141734625, 30.432937083638709 ], [ 77.988398010452286, 30.43297298148909 ], [ 77.988393356919261, 30.433023662452516 ], [ 77.988390884934333, 30.433059685059991 ], [ 77.988388574396083, 30.43311048704199 ], [ 77.988387766980793, 30.433146270897868 ], [ 77.988387801530578, 30.433197381946417 ], [ 77.988388659224938, 30.433233465929508 ], [ 77.988391040686892, 30.433284264948188 ], [ 77.988393562608948, 30.433320280915641 ], [ 77.988398394063822, 30.433372108953503 ], [ 77.988404712220841, 30.433422321523782 ], [ 77.988418550320219, 30.433509553631541 ], [ 77.988424849287441, 30.433544239242014 ], [ 77.988427912068573, 30.433559120860085 ], [ 77.988434337490546, 30.433587661402992 ], [ 77.988456841577317, 30.433679700575897 ], [ 77.988461928230194, 30.433699413242064 ], [ 77.988472097875231, 30.433736848772295 ], [ 77.988474299750536, 30.433744903272473 ], [ 77.988475637561464, 30.433749825138765 ], [ 77.988491434267459, 30.433801125847335 ], [ 77.988510686848144, 30.433851532310339 ], [ 77.988518721836456, 30.43386834189695 ], [ 77.988497776231029, 30.433917330955982 ], [ 77.988453052028021, 30.433887799095647 ], [ 77.988429266237262, 30.433872517248393 ], [ 77.988384752397721, 30.433844759452509 ], [ 77.988370437720803, 30.433835990728806 ], [ 77.988314922937988, 30.433802587977485 ], [ 77.988312034384236, 30.433800856210755 ], [ 77.987955154803416, 30.433587666801873 ], [ 77.987884801695373, 30.43354914111843 ], [ 77.987804249356699, 30.43351280507812 ], [ 77.987776518197819, 30.433502851587111 ], [ 77.986818829799375, 30.432930746058471 ], [ 77.986812420270468, 30.432926918334555 ], [ 77.986805246283723, 30.4329226722413 ], [ 77.986716920648391, 30.43287086163021 ], [ 77.986680143652364, 30.432850252818131 ], [ 77.986594367068122, 30.432804374172004 ], [ 77.986568088668406, 30.432790777027616 ], [ 77.986562407162467, 30.432787955214078 ], [ 77.986553410211556, 30.432783519249238 ], [ 77.986531821086047, 30.432773166241365 ], [ 77.986483020367018, 30.43275041442298 ], [ 77.986444397145775, 30.43273329701611 ], [ 77.986393706466572, 30.432711974189939 ], [ 77.98635430741686, 30.432696271251789 ], [ 77.986302635770343, 30.432676796413514 ], [ 77.986262508376839, 30.432662526480012 ], [ 77.986209944760802, 30.432644933628925 ], [ 77.986190911877443, 30.4326387477556 ], [ 77.986169187333687, 30.432632130843604 ], [ 77.986115824745383, 30.432616449978109 ], [ 77.986074443198305, 30.43260511757234 ], [ 77.986020372634627, 30.432591377691995 ], [ 77.985978519991676, 30.43258155796865 ], [ 77.985923835449981, 30.432569781072214 ], [ 77.985881540613732, 30.432561478993367 ], [ 77.985826338090462, 30.432551686080398 ], [ 77.985798320937064, 30.432547061432 ], [ 77.985783677556697, 30.432544917224877 ], [ 77.985728052048941, 30.432537125294576 ], [ 77.98568511545723, 30.432531903392732 ], [ 77.985629163961349, 30.432526125444657 ], [ 77.985585991178667, 30.432522455902653 ], [ 77.985529809691116, 30.432518702936537 ], [ 77.985486489826627, 30.432516594999068 ], [ 77.985430177343943, 30.432514874014647 ], [ 77.985393487000209, 30.432514313531964 ], [ 77.985386835213887, 30.432514331948344 ], [ 77.985330488732444, 30.432514643945527 ], [ 77.985287125307778, 30.432515667296887 ], [ 77.985230842824038, 30.432518013275587 ], [ 77.985187585288699, 30.432520599787392 ], [ 77.98513146479894, 30.432524974747874 ], [ 77.985088338389289, 30.432529123553973 ], [ 77.985032475889952, 30.432535521496415 ], [ 77.984989621126303, 30.43254121884905 ], [ 77.984933360836195, 30.432549741603108 ], [ 77.984891563140224, 30.432556867156944 ], [ 77.984836509611725, 30.432567271064901 ], [ 77.984794319342853, 30.432576046066426 ], [ 77.98473981379469, 30.432588428957938 ], [ 77.984698114923845, 30.432598711105516 ], [ 77.984644251352819, 30.432613049981203 ], [ 77.984603057506263, 30.432624835489062 ], [ 77.984549930909623, 30.432641106350165 ], [ 77.984540786103821, 30.432643948756475 ], [ 77.984509366363412, 30.432654359535025 ], [ 77.984457066738344, 30.432672533382163 ], [ 77.984417132668071, 30.432687254816191 ], [ 77.984365753011801, 30.432707301650428 ], [ 77.984326607502567, 30.432723432720419 ], [ 77.984276235812644, 30.432745315543084 ], [ 77.98423786966984, 30.432762858991911 ], [ 77.984188592944562, 30.432786541804244 ], [ 77.984173005313821, 30.432794186028165 ], [ 77.984151115679893, 30.432805448755627 ], [ 77.984103777913305, 30.432830488561766 ], [ 77.984082058354531, 30.43284229794617 ], [ 77.984072137399622, 30.43284784090373 ], [ 77.984054051751272, 30.432858178032571 ], [ 77.984016225908547, 30.432880290866269 ], [ 77.983983952644124, 30.432899938741063 ], [ 77.983938626800779, 30.43292865953072 ], [ 77.983904155616827, 30.432951472295731 ], [ 77.983860096732471, 30.432981910080112 ], [ 77.983839897262811, 30.432996227236995 ], [ 77.98382675413356, 30.433005945889722 ], [ 77.983784195206511, 30.433037948670592 ], [ 77.983754147481676, 30.433061511752566 ], [ 77.983751188273331, 30.433060152856637 ], [ 77.983693323791769, 30.43303738401347 ], [ 77.983633482211005, 30.433015721194732 ], [ 77.983588247191193, 30.433000409802755 ], [ 77.983510583869901, 30.432978860846713 ], [ 77.983447947382615, 30.43296379797825 ], [ 77.983399409699771, 30.432953207729749 ], [ 77.983350340670214, 30.432944651486036 ], [ 77.983320729647602, 30.432940507357262 ], [ 77.983256415220396, 30.432932328430571 ], [ 77.983191791685073, 30.432925890224514 ], [ 77.98312683027514, 30.432922962193718 ], [ 77.983061840872836, 30.432921795204191 ], [ 77.983040274000103, 30.432921601588401 ], [ 77.982986025083989, 30.432922827325424 ], [ 77.98293192359732, 30.432926501205291 ], [ 77.982867273182521, 30.432932364152396 ], [ 77.982794861336401, 30.432941168485659 ], [ 77.982739037701975, 30.432951070209366 ], [ 77.982675735238431, 30.432963872096384 ], [ 77.982615479782169, 30.432977718663121 ], [ 77.982556288830111, 30.432994665801925 ], [ 77.98255119985501, 30.432996283841316 ], [ 77.982490232309146, 30.433015824675334 ], [ 77.982429955549392, 30.433037021995322 ], [ 77.982371324370902, 30.433061440373042 ], [ 77.982313644714651, 30.433087415164248 ], [ 77.982273188654631, 30.433106632065563 ], [ 77.982202219559142, 30.433145526200764 ], [ 77.982148525771947, 30.433177650961216 ], [ 77.982108996748522, 30.433202507464383 ], [ 77.982069783289901, 30.433229752573663 ], [ 77.982030410995321, 30.433209472692955 ], [ 77.981977521011913, 30.433182962487013 ], [ 77.981901084171767, 30.433148264929653 ], [ 77.981846215526673, 30.433125818113691 ], [ 77.981766325927552, 30.433096596189255 ], [ 77.981709491349093, 30.43307818434565 ], [ 77.981700996463758, 30.433075468812429 ], [ 77.981627053415636, 30.433054820968817 ], [ 77.981568647892018, 30.433040573093226 ], [ 77.981484268574619, 30.43302324054272 ], [ 77.981424149097393, 30.433013162632481 ], [ 77.981407200791708, 30.433010447495032 ], [ 77.981327284793437, 30.433000986446732 ], [ 77.9812535164628, 30.432994764502883 ], [ 77.981176894619352, 30.432990765880295 ], [ 77.98114437291828, 30.432990109886102 ], [ 77.981120148000215, 30.432989865597779 ], [ 77.98111453225377, 30.432989878723991 ], [ 77.981099344393371, 30.432989949723375 ], [ 77.981053751110096, 30.432991028724619 ], [ 77.980996276637086, 30.432993481702528 ], [ 77.980931347552229, 30.432998021066968 ], [ 77.980873805071937, 30.43300361901645 ], [ 77.980821533337078, 30.433009870380499 ], [ 77.980765613831252, 30.433017814309569 ], [ 77.980753260191719, 30.433019635496326 ], [ 77.980725913806836, 30.433024141325991 ], [ 77.980671221279522, 30.433033811240104 ], [ 77.980636309868345, 30.433040526998365 ], [ 77.980532847740761, 30.433062051808744 ], [ 77.980521415395032, 30.433064489581749 ], [ 77.980507803449498, 30.43306746296329 ], [ 77.979832419684939, 30.433215045019377 ], [ 77.97981195650695, 30.433219550925603 ], [ 77.9798000004063, 30.43322224963708 ], [ 77.979698162247246, 30.433245796430928 ], [ 77.979683661306353, 30.4332492467117 ], [ 77.979637850679765, 30.433260455613951 ], [ 77.97962784873188, 30.433262949727844 ], [ 77.979571201189046, 30.433277341602736 ], [ 77.979555690149127, 30.433281396182696 ], [ 77.979454698951315, 30.433308539947799 ], [ 77.979437614905137, 30.433313271861682 ], [ 77.979364586474375, 30.433334101682394 ], [ 77.979354695369196, 30.433336970580225 ], [ 77.979326918583169, 30.433345161509937 ], [ 77.979322089029338, 30.43334659712885 ], [ 77.979299718552141, 30.433353301143971 ], [ 77.9788887460426, 30.433477280155206 ], [ 77.978885781777322, 30.433478178740234 ], [ 77.97882370224967, 30.433497088578374 ], [ 77.978812887992802, 30.433500440867665 ], [ 77.978795704661607, 30.433506009403697 ], [ 77.978694692401362, 30.43353962611933 ], [ 77.978644901133009, 30.433557491400496 ], [ 77.978592518486337, 30.433577678233323 ], [ 77.978545128614229, 30.433597195041759 ], [ 77.978493875927157, 30.433619691859857 ], [ 77.978444246649573, 30.433642961710259 ], [ 77.978405641278769, 30.433662252845881 ], [ 77.978378436524224, 30.433676337619762 ], [ 77.978369651566396, 30.433681044583647 ], [ 77.978331256351396, 30.433702642040803 ], [ 77.978278436567109, 30.433733804807392 ], [ 77.978215324965831, 30.43377413585203 ], [ 77.978168691088101, 30.433806355623592 ], [ 77.978148532634876, 30.433820644324303 ], [ 77.978112262540037, 30.433848283836138 ], [ 77.978069582583586, 30.433882361608919 ], [ 77.978036281017992, 30.433910161337305 ], [ 77.978024378016741, 30.433920549271196 ], [ 77.977998639762717, 30.433943829109698 ], [ 77.977968495730565, 30.433972087935732 ], [ 77.977935496945875, 30.434004551246172 ], [ 77.977925733378143, 30.434014785930028 ], [ 77.977888487268132, 30.434054419703092 ], [ 77.977843632651215, 30.434105792535302 ], [ 77.977809484465425, 30.434147951315769 ], [ 77.977768974864958, 30.434201967827388 ], [ 77.977738385607609, 30.434246131621254 ], [ 77.977729433799425, 30.434259307758058 ], [ 77.977702429512789, 30.43430251350868 ], [ 77.977675556189496, 30.434348455320457 ], [ 77.977644333689, 30.43440692050444 ], [ 77.977621471308566, 30.4344540803387 ], [ 77.977603010427032, 30.434494913404162 ], [ 77.977597800007558, 30.434507612247561 ], [ 77.977582460669751, 30.434545901133578 ], [ 77.977564975251838, 30.434593815138253 ], [ 77.97755241189455, 30.434631901043527 ], [ 77.977540688323458, 30.434670679459916 ], [ 77.977459404825836, 30.434655652719176 ], [ 77.977369367649544, 30.434645381330281 ], [ 77.977278640000151, 30.4346419488264 ], [ 77.977254487467377, 30.434642191648518 ], [ 77.977163736302046, 30.43464401663206 ], [ 77.977080652645469, 30.434648572678622 ], [ 77.976967259672591, 30.434658748586916 ], [ 77.976893729152252, 30.434667653720791 ], [ 77.976884851659023, 30.434669044514582 ], [ 77.97677275963855, 30.434687040354245 ], [ 77.976691563945181, 30.434703010279183 ], [ 77.976581489852407, 30.434728711054024 ], [ 77.976502038571297, 30.434750249066465 ], [ 77.976396399370088, 30.434782958787263 ], [ 77.976390648327609, 30.434784756034592 ], [ 77.976346984501447, 30.434799499666152 ], [ 77.976315613721695, 30.434810803571519 ], [ 77.976277494195855, 30.434825320761991 ], [ 77.976202612686677, 30.434855400514724 ], [ 77.976138440530377, 30.434883551636691 ], [ 77.976039167088288, 30.434930903260646 ], [ 77.976020665919165, 30.434939942285109 ], [ 77.975967893531632, 30.43496819260648 ], [ 77.975872735944407, 30.43502259219478 ], [ 77.975805137847686, 30.43506469194158 ], [ 77.975715659100601, 30.435125263508898 ], [ 77.975687387592629, 30.43514510046462 ], [ 77.975657733541851, 30.435167502525982 ], [ 77.975589438625647, 30.435221097165819 ], [ 77.975559338665605, 30.435245678782383 ], [ 77.975542580669909, 30.435259919690214 ], [ 77.975518116887798, 30.435281416599 ], [ 77.975443991840891, 30.435348770177537 ], [ 77.975429328310597, 30.43536237242682 ], [ 77.975402819035281, 30.435387477381735 ], [ 77.975366399662164, 30.435421823128781 ], [ 77.975358391865257, 30.435429124923861 ], [ 77.975311418292847, 30.435439771457471 ], [ 77.975293557674433, 30.435443550170103 ], [ 77.974482529803623, 30.435614662505959 ], [ 77.974478361538601, 30.435615549812187 ], [ 77.974405902145975, 30.435631111675274 ], [ 77.974386625174319, 30.435635421666394 ], [ 77.974333416613376, 30.435647789558171 ], [ 77.974303276401457, 30.435655218518196 ], [ 77.974248173843208, 30.435669580393441 ], [ 77.974191236072258, 30.4356859856148 ], [ 77.974105877723431, 30.435713033849385 ], [ 77.974092632644798, 30.435717607271737 ], [ 77.974095748577014, 30.435673475353173 ], [ 77.974097529688279, 30.435634288618783 ], [ 77.974098283294879, 30.435597241612964 ], [ 77.974098444974615, 30.435581335848969 ], [ 77.974098093901304, 30.435557919170773 ], [ 77.974096629383027, 30.435509068182096 ], [ 77.974093977174263, 30.435464022924261 ], [ 77.974089673658497, 30.435415036957867 ], [ 77.974084427157308, 30.435370168925022 ], [ 77.974077303651967, 30.435321430980498 ], [ 77.97406960678002, 30.435277487186116 ], [ 77.974059551289542, 30.435228482100971 ], [ 77.974049163994778, 30.435184299826776 ], [ 77.974036461525301, 30.435136420924156 ], [ 77.974023535277681, 30.435092731266398 ], [ 77.974008086833379, 30.43504546238319 ], [ 77.973992656855543, 30.435002387994512 ], [ 77.973974501440779, 30.434955848129572 ], [ 77.973966538977379, 30.434936188424953 ], [ 77.973956615950001, 30.434913517510385 ], [ 77.973935799568849, 30.434867820662479 ], [ 77.973915479664868, 30.434826286101977 ], [ 77.973892053321336, 30.434781549269605 ], [ 77.97386936990867, 30.434740959521154 ], [ 77.973843347605424, 30.434697217702809 ], [ 77.973819585881998, 30.434659508785575 ], [ 77.97381727724391, 30.434656061496366 ], [ 77.973786549967372, 30.434610411704863 ], [ 77.973760213623237, 30.434573367919047 ], [ 77.973731706427699, 30.434535355106771 ], [ 77.97370248103617, 30.434498424404541 ], [ 77.973639445725695, 30.434422861805874 ], [ 77.973622851560719, 30.434403519407436 ], [ 77.97358705719715, 30.434362942880941 ], [ 77.973473589534152, 30.434234957837578 ], [ 77.973468040805741, 30.43422875532352 ], [ 77.973422644642469, 30.434178463604464 ], [ 77.973400129273529, 30.434154384259546 ], [ 77.973395587370845, 30.434149726007629 ], [ 77.97335864028652, 30.434112091228602 ], [ 77.97331252153451, 30.434068133244327 ], [ 77.973271085518462, 30.434031161477701 ], [ 77.973236327403328, 30.434001566710887 ], [ 77.973200009080045, 30.433973413885216 ], [ 77.973152791169923, 30.433938501125954 ], [ 77.973146219137234, 30.43393368233632 ], [ 77.973100053622616, 30.433901999687283 ], [ 77.973051894415505, 30.433872629930168 ], [ 77.972999174642609, 30.433842374158768 ], [ 77.972944860097741, 30.43381324015014 ], [ 77.972892335247138, 30.433788674693805 ], [ 77.972853632484728, 30.433771796830431 ], [ 77.97280288356481, 30.433751130790707 ], [ 77.97275092409626, 30.433732862664318 ], [ 77.972707815415546, 30.433718865783153 ], [ 77.972698594790046, 30.433715914895796 ], [ 77.972646878607421, 30.433700921350368 ], [ 77.972594327262982, 30.433688295241321 ], [ 77.972549431639052, 30.433678598326583 ], [ 77.972478427999647, 30.433665522584317 ], [ 77.972434270774031, 30.433659619387807 ], [ 77.972389513175344, 30.433654485433923 ], [ 77.972331992734667, 30.433649291669571 ], [ 77.972274228208349, 30.433646873915396 ], [ 77.972229163622856, 30.433646073922791 ], [ 77.972207842000174, 30.433645884688563 ], [ 77.972160699525361, 30.43364681015591 ], [ 77.972113653782586, 30.433649584659204 ], [ 77.972070289176642, 30.4336529986284 ], [ 77.971989247715271, 30.433662170407469 ], [ 77.971967284908587, 30.433665420378428 ], [ 77.971961750999085, 30.433666252584377 ], [ 77.971873933322755, 30.433683089307859 ], [ 77.971820741762087, 30.433695398199898 ], [ 77.971733288198052, 30.433719256896072 ], [ 77.971696205224561, 30.433731652209115 ], [ 77.971644149594354, 30.433750049054762 ], [ 77.971588727227214, 30.433771286389497 ], [ 77.971534824873871, 30.433795282295382 ], [ 77.971480301180051, 30.433821320088636 ], [ 77.971462254812806, 30.433830142152249 ], [ 77.971389529828187, 30.43387008880801 ], [ 77.971339803023298, 30.433899970585419 ], [ 77.971274066412121, 30.43394290506237 ], [ 77.971228919518609, 30.433974893837732 ], [ 77.9712187415318, 30.433982199341312 ], [ 77.971185130220377, 30.434007723278409 ], [ 77.971143640266149, 30.434040621058553 ], [ 77.971117486406271, 30.434062090915734 ], [ 77.971065388419362, 30.43410636562923 ], [ 77.97106113982305, 30.434109996994838 ], [ 77.971046807920445, 30.434122317203158 ], [ 77.971035080442263, 30.434131945638097 ], [ 77.971033597361043, 30.434134784056308 ], [ 77.971030535143015, 30.434136777605456 ], [ 77.971024371075174, 30.434140792533757 ], [ 77.970952335273495, 30.434174467127537 ], [ 77.970905838763031, 30.434196263561883 ], [ 77.97085177711881, 30.434177853622888 ], [ 77.970827063438634, 30.434169749954574 ], [ 77.970819451526296, 30.434167378225272 ], [ 77.970804499639812, 30.434162776264682 ], [ 77.970771789723074, 30.434153234776726 ], [ 77.970682082430102, 30.434128493990595 ], [ 77.970653887518992, 30.434121097020803 ], [ 77.970590199035883, 30.434105237159113 ], [ 77.970586752666819, 30.434104384497704 ], [ 77.970567907654697, 30.434099752493591 ], [ 77.97054784065277, 30.434094826492117 ], [ 77.970534054639543, 30.43409153082278 ], [ 77.970431221487601, 30.434067605032364 ], [ 77.970392358342721, 30.434059253786625 ], [ 77.970337953805483, 30.434048520881571 ], [ 77.970294791857341, 30.434040834699925 ], [ 77.970239706339328, 30.434032073778159 ], [ 77.97023254767366, 30.434030957634182 ], [ 77.970195578722027, 30.434025901084159 ], [ 77.970159023048694, 30.434021483123761 ], [ 77.970095143844731, 30.434015497796327 ], [ 77.970018211546503, 30.43401036484271 ], [ 77.969967921161853, 30.434008068122207 ], [ 77.969955599274698, 30.434007764124846 ], [ 77.969925973000102, 30.434007398738547 ], [ 77.96992218850454, 30.434007404699646 ], [ 77.969870761977859, 30.434007566698238 ], [ 77.969822036422187, 30.434008709061064 ], [ 77.969769780901203, 30.434010996040382 ], [ 77.969716710440466, 30.434014499218751 ], [ 77.969609513411797, 30.434023969133381 ], [ 77.969579547339507, 30.434026838634818 ], [ 77.969586927380078, 30.433992796135865 ], [ 77.969591366122785, 30.433972361635551 ], [ 77.969596378342942, 30.433945336856336 ], [ 77.969612255367963, 30.433850575732944 ], [ 77.969618494660253, 30.433805324277206 ], [ 77.969623990128866, 30.433754624234286 ], [ 77.969626546307424, 30.43372623520094 ], [ 77.969629902813423, 30.433679445174509 ], [ 77.969631298502861, 30.433654349098536 ], [ 77.969634934527321, 30.43356233007005 ], [ 77.969635215744319, 30.433554154194606 ], [ 77.969637017810726, 30.433495176544998 ], [ 77.96963754327858, 30.433480751777839 ], [ 77.969641378118752, 30.433418081211681 ], [ 77.969647014433278, 30.433361277535429 ], [ 77.969655227656801, 30.43330153192608 ], [ 77.96966145807103, 30.433264589101281 ], [ 77.969726895083468, 30.432902339855392 ], [ 77.969731316385904, 30.432877677961532 ], [ 77.969733306473998, 30.432866079915986 ], [ 77.969741070986046, 30.432818714855667 ], [ 77.969745903719371, 30.432784570099489 ], [ 77.969751834199485, 30.432734838053097 ], [ 77.969756044924765, 30.432687236300158 ], [ 77.96975831650893, 30.43264792928225 ], [ 77.969759619340365, 30.432602804849527 ], [ 77.969759566079688, 30.432593688377327 ], [ 77.969759101657232, 30.432553906380964 ], [ 77.969756534661727, 30.432499069097272 ], [ 77.969753991334926, 30.432468066117178 ], [ 77.969745350035168, 30.432399702032651 ], [ 77.969736107480358, 30.432345696104388 ], [ 77.969731552855237, 30.432321376277702 ], [ 77.969715718425292, 30.432257278166528 ], [ 77.969699936902884, 30.432203094286745 ], [ 77.969687165851823, 30.432163451046765 ], [ 77.969696986796237, 30.432149514193316 ], [ 77.969703495404829, 30.432139600978534 ], [ 77.969727234171685, 30.432102906815981 ], [ 77.969754100139099, 30.432058532364135 ], [ 77.969778080978273, 30.432012933573791 ], [ 77.969796977666931, 30.431974184437092 ], [ 77.969816304991568, 30.431931566401591 ], [ 77.969835996211415, 30.431879882504962 ], [ 77.969849817837044, 30.431839556400906 ], [ 77.969864735873088, 30.431791142831219 ], [ 77.969876528457064, 30.431742086108979 ], [ 77.969885281692001, 30.431699812867006 ], [ 77.969893235652521, 30.431654397057581 ], [ 77.969898390434722, 30.431610068797408 ], [ 77.969901496061411, 30.431574600773157 ], [ 77.969904479696439, 30.431506344849755 ], [ 77.969904331514698, 30.431491133373587 ], [ 77.969903630132464, 30.431455116379045 ], [ 77.969901082749715, 30.431405462252723 ], [ 77.969895383132041, 30.431356005089381 ], [ 77.969887901606242, 30.43130526714771 ], [ 77.969880480786202, 30.431262952252478 ], [ 77.96987066240294, 30.431220646335309 ], [ 77.969863542174977, 30.431193360220963 ], [ 77.969867241850736, 30.4311423441297 ], [ 77.969869107194356, 30.431102730451851 ], [ 77.969870453535876, 30.431040694441212 ], [ 77.969870637571418, 30.431023724849791 ], [ 77.969869839252326, 30.430988412197966 ], [ 77.969868449926864, 30.430957689208835 ], [ 77.969867006354491, 30.430933840255445 ], [ 77.969866191241181, 30.430923095261928 ], [ 77.969863137643273, 30.430891393671597 ], [ 77.969857407130505, 30.430842350716478 ], [ 77.969851965820169, 30.430803998412568 ], [ 77.969843972327723, 30.430756144474689 ], [ 77.969842735552064, 30.430749178105696 ], [ 77.969854506940905, 30.430716608571959 ], [ 77.969866402032395, 30.430681170609173 ], [ 77.969881664564255, 30.430631968493369 ], [ 77.969897651928221, 30.430572457750902 ], [ 77.96990918942096, 30.430521797662156 ], [ 77.969913074846986, 30.430503774719551 ], [ 77.969918543280158, 30.430473996029992 ], [ 77.969920761140713, 30.430460465012619 ], [ 77.969926760402601, 30.430415944886189 ], [ 77.969931519930839, 30.430370944848892 ], [ 77.969934778208582, 30.430329818376887 ], [ 77.969935864765205, 30.430288605849807 ], [ 77.969935809067351, 30.430279282831183 ], [ 77.969935210535112, 30.430229146835917 ], [ 77.969932631737848, 30.430174341980329 ], [ 77.969926213836615, 30.430119774266782 ], [ 77.969918672327509, 30.430070544325591 ], [ 77.969911908919713, 30.430032602223154 ], [ 77.969901468663593, 30.429987927489375 ], [ 77.969895236432151, 30.429964339536983 ], [ 77.969883074660999, 30.429922858558864 ], [ 77.969868656049627, 30.429881924170541 ], [ 77.969851007635526, 30.429835771302169 ], [ 77.969841064831257, 30.429810983183412 ], [ 77.969810122642173, 30.429746092495567 ], [ 77.96982432072933, 30.429704601404293 ], [ 77.969842748130262, 30.429642277263955 ], [ 77.969859508134675, 30.429575018742003 ], [ 77.969862505148328, 30.429559498419732 ], [ 77.969870501701081, 30.429515746357669 ], [ 77.96988020840746, 30.429444298610395 ], [ 77.969884285927463, 30.429398680578377 ], [ 77.96988739457592, 30.429329010850079 ], [ 77.969887382638618, 30.429324699162361 ], [ 77.969887136165198, 30.429280101164355 ], [ 77.969885069637982, 30.429227445952964 ], [ 77.969883433401421, 30.429205041965677 ], [ 77.969877851355477, 30.429152782625 ], [ 77.969870614821801, 30.429101378681498 ], [ 77.969862459686212, 30.429053967199646 ], [ 77.969860040123876, 30.429042509684709 ], [ 77.969849030618036, 30.428992211769721 ], [ 77.969838749886577, 30.428950623716897 ], [ 77.969818050155752, 30.428875572875089 ], [ 77.969815269744473, 30.42886573650124 ], [ 77.96973785055448, 30.42859835082746 ], [ 77.969768793361908, 30.428549209092512 ], [ 77.969790097212325, 30.428513505832253 ], [ 77.969815444886692, 30.4284686006533 ], [ 77.969835625136156, 30.42843064698376 ], [ 77.969858899767445, 30.428384063816036 ], [ 77.969881581582982, 30.428334733253113 ], [ 77.969902306883569, 30.428285489337856 ], [ 77.969925129211774, 30.428224562648385 ], [ 77.969941805737719, 30.428173994522343 ], [ 77.969958880728029, 30.428114679239702 ], [ 77.96996755737942, 30.428079502172931 ], [ 77.96997473916295, 30.42804758077887 ], [ 77.969978667726551, 30.428026865325872 ], [ 77.969984913362566, 30.427991354277371 ], [ 77.969993093859017, 30.427931460316824 ], [ 77.969997002438262, 30.427891412286332 ], [ 77.970000705210566, 30.427814908537396 ], [ 77.970000637331538, 30.427759339224867 ], [ 77.969999281365531, 30.427714260631209 ], [ 77.969995327459529, 30.427669297089519 ], [ 77.969988821878204, 30.427613699140341 ], [ 77.969978316939958, 30.427548054163776 ], [ 77.969973163580264, 30.42752455469012 ], [ 77.969960285034205, 30.427469796789328 ], [ 77.969948619751776, 30.427425843223741 ], [ 77.969934433907994, 30.427382449879179 ], [ 77.969915311419157, 30.427329081022467 ], [ 77.969899353658889, 30.427288049064369 ], [ 77.969879536223729, 30.427244427796172 ], [ 77.969854361811301, 30.427192978978344 ], [ 77.969832852520071, 30.427151908809211 ], [ 77.969809001241074, 30.427111821675421 ], [ 77.969778024921609, 30.427062807888792 ], [ 77.969766520857419, 30.427045082260005 ], [ 77.969723543433304, 30.426985984351216 ], [ 77.96968707521944, 30.426939895587477 ], [ 77.969657504272504, 30.426904402046926 ], [ 77.969625001668689, 30.426869185177861 ], [ 77.969602301264644, 30.426845876873241 ], [ 77.969541834988391, 30.42678894417131 ], [ 77.969475961013671, 30.426736711574218 ], [ 77.969403918877333, 30.426688806672129 ], [ 77.969350823322358, 30.42665949376465 ], [ 77.969324214353634, 30.426641235123828 ], [ 77.969282627133211, 30.426614136133932 ], [ 77.969239529241207, 30.426588871954383 ], [ 77.969186983481279, 30.426559701177123 ], [ 77.969145950471756, 30.426538062278983 ], [ 77.969096672807325, 30.42651491741891 ], [ 77.969041029146084, 30.426490438616636 ], [ 77.968994051848298, 30.426471036563516 ], [ 77.968946014305118, 30.426453693428233 ], [ 77.968887827729205, 30.426434150593327 ], [ 77.968867678320663, 30.426427589948499 ], [ 77.968839590681426, 30.426419808758229 ], [ 77.968839502843593, 30.426419760264753 ], [ 77.968758956363004, 30.426383424184653 ], [ 77.968675062050878, 30.426353309938978 ], [ 77.968588458380339, 30.42632964670938 ], [ 77.968499804441748, 30.426312614582738 ], [ 77.968409774928304, 30.426302343180698 ], [ 77.968319055000194, 30.426298910672376 ], [ 77.968228335072098, 30.426302343180698 ], [ 77.968138305558469, 30.426312614582738 ], [ 77.968049651619879, 30.42632964670938 ], [ 77.96796304794934, 30.426353309938978 ], [ 77.967879153637213, 30.426383424184653 ], [ 77.967827193666849, 30.426406864335362 ], [ 77.967815517786676, 30.426409638798422 ], [ 77.967761405024405, 30.426423877694706 ], [ 77.967707321443939, 30.426439511560286 ], [ 77.967680683607114, 30.426447560951129 ], [ 77.967666291152071, 30.426452205014041 ], [ 77.967613814537899, 30.426469520867325 ], [ 77.96757733871145, 30.426482245557782 ], [ 77.967479152393182, 30.426518380256216 ], [ 77.967466593141936, 30.426523087004096 ], [ 77.967449246060653, 30.426529705699021 ], [ 77.96737539443717, 30.426557905391736 ], [ 77.967331748035662, 30.426530887978007 ], [ 77.967301490398555, 30.426512848307627 ], [ 77.967253834603682, 30.426485496514264 ], [ 77.967212249568888, 30.4264628338729 ], [ 77.967161882825224, 30.426436802075383 ], [ 77.967149154899673, 30.426430329266072 ], [ 77.967108162740317, 30.426410869839824 ], [ 77.967056802046656, 30.426387772025496 ], [ 77.967024332664451, 30.426373786538949 ], [ 77.967018663700316, 30.426371450557941 ], [ 77.966984247227614, 30.426357926961831 ], [ 77.966931241592007, 30.426338096126724 ], [ 77.966874677925006, 30.426318613934331 ], [ 77.966863246430677, 30.426315073561003 ], [ 77.96680673686086, 30.42629789370773 ], [ 77.96673638346752, 30.42627890048438 ], [ 77.966677650949833, 30.426265000605799 ], [ 77.96660527415851, 30.426250256964291 ], [ 77.966545507676969, 30.426240019055282 ], [ 77.966524410301574, 30.426236600572363 ], [ 77.966472147150071, 30.42622979518713 ], [ 77.966411690693519, 30.426223278245654 ], [ 77.966337627545911, 30.426217613477622 ], [ 77.966316563884334, 30.426216657765313 ], [ 77.966332006533804, 30.426169731182338 ], [ 77.96633510830722, 30.426160103670927 ], [ 77.966619745752396, 30.425257334514786 ], [ 77.966620632288212, 30.425254504626995 ], [ 77.966642798611574, 30.425183290459099 ], [ 77.96664473741518, 30.425176970606369 ], [ 77.966671341573516, 30.425088966404221 ], [ 77.966673664153689, 30.425080516745826 ], [ 77.966678058907405, 30.425072847839072 ], [ 77.96671280783417, 30.425000144730472 ], [ 77.966732242048579, 30.4249492054368 ], [ 77.96674814733953, 30.42489735496444 ], [ 77.966773119436994, 30.424804962773475 ], [ 77.966774492611279, 30.424799814411028 ], [ 77.96679788173924, 30.424710937231989 ], [ 77.966799700124156, 30.424703897755432 ], [ 77.966822268245565, 30.424614861582331 ], [ 77.966824021075624, 30.42460781191819 ], [ 77.966845767190577, 30.424518621751293 ], [ 77.966847457885095, 30.424511547542163 ], [ 77.966868378993851, 30.424422209381117 ], [ 77.966870003062027, 30.424415128975344 ], [ 77.966890054166981, 30.424325845820785 ], [ 77.966890993727233, 30.424321608133429 ], [ 77.966895035541583, 30.424303140102236 ], [ 77.966895808211689, 30.424299570343702 ], [ 77.966911064493431, 30.424228294226072 ], [ 77.96691204088431, 30.424223665306247 ], [ 77.966921831891611, 30.42417654520003 ], [ 77.966924875843546, 30.424161692330163 ], [ 77.966928878078534, 30.424142234088389 ], [ 77.966938600018409, 30.424096546991617 ], [ 77.966980716074644, 30.424045161455435 ], [ 77.967032084762081, 30.423979909140062 ], [ 77.967044701650423, 30.423963856060485 ], [ 77.96705154874806, 30.423955032708125 ], [ 77.967082368549171, 30.423914807506467 ], [ 77.967104216865394, 30.423885044729513 ], [ 77.967135281613324, 30.42384084152113 ], [ 77.967147731230838, 30.423822649770269 ], [ 77.967169451902862, 30.423788348425571 ], [ 77.96719890856663, 30.423739339220521 ], [ 77.967220622100896, 30.423701026694747 ], [ 77.967240219947442, 30.42366186687163 ], [ 77.96726533250694, 30.423608246689025 ], [ 77.967278976643072, 30.423577515797948 ], [ 77.967301985689829, 30.423515939350008 ], [ 77.967317781238521, 30.423467844230654 ], [ 77.967331094084273, 30.423422959717303 ], [ 77.967341729338017, 30.423377541891892 ], [ 77.967343886711504, 30.423366540552852 ], [ 77.967353072215417, 30.423317879481591 ], [ 77.967360030524901, 30.423274402250708 ], [ 77.967364540125232, 30.423230683145395 ], [ 77.96736679180799, 30.42320062212772 ], [ 77.967368977893258, 30.423142181851102 ], [ 77.967368661692674, 30.423119957368758 ], [ 77.967367447239965, 30.423077268378282 ], [ 77.967364418552975, 30.423027242949683 ], [ 77.967358190117423, 30.422977440368779 ], [ 77.967351308666636, 30.422933773422276 ], [ 77.967345067337405, 30.422899188052863 ], [ 77.967329324580618, 30.422835399633872 ], [ 77.967316897168629, 30.422792663728391 ], [ 77.967302587384879, 30.422748273092513 ], [ 77.967285679935742, 30.422704573848112 ], [ 77.967282473534027, 30.422697043827416 ], [ 77.967264655181012, 30.422655764958559 ], [ 77.967242902700306, 30.422609343424565 ], [ 77.967218209701372, 30.42256404018163 ], [ 77.967195220424756, 30.422524728342868 ], [ 77.96716819390187, 30.422481478944849 ], [ 77.967137317469792, 30.42243801997456 ], [ 77.967109008280303, 30.422400589160556 ], [ 77.967073865368079, 30.422356983254293 ], [ 77.967035817979379, 30.422315248208118 ], [ 77.967033176455217, 30.422312530917193 ], [ 77.96699531536585, 30.422273739144199 ], [ 77.966955438001506, 30.422235182564403 ], [ 77.966913073665992, 30.422198672401333 ], [ 77.966879358692779, 30.42217123858256 ], [ 77.966835948633062, 30.422137840087213 ], [ 77.966808046780315, 30.422118250933448 ], [ 77.966772249881188, 30.422093993106589 ], [ 77.966728872800061, 30.422066138814383 ], [ 77.966683887582377, 30.42204027116183 ], [ 77.966626924852022, 30.422009329399433 ], [ 77.966594567344771, 30.421992453734656 ], [ 77.966531026688116, 30.421963151552642 ], [ 77.966472321057537, 30.421938296754956 ], [ 77.966398388439828, 30.421910020952811 ], [ 77.966341393851039, 30.421890477117461 ], [ 77.966314432815508, 30.42188160435769 ], [ 77.966292645868677, 30.421874968396754 ], [ 77.966238464286434, 30.421859048533459 ], [ 77.966217146802308, 30.421853006067554 ], [ 77.966175961127703, 30.421841756164678 ], [ 77.966172931221067, 30.421840932943542 ], [ 77.96616578227723, 30.421839000960258 ], [ 77.966160629686343, 30.421837621168866 ], [ 77.966104869130874, 30.421822826297049 ], [ 77.966074719166215, 30.421815255640059 ], [ 77.966018393628559, 30.421801906756638 ], [ 77.965960186040476, 30.421789660311891 ], [ 77.965899141565046, 30.421778418411503 ], [ 77.965863534072625, 30.421772420964341 ], [ 77.965811604818839, 30.421765651359021 ], [ 77.96574566541149, 30.421758524423179 ], [ 77.965687086670513, 30.421753645960568 ], [ 77.965628283421495, 30.421751644438242 ], [ 77.965558207065925, 30.421750977444315 ], [ 77.965546776000053, 30.421750923043387 ], [ 77.965482166921618, 30.421752662548638 ], [ 77.965417807023755, 30.421757874355624 ], [ 77.965351745617454, 30.421765023291467 ], [ 77.965299972928747, 30.421771775964377 ], [ 77.965232897211678, 30.421784012095419 ], [ 77.965195589524782, 30.421791938025553 ], [ 77.965150726242626, 30.421802394240469 ], [ 77.96514323630258, 30.421804296223929 ], [ 77.965097122974129, 30.421817022193185 ], [ 77.965061656246093, 30.421827603102489 ], [ 77.965044458361547, 30.421832880351527 ], [ 77.964978404288942, 30.421855962999143 ], [ 77.96494235853234, 30.421869819884382 ], [ 77.96489469000916, 30.421889412480905 ], [ 77.964848228246908, 30.421911073192174 ], [ 77.964800924501446, 30.421934485007949 ], [ 77.964796674951941, 30.421936599728081 ], [ 77.964773589461444, 30.421947520657664 ], [ 77.964744610327145, 30.421914808184933 ], [ 77.964675923111585, 30.421840833605227 ], [ 77.964662350005568, 30.421826519164572 ], [ 77.964646134703045, 30.421810172563699 ], [ 77.964574377576767, 30.421739558986669 ], [ 77.964554394059164, 30.421720451652998 ], [ 77.964532061038227, 30.421699701781311 ], [ 77.964517945591098, 30.421686842926885 ], [ 77.964464620569899, 30.421639212227323 ], [ 77.964452227916595, 30.42162832901548 ], [ 77.964393438919458, 30.421577568341238 ], [ 77.964391188444992, 30.42157563110651 ], [ 77.96434165716245, 30.421533123709619 ], [ 77.964333835490606, 30.42151719636573 ], [ 77.964326965801789, 30.421503522376501 ], [ 77.964304279458489, 30.421459366539292 ], [ 77.964284848259084, 30.42142366928152 ], [ 77.964258451931826, 30.421377804466996 ], [ 77.964228430311792, 30.421329391865424 ], [ 77.964223381330825, 30.421321896603235 ], [ 77.964191621053217, 30.421275264818046 ], [ 77.964164825886598, 30.421238023403649 ], [ 77.964135972308412, 30.421201955578301 ], [ 77.964097698126366, 30.421156513821099 ], [ 77.964054330167542, 30.421108518100812 ], [ 77.964025448181843, 30.421079933161419 ], [ 77.963988119136033, 30.421044521377691 ], [ 77.963946344093415, 30.421007118779162 ], [ 77.963902149143848, 30.420971866845701 ], [ 77.963860934214239, 30.420940847057896 ], [ 77.963847494398763, 30.420930903959462 ], [ 77.963781028757765, 30.420886404028966 ], [ 77.96375401085821, 30.420869779151669 ], [ 77.963715279364465, 30.420847063284437 ], [ 77.963675409563663, 30.420825878176547 ], [ 77.963634615777721, 30.420805280337735 ], [ 77.963631063035081, 30.420803494592317 ], [ 77.963582037490212, 30.420780459399719 ], [ 77.96353165873802, 30.420759732911105 ], [ 77.96348726703846, 30.420742717051983 ], [ 77.963422239598856, 30.420720028206869 ], [ 77.963379120844422, 30.420707345736506 ], [ 77.963332826210163, 30.420694700845861 ], [ 77.963277219313468, 30.420680971682454 ], [ 77.963220818552074, 30.42066993975082 ], [ 77.96317319196514, 30.420661821822979 ], [ 77.963153070019786, 30.420658569812762 ], [ 77.963106039732025, 30.42065233987211 ], [ 77.963058730080903, 30.420647979024782 ], [ 77.963010357521256, 30.42064448705629 ], [ 77.962923958000118, 30.420641373889854 ], [ 77.962894786605574, 30.420641728237339 ], [ 77.962846266051415, 30.420642907226689 ], [ 77.962788556272955, 30.420645700891722 ], [ 77.962731114411199, 30.420651266555918 ], [ 77.962683043840556, 30.420657099503554 ], [ 77.962646626973878, 30.420662089813231 ], [ 77.962569600429802, 30.42067648527512 ], [ 77.962522572821328, 30.420686903183611 ], [ 77.962473087236631, 30.42069900161005 ], [ 77.962424351426222, 30.420713203206038 ], [ 77.962412380869594, 30.420717051328925 ], [ 77.962367377201417, 30.420731791204201 ], [ 77.962317141069903, 30.420749555001922 ], [ 77.96226804128149, 30.420769563388692 ], [ 77.962229643517233, 30.420786283253296 ], [ 77.962176517924775, 30.420811113593214 ], [ 77.962141447999315, 30.420829467904884 ], [ 77.962104549171855, 30.420849648750501 ], [ 77.962054966091813, 30.420878523668069 ], [ 77.962037183902581, 30.420890216270333 ], [ 77.962011738364993, 30.420866298660574 ], [ 77.961982917047223, 30.420840272025682 ], [ 77.961903527045976, 30.420771391466648 ], [ 77.961873518592483, 30.420746376696837 ], [ 77.961791013673846, 30.420680303136525 ], [ 77.961759879126291, 30.420656351643292 ], [ 77.961674391289918, 30.42059319007878 ], [ 77.961668170063717, 30.420588629923149 ], [ 77.961642177486027, 30.420570337418216 ], [ 77.961554702728108, 30.420510773842455 ], [ 77.961530278606006, 30.420494642156601 ], [ 77.961486423753271, 30.420466553361312 ], [ 77.961469882945792, 30.420456174933417 ], [ 77.961421445126348, 30.420426406153442 ], [ 77.961398872046942, 30.420412916949378 ], [ 77.961307791430301, 30.420360009347522 ], [ 77.961283539141235, 30.420346340930902 ], [ 77.961191369573072, 30.42029596031691 ], [ 77.96117383381943, 30.420286584093912 ], [ 77.961081956279713, 30.420238539466613 ], [ 77.961071396093573, 30.420233090768765 ], [ 77.960980301566806, 30.420186718130946 ], [ 77.960976866628243, 30.420184977182227 ], [ 77.960933618394449, 30.420163153499455 ], [ 77.96080013895309, 30.420095845956627 ], [ 77.960797348170189, 30.42009443847574 ], [ 77.960713638835088, 30.420052057882838 ], [ 77.960639633916983, 30.420013756402273 ], [ 77.960575923612041, 30.419979350713131 ], [ 77.96053947608722, 30.419958795811173 ], [ 77.960522507952234, 30.419948760575775 ], [ 77.960508733395443, 30.419940452695347 ], [ 77.960475177551302, 30.419919281702565 ], [ 77.960429484761477, 30.419888666049797 ], [ 77.960385130520493, 30.419856604732463 ], [ 77.960342176792977, 30.41982314208612 ], [ 77.960300684997023, 30.419788326536743 ], [ 77.960260709671573, 30.419752203092418 ], [ 77.960222301719739, 30.419714818534214 ], [ 77.960185519866968, 30.419676229579604 ], [ 77.960150410829868, 30.419636485289789 ], [ 77.960117022158485, 30.41959563942692 ], [ 77.960080962233135, 30.41954786965567 ], [ 77.960078412633663, 30.419544307939059 ], [ 77.960054718707028, 30.419509859948821 ], [ 77.960017959176668, 30.419453216145573 ], [ 77.959978708794523, 30.419389603475953 ], [ 77.95993512982885, 30.419316889016255 ], [ 77.959921692386047, 30.419294293508923 ], [ 77.959887780011442, 30.419237339755743 ], [ 77.959885047655234, 30.419232782815673 ], [ 77.959835862098984, 30.419151320157898 ], [ 77.959828921919353, 30.41914002147875 ], [ 77.959778028381976, 30.419058564830035 ], [ 77.959771335560916, 30.419048021329207 ], [ 77.959754942398888, 30.419022599441501 ], [ 77.959748586823622, 30.419012885148131 ], [ 77.959709979974534, 30.418954719054856 ], [ 77.959699147527417, 30.418938806829896 ], [ 77.959642887061435, 30.418858067207974 ], [ 77.959629161636556, 30.418838914807775 ], [ 77.959570382213798, 30.41875913619668 ], [ 77.959556101755027, 30.418740278004162 ], [ 77.959495039378538, 30.418661798401612 ], [ 77.959480222333525, 30.418643259215958 ], [ 77.959416915004198, 30.418566126620892 ], [ 77.959401575396214, 30.418547922973058 ], [ 77.959336064114481, 30.418472185384591 ], [ 77.959320193059966, 30.418454307053597 ], [ 77.959252517826727, 30.418380013470756 ], [ 77.95923614516758, 30.418362494285009 ], [ 77.959166347983555, 30.418289688706555 ], [ 77.959163105222999, 30.418286322850339 ], [ 77.959149465597747, 30.418272519989085 ], [ 77.959077590463281, 30.418201250413954 ], [ 77.959060225826263, 30.41818446026566 ], [ 77.958986317741818, 30.418114769693059 ], [ 77.958968471135307, 30.418098358049637 ], [ 77.95889257610088, 30.418030290478146 ], [ 77.958874267423639, 30.41801427547691 ], [ 77.958796433439403, 30.417947872905646 ], [ 77.958777662705458, 30.417932254567912 ], [ 77.958697937771419, 30.417867558995635 ], [ 77.95867871978831, 30.417852350171568 ], [ 77.958597153904307, 30.417789402597482 ], [ 77.958577507015917, 30.417774617739521 ], [ 77.958494150181778, 30.417713456162385 ], [ 77.958490654432481, 30.41771090261852 ], [ 77.95847408717168, 30.417699104445948 ], [ 77.958388993386677, 30.417639767864788 ], [ 77.958368518902887, 30.417625852597094 ], [ 77.958282465164345, 30.417568858007247 ], [ 77.958268954177711, 30.417560059147295 ], [ 77.958241637269509, 30.417542568274722 ], [ 77.95823170658781, 30.417536287941136 ], [ 77.958170194808488, 30.417497867223506 ], [ 77.958156956971351, 30.417489733896605 ], [ 77.958069379310857, 30.417436810289775 ], [ 77.958060109923281, 30.417431273076776 ], [ 77.957971727310948, 30.417379087378524 ], [ 77.95794445605209, 30.417363081664259 ], [ 77.957358381707124, 30.417019246111341 ], [ 77.957286022246478, 30.416976802154725 ], [ 77.957282764235202, 30.416974881227841 ], [ 77.957205787606213, 30.416929199964624 ], [ 77.957130787247408, 30.416883734100129 ], [ 77.957056309306608, 30.416837616906687 ], [ 77.956982369043985, 30.416790858380214 ], [ 77.956908979992889, 30.416743466018712 ], [ 77.956836133011819, 30.41669543343458 ], [ 77.956763844345915, 30.416646773682796 ], [ 77.956690233322334, 30.416596191742737 ], [ 77.95667541909107, 30.416585883299572 ], [ 77.956231697549597, 30.416276404501073 ], [ 77.956212554706553, 30.416263043328993 ], [ 77.956148505313919, 30.416217558270429 ], [ 77.956131066288947, 30.416204942846523 ], [ 77.956125065975272, 30.416200320647544 ], [ 77.956156804917768, 30.41618283487205 ], [ 77.956228838682861, 30.416134929194047 ], [ 77.956295780810962, 30.41608176454039 ], [ 77.956357121830521, 30.416023745534257 ], [ 77.956412394900909, 30.41596131374332 ], [ 77.956461179365547, 30.415894944319231 ], [ 77.956503103953438, 30.415825142380779 ], [ 77.95653784960389, 30.41575243916915 ], [ 77.956565151894978, 30.415677388005644 ], [ 77.956584803055321, 30.415600560079756 ], [ 77.956596653545162, 30.415522540101545 ], [ 77.956600613193061, 30.41544392185239 ], [ 77.956596651883203, 30.415365303665229 ], [ 77.956584799781851, 30.415287283871226 ], [ 77.956565147109302, 30.415210456246253 ], [ 77.956537843451471, 30.415135405491309 ], [ 77.95653348724808, 30.415125223689952 ], [ 77.956414461923544, 30.414852078564234 ], [ 77.956381406524415, 30.414784643201163 ], [ 77.956342145566737, 30.414719755409134 ], [ 77.956293360532769, 30.41465338662773 ], [ 77.956238087184374, 30.414590955522112 ], [ 77.956176746190408, 30.414532937222969 ], [ 77.956109804394117, 30.414479773276479 ], [ 77.956037771261421, 30.414431868284328 ], [ 77.955961195003198, 30.414389586824395 ], [ 77.955880658402691, 30.414353250677149 ], [ 77.95579677438154, 30.414323136375696 ], [ 77.95571018133414, 30.4142994731024 ], [ 77.955621538270407, 30.414282440944316 ], [ 77.955531519800218, 30.414272169523269 ], [ 77.955440811000102, 30.414268737008552 ], [ 77.955350102200171, 30.414272169523269 ], [ 77.955260083729982, 30.414282440944316 ], [ 77.955171440666064, 30.4142994731024 ], [ 77.955084847618664, 30.414323136375696 ], [ 77.954999971112841, 30.414353652340207 ], [ 77.954991110315945, 30.414357243248578 ], [ 77.954920282112909, 30.414334877441238 ], [ 77.954862463116569, 30.414240422805658 ], [ 77.954857298899427, 30.414231984801408 ], [ 77.954814565370356, 30.414161259893167 ], [ 77.954805933567528, 30.414146482427693 ], [ 77.954788583865408, 30.414115569286313 ], [ 77.954761002358367, 30.414062872887424 ], [ 77.954736846334342, 30.414012383565723 ], [ 77.954714613340585, 30.413961236647022 ], [ 77.954694327555089, 30.413909486637944 ], [ 77.954676009214822, 30.413857185818625 ], [ 77.954659678269167, 30.413804391507124 ], [ 77.954645353958895, 30.413751165331302 ], [ 77.954633050371768, 30.413697559134665 ], [ 77.954622429391407, 30.413641787509835 ], [ 77.95461654806185, 30.413605294222332 ], [ 77.954615238146644, 30.413595816435244 ], [ 77.954614228983587, 30.413587469023771 ], [ 77.954608386277002, 30.413535049198135 ], [ 77.954604276109862, 30.413480503853538 ], [ 77.954602231032325, 30.413425877275078 ], [ 77.95460225381126, 30.413371221602912 ], [ 77.9546043432819, 30.413316592851434 ], [ 77.954608497664168, 30.413262059981125 ], [ 77.954614713629866, 30.413207665256667 ], [ 77.954622746775215, 30.413154105486715 ], [ 77.954624074546885, 30.413146296459157 ], [ 77.954624938606287, 30.413141685114784 ], [ 77.954635106264817, 30.413088976995848 ], [ 77.954646092480843, 30.413035670803676 ], [ 77.954738725998951, 30.412590515839408 ], [ 77.954739441567526, 30.412587038152648 ], [ 77.954751291693384, 30.412509018138376 ], [ 77.95475525121978, 30.412430399852806 ], [ 77.954751290031609, 30.412351781629408 ], [ 77.954739438294411, 30.412273761799344 ], [ 77.954722020517863, 30.412203092501198 ], [ 77.954730883280646, 30.412128017216009 ], [ 77.954732364471823, 30.412113279700446 ], [ 77.954734117269197, 30.412094013686772 ], [ 77.954735518674056, 30.412076416012699 ], [ 77.954741858694476, 30.411983600963008 ], [ 77.954743316914687, 30.411954045865794 ], [ 77.95474616392211, 30.411860383843479 ], [ 77.954746524920452, 30.41183661885297 ], [ 77.95474650334927, 30.411830819413996 ], [ 77.954745807355252, 30.411737127419567 ], [ 77.954745028443739, 30.411707562800903 ], [ 77.954740789452885, 30.411613940834012 ], [ 77.9547388924411, 30.411584409338364 ], [ 77.954731114457502, 30.41149095839911 ], [ 77.95472810309532, 30.411461510440372 ], [ 77.95471679612325, 30.411368330528763 ], [ 77.95471266892352, 30.4113389582478 ], [ 77.954697841966791, 30.411246149363134 ], [ 77.954692610113966, 30.411216933326077 ], [ 77.954674282177294, 30.41112459646774 ], [ 77.954673537249789, 30.41112088977199 ], [ 77.954667946074267, 30.41109553467459 ], [ 77.954651932209373, 30.411029072828253 ], [ 77.954645899464936, 30.411003823451441 ], [ 77.954638378703677, 30.410975000726079 ], [ 77.954628518304773, 30.410939739635321 ], [ 77.954613436557906, 30.41088381081126 ], [ 77.954604915542902, 30.410855166312043 ], [ 77.954576213689023, 30.4107648345291 ], [ 77.954566617869773, 30.410736459375851 ], [ 77.954534516051154, 30.410646992616517 ], [ 77.954523849948131, 30.410618899146211 ], [ 77.95448853617151, 30.410530778408127 ], [ 77.954483385420403, 30.410518225273595 ], [ 77.95447960988318, 30.410509378790049 ], [ 77.954458997477886, 30.410461846941548 ], [ 77.954453158053298, 30.410448694221213 ], [ 77.954434908718454, 30.410408528354491 ], [ 77.954429586872564, 30.410397046838842 ], [ 77.954389731184037, 30.41031273712834 ], [ 77.954388136599121, 30.410309383218657 ], [ 77.954386484191843, 30.410305927434198 ], [ 77.954189514243225, 30.409894056992979 ], [ 77.95418760098363, 30.409890069933585 ], [ 77.954175581732798, 30.409866020367691 ], [ 77.954152052383833, 30.409820754536074 ], [ 77.954126847803551, 30.40977565452808 ], [ 77.954099692491596, 30.409730318717241 ], [ 77.954077319400128, 30.409694926062389 ], [ 77.95407164329005, 30.409686510266507 ], [ 77.95404162602938, 30.409642551469194 ], [ 77.954010806090949, 30.409600150292757 ], [ 77.953978018884399, 30.409557704506671 ], [ 77.953944550916091, 30.409516876563512 ], [ 77.953909095766349, 30.40947607278591 ], [ 77.953874017406037, 30.409437898636025 ], [ 77.953834419405425, 30.409397237438771 ], [ 77.953785315317873, 30.409350270747613 ], [ 77.953724931295469, 30.409296443087417 ], [ 77.95369341418548, 30.409269517809587 ], [ 77.95363016913717, 30.409217738131797 ], [ 77.95362741274171, 30.409215427022982 ], [ 77.953600808318868, 30.409191007049738 ], [ 77.95357945517685, 30.409168585693411 ], [ 77.953566787112919, 30.409153711471912 ], [ 77.952791058219532, 30.40820194109882 ], [ 77.952769366154683, 30.408175445259165 ], [ 77.952764279950159, 30.408169288043805 ], [ 77.952702612646007, 30.408095293436208 ], [ 77.952694935136535, 30.408086201352145 ], [ 77.952632053854657, 30.408012701748763 ], [ 77.952624236752143, 30.408003683030014 ], [ 77.95256044649426, 30.407931037428302 ], [ 77.952554964733082, 30.40792485038045 ], [ 77.95252929473132, 30.407896137671795 ], [ 77.952435682067559, 30.407791937561566 ], [ 77.952428500678749, 30.407783927399787 ], [ 77.95237226308177, 30.407720256989155 ], [ 77.952318785121392, 30.407658115464162 ], [ 77.952264767067192, 30.407593683274445 ], [ 77.952248469118246, 30.407573899643889 ], [ 77.952217966873249, 30.407536712875025 ], [ 77.952207865794875, 30.407524419382401 ], [ 77.95220436629036, 30.407520186322987 ], [ 77.952143011985612, 30.407446421713811 ], [ 77.952137665690472, 30.407440052802546 ], [ 77.952091329474896, 30.407385357095738 ], [ 77.952089030485283, 30.407382653906776 ], [ 77.95153105566888, 30.406729123106988 ], [ 77.951517791630664, 30.40671356765122 ], [ 77.951458635971264, 30.4066437458936 ], [ 77.951425923608312, 30.406604817194403 ], [ 77.950567858105046, 30.405580638479766 ], [ 77.950545478482795, 30.405553914496384 ], [ 77.950489770112966, 30.405486911129973 ], [ 77.950438902874552, 30.405424216232522 ], [ 77.950411903658178, 30.405389841545425 ], [ 77.950399120483297, 30.405373139601952 ], [ 77.950356412989052, 30.405315185441015 ], [ 77.950317703209308, 30.405259642008762 ], [ 77.950280606478472, 30.405203276364166 ], [ 77.950245147400835, 30.405146125042091 ], [ 77.95021134885998, 30.405088225587438 ], [ 77.950179230867633, 30.405029611142584 ], [ 77.95014665562131, 30.404966113525997 ], [ 77.950141863298853, 30.404956357296573 ], [ 77.950119147985134, 30.404908558264285 ], [ 77.950105719808874, 30.404878994177285 ], [ 77.950074762040799, 30.404817624287315 ], [ 77.950038636056277, 30.404758414721709 ], [ 77.950011456086003, 30.404721434375634 ], [ 77.950008754217762, 30.404703646618945 ], [ 77.949989103665644, 30.404626818869094 ], [ 77.949961802953382, 30.404551767992292 ], [ 77.949957267274343, 30.404541173488173 ], [ 77.949680771585065, 30.40390752421823 ], [ 77.949647536637301, 30.403831607162477 ], [ 77.949644860570288, 30.403825559940376 ], [ 77.94960675285455, 30.40374036221932 ], [ 77.949600812070855, 30.403727379460275 ], [ 77.949560800368815, 30.403641876751184 ], [ 77.949551260652242, 30.403622164730901 ], [ 77.949508901982966, 30.40353746603591 ], [ 77.949502005428528, 30.403523979243428 ], [ 77.949496565348667, 30.403513571282534 ], [ 77.949491319849699, 30.403503694386789 ], [ 77.949462990455757, 30.403451187588058 ], [ 77.949456458091419, 30.403439306878308 ], [ 77.949443533923201, 30.403416235969569 ], [ 77.949433921089295, 30.403399518845884 ], [ 77.949385046511665, 30.403316683187374 ], [ 77.949369014413705, 30.403290575779405 ], [ 77.949316667886237, 30.403208601138996 ], [ 77.94930741469264, 30.403194414613797 ], [ 77.949299656080044, 30.40318296191705 ], [ 77.949244237608809, 30.403102519290446 ], [ 77.949226271696148, 30.403077385977948 ], [ 77.949167841283099, 30.402998560363645 ], [ 77.949148926821991, 30.402973940903397 ], [ 77.949087546469286, 30.402896818299983 ], [ 77.949067715240361, 30.402872754585228 ], [ 77.949003451949139, 30.402797417990666 ], [ 77.948982720220798, 30.402773929375702 ], [ 77.9489156419925, 30.402700458788399 ], [ 77.948896796405009, 30.402680414464687 ], [ 77.948894037562781, 30.402677576419155 ], [ 77.948824217398382, 30.402606050837431 ], [ 77.948801751574692, 30.402583787013224 ], [ 77.948729444475177, 30.402514457434169 ], [ 77.948709265254394, 30.402495654265014 ], [ 77.948654351222316, 30.402445923576291 ], [ 77.948642462305983, 30.402435331911324 ], [ 77.948621578303005, 30.402417029027848 ], [ 77.948606258020007, 30.402403877565884 ], [ 77.948529213049966, 30.40233909598685 ], [ 77.948504334076588, 30.402318852617025 ], [ 77.948424542171594, 30.402256029037975 ], [ 77.948402678759891, 30.402239293688513 ], [ 77.948344496866454, 30.402196000985935 ], [ 77.948335582598204, 30.402189442975622 ], [ 77.948331524842288, 30.402186506803961 ], [ 77.948306714896731, 30.402168646928427 ], [ 77.948291939263214, 30.402158207145344 ], [ 77.94820875147802, 30.402100521553219 ], [ 77.948190524759752, 30.402088167950634 ], [ 77.948106092016289, 30.402032241353059 ], [ 77.948094439782793, 30.402024634664802 ], [ 77.948009939062771, 30.401970272060073 ], [ 77.948005199807923, 30.401967241100056 ], [ 77.94794495552263, 30.401928940098397 ], [ 77.947855662809488, 30.401872252576165 ], [ 77.947837630649019, 30.401860803118073 ], [ 77.947758627249996, 30.401810399277149 ], [ 77.947701251159089, 30.401773187993317 ], [ 77.947689955003796, 30.40176575514236 ], [ 77.947619147684321, 30.401718246610319 ], [ 77.947551907937211, 30.401671679038476 ], [ 77.947485495808081, 30.401624215526422 ], [ 77.94741993572201, 30.401575873898121 ], [ 77.947355244714799, 30.401526665584608 ], [ 77.947291430078195, 30.401476596795494 ], [ 77.947228514828836, 30.401425685811265 ], [ 77.947166509958976, 30.401373940779539 ], [ 77.947105429782496, 30.401321374437149 ], [ 77.947045291743947, 30.401268001291246 ], [ 77.946986104528648, 30.401213828931848 ], [ 77.94692788696436, 30.401158875681364 ], [ 77.946870654322268, 30.401103154378593 ], [ 77.946814414094689, 30.401046673447372 ], [ 77.946759186192608, 30.400989452850045 ], [ 77.946704980285119, 30.400931501346715 ], [ 77.946651806194922, 30.400872830948575 ], [ 77.946599679798737, 30.400813458805995 ], [ 77.946548618091171, 30.400753404165268 ], [ 77.946498626615323, 30.400692672375538 ], [ 77.946449449673509, 30.400630944057969 ], [ 77.946404471371181, 30.400572678706848 ], [ 77.946355194168603, 30.400506571838601 ], [ 77.946309605814179, 30.400443290737176 ], [ 77.946265147534092, 30.400379410084586 ], [ 77.946221825430143, 30.400314940039106 ], [ 77.946179653087725, 30.400249900815322 ], [ 77.946138638914164, 30.400184304912923 ], [ 77.946098794022149, 30.400118171260946 ], [ 77.94606013137502, 30.40005152002264 ], [ 77.946022654279645, 30.399984356155105 ], [ 77.945986370195996, 30.399916695209104 ], [ 77.945951294104091, 30.399848565345575 ], [ 77.945917433621318, 30.399779978161465 ], [ 77.945884791552004, 30.399710941512357 ], [ 77.945853378736189, 30.39964147900621 ], [ 77.94582320339272, 30.399571607168294 ], [ 77.945794271004686, 30.399501339920452 ], [ 77.94576658954152, 30.399430696238969 ], [ 77.945740163972943, 30.39935968835211 ], [ 77.945714865178061, 30.399287951177687 ], [ 77.945692356395128, 30.399220611204623 ], [ 77.945668494454267, 30.399144681411503 ], [ 77.945647156417863, 30.399072397689739 ], [ 77.945627105027441, 30.398999844899652 ], [ 77.945608343741227, 30.398927029578768 ], [ 77.94559087543692, 30.398853971287796 ], [ 77.945574708188758, 30.398780696429082 ], [ 77.945559841900291, 30.398707206114093 ], [ 77.945546281603399, 30.398633530891548 ], [ 77.945534031572194, 30.398559683760293 ], [ 77.945523092334582, 30.398485679470308 ], [ 77.945513468453157, 30.398411537835788 ], [ 77.94550516074024, 30.398337277158181 ], [ 77.945498172922271, 30.398262918002725 ], [ 77.945492504944184, 30.398188467931906 ], [ 77.945488158564402, 30.398113955464776 ], [ 77.945485136086134, 30.398039398002528 ], [ 77.945483437051976, 30.397964799235364 ], [ 77.945483061038615, 30.397890188987606 ], [ 77.945484009565746, 30.397815591650055 ], [ 77.945486282866398, 30.397741007030152 ], [ 77.945489878165745, 30.39766646385976 ], [ 77.945494797124681, 30.397591978800929 ], [ 77.945501036734214, 30.397517564541818 ], [ 77.945508596793815, 30.397443242799103 ], [ 77.945517473614345, 30.397369033154984 ], [ 77.945527667285489, 30.397294952017848 ], [ 77.945539174428646, 30.397221010597928 ], [ 77.94555199193303, 30.397147235732422 ], [ 77.945566116556108, 30.397073644411829 ], [ 77.945581548245627, 30.397000241174741 ], [ 77.945598279146381, 30.396927052066278 ], [ 77.945616305641352, 30.396854104174995 ], [ 77.945635626550313, 30.396781397735726 ], [ 77.945656234673166, 30.396708958940319 ], [ 77.945678125309129, 30.396636806101949 ], [ 77.945699732553834, 30.396569618727352 ], [ 77.945701699657292, 30.396563653857864 ], [ 77.945703625584798, 30.396557899016994 ], [ 77.945725695021395, 30.396493529156796 ], [ 77.94575144596179, 30.396422207315918 ], [ 77.94577841193987, 30.396351361263694 ], [ 77.945806635014051, 30.396280879387536 ], [ 77.945836105895793, 30.396210778145036 ], [ 77.945866816650266, 30.396141081280046 ], [ 77.945898758260157, 30.396071805816636 ], [ 77.945931467058131, 30.396003844761541 ], [ 77.945933975227277, 30.395998749736695 ], [ 77.945968284373379, 30.395930418082404 ], [ 77.946008327173914, 30.395852303781776 ], [ 77.946010691500604, 30.395847709618682 ], [ 77.946601162102795, 30.39470057533725 ], [ 77.947304926559468, 30.393333307145785 ], [ 77.947319888191217, 30.393304284048792 ], [ 77.947347549020407, 30.393251505135819 ], [ 77.947349888274175, 30.393247192357595 ], [ 77.947376315083361, 30.393201122368705 ], [ 77.947389416058058, 30.393179734083784 ], [ 77.947393356783678, 30.393174117135988 ], [ 77.947397934700916, 30.393168355005837 ], [ 77.947402542547295, 30.393161779022169 ], [ 77.947407965116525, 30.393157344962471 ], [ 77.947414086926429, 30.393152337853788 ], [ 77.947421598287747, 30.393147317701672 ], [ 77.947430598084566, 30.3931410522687 ], [ 77.9474508388506, 30.393127765800596 ], [ 77.947469996215901, 30.393115899569754 ], [ 77.947533919475291, 30.393072956638054 ], [ 77.947600845873225, 30.393019791796814 ], [ 77.947638173548228, 30.392984379296504 ], [ 77.947647940939035, 30.392978568894033 ], [ 77.94773548329124, 30.39292657950595 ], [ 77.947764332067052, 30.392908814579531 ], [ 77.947825860275543, 30.392869544293308 ], [ 77.947851182789762, 30.392852858889672 ], [ 77.947877975864358, 30.392834637759822 ], [ 77.947904582724192, 30.39281592166537 ], [ 77.94791268823991, 30.392809964091025 ], [ 77.947995553393767, 30.392748424668223 ], [ 77.948046690760819, 30.392707809264738 ], [ 77.948125429781811, 30.392640952832526 ], [ 77.948173331923442, 30.392597474947767 ], [ 77.948246757809784, 30.39252622051821 ], [ 77.948267863771036, 30.392505088626596 ], [ 77.948291210098219, 30.392480075553205 ], [ 77.948358997851756, 30.392404739133969 ], [ 77.948399819408564, 30.392356112080119 ], [ 77.948461666033623, 30.392277026678602 ], [ 77.948498643916963, 30.392226172008794 ], [ 77.948554276420367, 30.392143691632132 ], [ 77.948557162196778, 30.39213938596431 ], [ 77.948587271626224, 30.392090802936398 ], [ 77.94863644201665, 30.392005292591282 ], [ 77.948665296047992, 30.391950622786243 ], [ 77.948707786336428, 30.391862463478656 ], [ 77.948725474148887, 30.391823211304168 ], [ 77.948732378353924, 30.391806241513972 ], [ 77.948767999552885, 30.391715823249452 ], [ 77.948788214462283, 30.39165831184901 ], [ 77.948816808585974, 30.391566037632298 ], [ 77.948832561183593, 30.391507478572297 ], [ 77.948854000247636, 30.391413758407335 ], [ 77.948858070269111, 30.39139491966468 ], [ 77.948865216366684, 30.39135442726236 ], [ 77.948879406387761, 30.391259676152114 ], [ 77.948886038371967, 30.391199831177627 ], [ 77.9488929163672, 30.391104471123729 ], [ 77.948894944494555, 30.391048169856436 ], [ 77.948894935182011, 30.391044361790218 ], [ 77.948894471174512, 30.390949283793898 ], [ 77.948892644657789, 30.390899539805414 ], [ 77.948888351998235, 30.390836975839139 ], [ 77.948885759350532, 30.390807401227047 ], [ 77.948882159997893, 30.390773688255077 ], [ 77.948877980627444, 30.390741034436584 ], [ 77.948864193673117, 30.390648691543785 ], [ 77.948858584754092, 30.390615876027081 ], [ 77.94884106082992, 30.39052491916264 ], [ 77.948839468105206, 30.390516876280547 ], [ 77.948838526862218, 30.390512317309391 ], [ 77.948826062961189, 30.390452831727597 ], [ 77.948269976265564, 30.387822382206995 ], [ 77.948258809030605, 30.387768538685531 ], [ 77.948243018589835, 30.387688574371428 ], [ 77.948228299840409, 30.387609275968384 ], [ 77.948214496153682, 30.387529852689585 ], [ 77.948201609468015, 30.38745031427089 ], [ 77.948189640278997, 30.387370665209321 ], [ 77.948178590845089, 30.387290922941244 ], [ 77.948168462585798, 30.387211085797592 ], [ 77.948159254340425, 30.387131160936907 ], [ 77.948150969058275, 30.387051164641274 ], [ 77.948143607161413, 30.386971101968872 ], [ 77.948137169274034, 30.386890976999457 ], [ 77.948131655459022, 30.386810798031103 ], [ 77.948127066749166, 30.386730575647345 ], [ 77.948123366383285, 30.38664951041957 ], [ 77.948121400673031, 30.386594897989081 ], [ 77.948051789135334, 30.384428380242188 ], [ 77.948050887799269, 30.384401958659399 ], [ 77.948050607953249, 30.38439473983404 ], [ 77.948046662992098, 30.384303820864975 ], [ 77.948046092890436, 30.384292556396151 ], [ 77.948040826929443, 30.384201505437378 ], [ 77.948040094607862, 30.384190249915886 ], [ 77.948033516649588, 30.384099263967332 ], [ 77.948032621501284, 30.384088009892327 ], [ 77.948024731546454, 30.383997100953994 ], [ 77.948023675451509, 30.383985870421224 ], [ 77.948014476500404, 30.383895055493024 ], [ 77.948013257608039, 30.383883827971001 ], [ 77.948002754661971, 30.383793161052939 ], [ 77.948001496847667, 30.383782894212406 ], [ 77.947991787066243, 30.383707736288077 ], [ 77.947991171037415, 30.383703077456179 ], [ 77.947900034118788, 30.38302931486859 ], [ 77.947892791300177, 30.382975017117051 ], [ 77.947881838314814, 30.382889860712101 ], [ 77.947871431975017, 30.382805104184971 ], [ 77.947861513496534, 30.38272030038188 ], [ 77.947852084780422, 30.382635459484195 ], [ 77.947843146328836, 30.382550581665466 ], [ 77.947834697310284, 30.382465659752409 ], [ 77.947826737232177, 30.382380700716691 ], [ 77.947819267897344, 30.382295715902838 ], [ 77.947812289044819, 30.382210692565135 ], [ 77.947805799524261, 30.382125643375044 ], [ 77.947799802185273, 30.382040569721145 ], [ 77.947794294237397, 30.381955461231289 ], [ 77.947789276832239, 30.381870337358716 ], [ 77.947784751579718, 30.381785197115416 ], [ 77.947780717062287, 30.381700031495615 ], [ 77.947777173711245, 30.381614854106207 ], [ 77.94777412213341, 30.381529656486403 ], [ 77.947771560617966, 30.38144444676659 ], [ 77.947769491291396, 30.38135923491355 ], [ 77.947767913812797, 30.381274009587553 ], [ 77.9477668273489, 30.381188779259869 ], [ 77.94776623285307, 30.381103545011943 ], [ 77.947766129377086, 30.381018308734706 ], [ 77.947766517851591, 30.380933077875181 ], [ 77.947767398315108, 30.380847845551937 ], [ 77.947768769864027, 30.380762612992616 ], [ 77.947770632350014, 30.380677393842657 ], [ 77.947772986800345, 30.380592183262554 ], [ 77.947775857062055, 30.380506239595082 ], [ 77.947777094405623, 30.380473180074095 ], [ 77.947786829974234, 30.3802206174805 ], [ 77.947789570307705, 30.380147074383732 ], [ 77.947789807360749, 30.380139803389437 ], [ 77.94779235639551, 30.380048600369545 ], [ 77.947792644807294, 30.380031892196389 ], [ 77.947793246837904, 30.379940362191657 ], [ 77.947793263755031, 30.379935209858164 ], [ 77.947793213389275, 30.379926342371153 ], [ 77.947793001191371, 30.379907645372715 ], [ 77.947792722432311, 30.37989383348064 ], [ 77.947790562644769, 30.379819404497486 ], [ 77.947789434126335, 30.379794359283583 ], [ 77.947783787151891, 30.379701964327896 ], [ 77.94778160112169, 30.379674269028865 ], [ 77.94777266615408, 30.379581949098853 ], [ 77.947769499606693, 30.379554335466405 ], [ 77.947757293651165, 30.379462297561464 ], [ 77.947753148431346, 30.379434778319645 ], [ 77.94773768249118, 30.37934310843978 ], [ 77.947732696519722, 30.37931636729466 ], [ 77.947713851867121, 30.379224499720134 ], [ 77.947707761622368, 30.379197249508092 ], [ 77.947685822723855, 30.379106578676538 ], [ 77.947678769433281, 30.379079507645432 ], [ 77.947653623560697, 30.378989463837112 ], [ 77.947645611596627, 30.378962588969802 ], [ 77.947617282753356, 30.378873260184012 ], [ 77.947608323526396, 30.378846619220798 ], [ 77.947576838715548, 30.378758087456834 ], [ 77.947566936118051, 30.378731691770309 ], [ 77.947532324342561, 30.378644041027112 ], [ 77.947525669778187, 30.378627702770675 ], [ 77.947521491095188, 30.378617925021221 ], [ 77.947483786358262, 30.378531240297821 ], [ 77.947472032202214, 30.378505426827527 ], [ 77.947431269506595, 30.378419788123043 ], [ 77.947418604992706, 30.378394300208509 ], [ 77.947374823340979, 30.378309789521705 ], [ 77.947361254874806, 30.378284641375561 ], [ 77.947314494269463, 30.3782013387052 ], [ 77.947300052741141, 30.378176586135783 ], [ 77.947250360184398, 30.378094569480627 ], [ 77.947235033987553, 30.378070192563431 ], [ 77.94718245348156, 30.377989539922421 ], [ 77.947177742304163, 30.377982389874578 ], [ 77.947166274246726, 30.377965590502019 ], [ 77.947110857793433, 30.377886379873562 ], [ 77.947093840412151, 30.37786287866334 ], [ 77.947035640013155, 30.377785183046289 ], [ 77.947017790483301, 30.377762138636708 ], [ 77.946956860140219, 30.377686032029292 ], [ 77.946938207823905, 30.377663482358006 ], [ 77.946874606537889, 30.37758903675881 ], [ 77.946855159788797, 30.377566991537517 ], [ 77.946788947561089, 30.377494277945036 ], [ 77.946769044516188, 30.377473088755433 ], [ 77.946699967087966, 30.377401848695893 ], [ 77.946678989451456, 30.377380878117908 ], [ 77.946607744342799, 30.377311832534257 ], [ 77.946586037079257, 30.377291435739782 ], [ 77.946512376030611, 30.377224323158156 ], [ 77.946489953985775, 30.37720451381519 ], [ 77.946413946997509, 30.377139398233997 ], [ 77.946390836513316, 30.377120199428074 ], [ 77.94631255558545, 30.377057141845807 ], [ 77.946288773950471, 30.377038567723478 ], [ 77.94620829208273, 30.376977627138633 ], [ 77.946192686786645, 30.376966044306872 ], [ 77.946183858358523, 30.376959692963066 ], [ 77.946101252550292, 30.37690092837396 ], [ 77.946076194983064, 30.37688365511185 ], [ 77.94599154423355, 30.376827122517067 ], [ 77.945965886329304, 30.376810526266471 ], [ 77.945879268637611, 30.376756277664239 ], [ 77.945853038829782, 30.376740376484666 ], [ 77.945764538194865, 30.376688463873567 ], [ 77.945737754112898, 30.376673268319418 ], [ 77.945647453533255, 30.376623740697948 ], [ 77.945620140056093, 30.376609265195551 ], [ 77.945528124530227, 30.37656216956238 ], [ 77.945519439492472, 30.376557773297339 ], [ 77.945500310677488, 30.376548429636205 ], [ 77.945406668203447, 30.376503810989828 ], [ 77.945378379281493, 30.376490819162481 ], [ 77.945283197857322, 30.376448719501656 ], [ 77.945254459698447, 30.376436487756617 ], [ 77.945157829322213, 30.376396947079929 ], [ 77.945128682972523, 30.376385492374478 ], [ 77.94503071064166, 30.376348552680685 ], [ 77.945001490566057, 30.376337990860467 ], [ 77.944905051257422, 30.376304616140946 ], [ 77.944890039065754, 30.37629953737758 ], [ 77.944886630090963, 30.376298410387168 ], [ 77.944873186465017, 30.376294057827611 ], [ 77.944773340300259, 30.376262410263752 ], [ 77.94475412862765, 30.376256518088116 ], [ 77.944654430392035, 30.376226891341549 ], [ 77.944644582106818, 30.376224012358986 ], [ 77.944546730395373, 30.376195878786003 ], [ 77.943178597404483, 30.375804659008718 ], [ 77.943162511634611, 30.375800058267064 ], [ 77.943070290383346, 30.375773487991484 ], [ 77.94298691896087, 30.375748678084999 ], [ 77.942912961207, 30.375725362500692 ], [ 77.942848543519105, 30.375703364289262 ], [ 77.942793711005109, 30.375682700814597 ], [ 77.942748460584809, 30.375663597532441 ], [ 77.942709864260095, 30.375645115812997 ], [ 77.942692838280536, 30.375636327092135 ], [ 77.942689007881953, 30.375634112378744 ], [ 77.942680560104364, 30.375629065563867 ], [ 77.942661820274054, 30.375616602919973 ], [ 77.94264009440424, 30.375600835496339 ], [ 77.942619633734111, 30.375583852531438 ], [ 77.942600516787863, 30.375565719011153 ], [ 77.942582835724309, 30.375546522167749 ], [ 77.942566672889157, 30.375526351454472 ], [ 77.942552091941508, 30.375505286300939 ], [ 77.942539162716884, 30.375483427788605 ], [ 77.942527942998566, 30.375460873112257 ], [ 77.942518479074167, 30.375437715828344 ], [ 77.94251081626885, 30.375414066198889 ], [ 77.942504987914688, 30.375390027801661 ], [ 77.942501019420718, 30.375365706065036 ], [ 77.942498928189167, 30.375341205640058 ], [ 77.942498723786102, 30.375316638319791 ], [ 77.942500406863417, 30.375292121963025 ], [ 77.942503971303182, 30.375267749048493 ], [ 77.942509400068715, 30.375243635715474 ], [ 77.942516667117005, 30.375219898024195 ], [ 77.94252574348387, 30.37519662869089 ], [ 77.942536588474198, 30.375173933281072 ], [ 77.942549153527551, 30.375151913844132 ], [ 77.942563382660268, 30.375130668590753 ], [ 77.942573050413444, 30.375117029927932 ], [ 77.942585693148303, 30.375101923069767 ], [ 77.942594194089935, 30.375092686897762 ], [ 77.942629556450271, 30.375057636145595 ], [ 77.942671229433202, 30.375019803656453 ], [ 77.942725062633855, 30.374973943478754 ], [ 77.94279071069559, 30.374920047885166 ], [ 77.942817545122011, 30.374898257036573 ], [ 77.942945166393244, 30.374794688092575 ], [ 77.943017241552596, 30.374736037491044 ], [ 77.943023748059403, 30.374730696938865 ], [ 77.943099846104062, 30.374667694526867 ], [ 77.943113241645634, 30.374656403094544 ], [ 77.943188162655474, 30.374592105681284 ], [ 77.943197641924215, 30.374583864889768 ], [ 77.943202944923144, 30.374579194860072 ], [ 77.94321300240351, 30.37457021404256 ], [ 77.943281872363912, 30.374507856652553 ], [ 77.943300976209528, 30.374490086341108 ], [ 77.943372558114731, 30.374421676925376 ], [ 77.943391678920293, 30.374402885490479 ], [ 77.94346094377174, 30.374332877078256 ], [ 77.943468289238382, 30.374325370243103 ], [ 77.943476805198046, 30.37431645474614 ], [ 77.943524589060246, 30.37426577045613 ], [ 77.943533637635298, 30.37425603572844 ], [ 77.943553371569607, 30.374234501607287 ], [ 77.943564858653247, 30.374221732976689 ], [ 77.94362936739914, 30.374148684575228 ], [ 77.94364660981428, 30.3741285875582 ], [ 77.943709024506902, 30.374053690161649 ], [ 77.943725624382324, 30.374033175996349 ], [ 77.943785615024112, 30.373956804607491 ], [ 77.943801545499369, 30.373935906302005 ], [ 77.943859067090941, 30.373858119922357 ], [ 77.943874332177558, 30.373836831637977 ], [ 77.943929338720523, 30.373757689268697 ], [ 77.943939260425935, 30.373743106237736 ], [ 77.943943902869705, 30.373736061028342 ], [ 77.943991728651255, 30.373662681304534 ], [ 77.943996301560958, 30.373655590988466 ], [ 77.944009899715553, 30.373633441927037 ], [ 77.944036264029307, 30.373589604381355 ], [ 77.944060084103398, 30.37355196900192 ], [ 77.944073241137616, 30.373529672277275 ], [ 77.944120460543431, 30.373446834945437 ], [ 77.944132909541523, 30.373424209402753 ], [ 77.944177376906069, 30.373340415086201 ], [ 77.944187429516731, 30.373320864317552 ], [ 77.944217352041449, 30.373260762102081 ], [ 77.944222981012345, 30.373249236679154 ], [ 77.94423514780685, 30.37322383559081 ], [ 77.944242152231269, 30.373208833626517 ], [ 77.944281085519506, 30.373123247342679 ], [ 77.944291113192236, 30.373100293119446 ], [ 77.944327648853488, 30.373012943779418 ], [ 77.944337121744056, 30.372989275336391 ], [ 77.944370658959372, 30.372901567086839 ], [ 77.944379370057518, 30.372877679846564 ], [ 77.944410085241699, 30.372789197615955 ], [ 77.944418030526478, 30.37276510143597 ], [ 77.944445898681906, 30.372675914225109 ], [ 77.944453066153685, 30.372651645709023 ], [ 77.944478067283029, 30.372561821518271 ], [ 77.94448445578999, 30.372537385530105 ], [ 77.944506569895921, 30.372446994360534 ], [ 77.944512173430979, 30.372422412860498 ], [ 77.944531383516235, 30.372331523712379 ], [ 77.944532622338784, 30.372325549125332 ], [ 77.944536196266256, 30.372306823432158 ], [ 77.944552488333684, 30.372215506305853 ], [ 77.94455651103479, 30.372190680288167 ], [ 77.944569870087136, 30.372099006184303 ], [ 77.94457309242793, 30.372074120585122 ], [ 77.944583511468323, 30.371982160503794 ], [ 77.944585937977266, 30.371957181127005 ], [ 77.944593406008622, 30.371865005068575 ], [ 77.944595029905898, 30.371840000771986 ], [ 77.944599543930963, 30.371747680736636 ], [ 77.944600367027576, 30.371722625426809 ], [ 77.944601921049738, 30.371630232414635 ], [ 77.944602031669163, 30.3716170698595 ], [ 77.944601941123096, 30.371605177008174 ], [ 77.944600535145014, 30.37151278201927 ], [ 77.944599753027887, 30.37148774328374 ], [ 77.944595389052921, 30.371395418317757 ], [ 77.944593803929607, 30.371370388570593 ], [ 77.944586482960531, 30.371278203627892 ], [ 77.944584098506823, 30.371253241005878 ], [ 77.944573828546837, 30.371161268085931 ], [ 77.944570644544967, 30.371136364548565 ], [ 77.944557432596639, 30.371044674651291 ], [ 77.944553452017928, 30.371019856707147 ], [ 77.94453730808462, 30.370928519832372 ], [ 77.944533508564106, 30.370908525813309 ], [ 77.944532533155368, 30.37090380291497 ], [ 77.944513469239766, 30.370812890061902 ], [ 77.94450790642361, 30.370788306481753 ], [ 77.944485938528373, 30.370697888650131 ], [ 77.944479589372676, 30.370673444239724 ], [ 77.944454733500834, 30.370583589429199 ], [ 77.944447604690041, 30.370559310187826 ], [ 77.944419880844251, 30.370470089397603 ], [ 77.944411976739318, 30.370445989900272 ], [ 77.944381405922158, 30.370357471129825 ], [ 77.944372731594228, 30.370333567620431 ], [ 77.944339336808099, 30.370245818869055 ], [ 77.944329900532338, 30.370222134527278 ], [ 77.944293255516953, 30.370134142082303 ], [ 77.944283520149952, 30.370111783955398 ], [ 77.944244558433255, 30.370025778239782 ], [ 77.944233615748274, 30.370002575557162 ], [ 77.944191913069631, 30.369917541858147 ], [ 77.94418024268586, 30.369894633728709 ], [ 77.944135834047501, 30.369810637045322 ], [ 77.944123421569699, 30.369787995393214 ], [ 77.9440763379733, 30.369705100724307 ], [ 77.94406321795249, 30.36968278869546 ], [ 77.944013498400281, 30.369601059040239 ], [ 77.943999662415834, 30.369579061135408 ], [ 77.943947344909063, 30.369498561492723 ], [ 77.943941971433006, 30.369490393289009 ], [ 77.943932809658733, 30.369476905285584 ], [ 77.943877933199261, 30.369397695654374 ], [ 77.943862707050215, 30.369376393989587 ], [ 77.943805314639391, 30.369298537368703 ], [ 77.943789422300384, 30.369277623911071 ], [ 77.943729558939538, 30.369201178299274 ], [ 77.943712990130635, 30.369180639772839 ], [ 77.943650700820925, 30.369105666169158 ], [ 77.943633488122288, 30.36908554355696 ], [ 77.943568821864687, 30.369012098960066 ], [ 77.943550965519492, 30.368992392331204 ], [ 77.943483971314464, 30.368920533739594 ], [ 77.943471877299601, 30.368907801467824 ], [ 77.943465498964414, 30.368901273383795 ], [ 77.943396229812933, 30.368831055796495 ], [ 77.943377141549874, 30.368812241605045 ], [ 77.943305649452299, 30.368743719020639 ], [ 77.943285973008003, 30.368725378275716 ], [ 77.943212381964514, 30.368658664692614 ], [ 77.943193664644383, 30.368642127132315 ], [ 77.943129671650013, 30.368587020485958 ], [ 77.943119365246986, 30.368578267508948 ], [ 77.943107199252552, 30.368568077575251 ], [ 77.943096909666124, 30.368559576317242 ], [ 77.943020102725939, 30.368496980729685 ], [ 77.943007016946723, 30.368486497694622 ], [ 77.942929190039493, 30.368425213104775 ], [ 77.94292323612089, 30.368420560864937 ], [ 77.942856644345071, 30.368368929740317 ], [ 77.941203933826756, 30.367090350808343 ], [ 77.941141534360895, 30.367041980727425 ], [ 77.941073712580533, 30.366988683713156 ], [ 77.941013687750626, 30.366940058694833 ], [ 77.940963712519377, 30.366897838651372 ], [ 77.94095565229614, 30.366890793989629 ], [ 77.940951741467856, 30.366887274913044 ], [ 77.94091515142361, 30.3668539938141 ], [ 77.940869535692684, 30.366810022642685 ], [ 77.9408265229427, 30.366765721464137 ], [ 77.940785206696631, 30.366720220785535 ], [ 77.940745636845946, 30.36667357445749 ], [ 77.940707850885985, 30.366625827231051 ], [ 77.940671889841539, 30.366577030966244 ], [ 77.940637792513371, 30.366527237954575 ], [ 77.94060559591172, 30.366476502948867 ], [ 77.940575334868271, 30.366424879894236 ], [ 77.940547041571676, 30.366372424638808 ], [ 77.940520745926548, 30.366319191648348 ], [ 77.940496477203524, 30.366265241519184 ], [ 77.940474261196883, 30.366210629555166 ], [ 77.940454121492763, 30.366155416677518 ], [ 77.940436080358666, 30.366099660041055 ], [ 77.940420156186462, 30.36604342142871 ], [ 77.940406367115244, 30.365986758971051 ], [ 77.940394726106547, 30.365929732522954 ], [ 77.940385249057002, 30.365872414500092 ], [ 77.940377943501559, 30.365814851943593 ], [ 77.940372817600604, 30.365757112815981 ], [ 77.940369877368013, 30.365699258348453 ], [ 77.940369125461217, 30.365641350470849 ], [ 77.940370563208205, 30.36558345401362 ], [ 77.940374188558181, 30.365525629931209 ], [ 77.940379998009945, 30.365467942351518 ], [ 77.940387985481962, 30.365410448458849 ], [ 77.940398141933997, 30.365353212865696 ], [ 77.940410457117352, 30.365296295265995 ], [ 77.940424917214116, 30.365239757884286 ], [ 77.940441505219042, 30.365183667266447 ], [ 77.940460206413945, 30.365128074974077 ], [ 77.940481000356698, 30.365073039366006 ], [ 77.940503861312308, 30.365018629549443 ], [ 77.94052876775082, 30.364964897678224 ], [ 77.940552996230664, 30.364916791670513 ], [ 77.940559449347816, 30.364904634432452 ], [ 77.940586264489212, 30.364856485927003 ], [ 77.940622966886068, 30.364794205553078 ], [ 77.940664784070094, 30.364726192542744 ], [ 77.940711536264573, 30.364651809135932 ], [ 77.940717126691709, 30.364642953887664 ], [ 77.942939493005085, 30.361123185860759 ], [ 77.94295790817705, 30.361094005703801 ], [ 77.942959515828136, 30.361091448468844 ], [ 77.943009452305304, 30.361011710124917 ], [ 77.943014956200429, 30.361002802914836 ], [ 77.943064211655781, 30.360922006573485 ], [ 77.943073467486727, 30.360906460694057 ], [ 77.943121127909009, 30.360824470360424 ], [ 77.943131078606513, 30.360806879394584 ], [ 77.943160192216354, 30.360753966188678 ], [ 77.943167166941677, 30.360741027221447 ], [ 77.943183775702622, 30.360709569103026 ], [ 77.943193243917989, 30.360691091266521 ], [ 77.943235411246647, 30.360606248963204 ], [ 77.943248390991386, 30.360578908968936 ], [ 77.943287507271563, 30.360492520683611 ], [ 77.943296746161209, 30.360471338790394 ], [ 77.943299453154239, 30.360464810966956 ], [ 77.943335281392393, 30.360377357702415 ], [ 77.943346166215221, 30.360349341787671 ], [ 77.943378670414376, 30.360260917544988 ], [ 77.943388496905285, 30.360232588390854 ], [ 77.943417640069072, 30.360143287171102 ], [ 77.943426386360059, 30.360114706741168 ], [ 77.943452138491679, 30.360024625545332 ], [ 77.943459801456342, 30.35999580533991 ], [ 77.943482134559886, 30.359905039168797 ], [ 77.943488702852818, 30.359876021501062 ], [ 77.943507858261285, 30.359783376391878 ], [ 77.943513062251057, 30.359755473417902 ], [ 77.94352848830988, 30.359663634298126 ], [ 77.943532849059338, 30.359634310942827 ], [ 77.943544796101975, 30.359542082849753 ], [ 77.94354804732474, 30.35951264058335 ], [ 77.943556501355104, 30.359420121517164 ], [ 77.943558637668275, 30.359390604571477 ], [ 77.943563589690527, 30.359297895532631 ], [ 77.943564609147941, 30.359268327446163 ], [ 77.94356605316635, 30.359175527434754 ], [ 77.943566147857894, 30.359163347861671 ], [ 77.943565954584585, 30.359145967850463 ], [ 77.943563891603333, 30.359053175866588 ], [ 77.94356267457384, 30.359023607149158 ], [ 77.943557103597271, 30.358930925192826 ], [ 77.943554771588907, 30.358901433388805 ], [ 77.943545701621019, 30.35880895845958 ], [ 77.943542253267765, 30.358779524647748 ], [ 77.943529691312918, 30.358687357745548 ], [ 77.943525135603153, 30.358658059673314 ], [ 77.943509097665242, 30.358566298797616 ], [ 77.943505039698124, 30.358544831518639 ], [ 77.943503432970033, 30.358537125483185 ], [ 77.943483934053418, 30.358445870633464 ], [ 77.943477172072221, 30.358416885120274 ], [ 77.943454246180991, 30.358326280295653 ], [ 77.94344669914706, 30.358298552848293 ], [ 77.943422531350762, 30.358215640032125 ], [ 77.943418229730199, 30.358201374162039 ], [ 77.943415857658053, 30.358193762180061 ], [ 77.943411400823692, 30.358179900192237 ], [ 77.943382168000952, 30.358091703412402 ], [ 77.943374987067941, 30.358070977869165 ], [ 77.943343324270941, 30.357983418105992 ], [ 77.943338281337404, 30.357969848945974 ], [ 77.943305268563904, 30.357883367191771 ], [ 77.943302790979544, 30.357876957399608 ], [ 77.943271490265175, 30.357796975636706 ], [ 77.94151067558569, 30.353314765703363 ], [ 77.941509500943255, 30.353311792447588 ], [ 77.941490452520682, 30.353263849588661 ], [ 77.941487111643426, 30.353255571819435 ], [ 77.9414519448964, 30.353169778079145 ], [ 77.941449297509195, 30.353163395571112 ], [ 77.941447516355666, 30.35315918421345 ], [ 77.941411071623278, 30.353073672481354 ], [ 77.941406486128272, 30.353063116765941 ], [ 77.941368811411593, 30.35297800704134 ], [ 77.941364074916478, 30.352967503684933 ], [ 77.941325176216395, 30.352882808968094 ], [ 77.941320292295927, 30.352872365374015 ], [ 77.941280176612537, 30.352788098664671 ], [ 77.941275136627752, 30.35277769661052 ], [ 77.941233808961485, 30.352693871908318 ], [ 77.941228625144021, 30.352683536679823 ], [ 77.941186093495418, 30.352600166984498 ], [ 77.941180756967043, 30.352589880711687 ], [ 77.941137026336548, 30.352506978023239 ], [ 77.941131546380859, 30.352496758589762 ], [ 77.941086624768829, 30.352414335908104 ], [ 77.941080993184912, 30.352404168043332 ], [ 77.941034968592774, 30.352322384367501 ], [ 77.941031057768754, 30.352315509269499 ], [ 77.941013445820232, 30.352284879449751 ], [ 77.940386667801064, 30.351200931476239 ], [ 77.940378024360072, 30.351185982478466 ], [ 77.940334714023251, 30.351110639915877 ], [ 77.9402961508045, 30.351041873411919 ], [ 77.940262200263447, 30.350978451203812 ], [ 77.940237504240798, 30.350929365878496 ], [ 77.940210084771081, 30.350869210386886 ], [ 77.94018759409137, 30.350814689341785 ], [ 77.940167174794183, 30.350759553837801 ], [ 77.940148849201577, 30.350703863840831 ], [ 77.940132639227599, 30.350647687278762 ], [ 77.940118562536668, 30.350591082362985 ], [ 77.940106631807907, 30.35053410260856 ], [ 77.94009686103243, 30.350476814689973 ], [ 77.940089261130041, 30.350419282159589 ], [ 77.940083840124174, 30.35036156409495 ], [ 77.940080603435561, 30.350303723094161 ], [ 77.94007955502461, 30.350245821461872 ], [ 77.940080695618533, 30.350187917158475 ], [ 77.940084023900539, 30.350130076897717 ], [ 77.940089536347756, 30.350072365553569 ], [ 77.940097227000308, 30.350014843293902 ], [ 77.940107087610059, 30.349957572301154 ], [ 77.94011910900052, 30.349900607881839 ], [ 77.94013402533038, 30.349841024185462 ], [ 77.940143655359421, 30.349806949401401 ], [ 77.940149391529715, 30.349787961226813 ], [ 77.940174273099771, 30.349709993530336 ], [ 77.940176889230543, 30.349701953710504 ], [ 77.940209447775743, 30.349601923141076 ], [ 77.940230190965309, 30.3495380209967 ], [ 77.940231775526414, 30.349533085830114 ], [ 77.940259591700837, 30.349445489620006 ], [ 77.940262756454985, 30.349435290573599 ], [ 77.940283343808147, 30.34936736141761 ], [ 77.94028573481323, 30.349359321846467 ], [ 77.940291854612113, 30.349338345800145 ], [ 77.940294916767272, 30.349327571809379 ], [ 77.940319525905281, 30.349238635621898 ], [ 77.940324178083657, 30.349221049597706 ], [ 77.940346808202065, 30.349131399424554 ], [ 77.940351053978418, 30.349113735782804 ], [ 77.940371612081194, 30.34902371062481 ], [ 77.940375449246091, 30.349005978785879 ], [ 77.940394017857273, 30.348915170666988 ], [ 77.940397353722901, 30.348897825949681 ], [ 77.94041374479913, 30.348807160822897 ], [ 77.940416763105617, 30.348789299307608 ], [ 77.940431059170578, 30.348698366196611 ], [ 77.940433661203301, 30.348680482309351 ], [ 77.940445859258489, 30.348589320214412 ], [ 77.940448051726733, 30.348571367706487 ], [ 77.940458143773938, 30.348480012627785 ], [ 77.940459920108566, 30.348462042298916 ], [ 77.940467904149202, 30.348370530236632 ], [ 77.940469265737022, 30.348352534602139 ], [ 77.940475138772584, 30.348260902556188 ], [ 77.940476085870813, 30.348242872510642 ], [ 77.940479843902736, 30.348151156481382 ], [ 77.940480374673371, 30.348133125144958 ], [ 77.940482014704941, 30.348041520131961 ], [ 77.940482139972914, 30.348027242348028 ], [ 77.940482101286349, 30.347970781832831 ], [ 77.940482043149927, 30.347961766519358 ], [ 77.940481603769484, 30.347925783522864 ], [ 77.940481350734203, 30.3479132655991 ], [ 77.940478768767377, 30.347821767619418 ], [ 77.940478051476617, 30.347803729073473 ], [ 77.94047334650989, 30.347712046110207 ], [ 77.940472214192368, 30.347694036565418 ], [ 77.94046542523381, 30.347602837618357 ], [ 77.940464673951581, 30.347593499209733 ], [ 77.94046420989541, 30.347588132213463 ], [ 77.940463473163845, 30.34758009360937 ], [ 77.940455136263068, 30.347494001674544 ], [ 77.940454022612215, 30.347483270312612 ], [ 77.940444013669563, 30.347392872390753 ], [ 77.940443570208117, 30.347388956926711 ], [ 77.940437802106914, 30.347339145563144 ], [ 77.940191994632457, 30.345224791270073 ], [ 77.940182344913737, 30.345143592544641 ], [ 77.940181830521837, 30.345139362508764 ], [ 77.94017063558654, 30.345049337596084 ], [ 77.940170064290115, 30.345044848885525 ], [ 77.940158348356647, 30.344954861976756 ], [ 77.94015775244435, 30.34495038524879 ], [ 77.940145518513148, 30.344860451344022 ], [ 77.940144895443012, 30.344855967522886 ], [ 77.940132142514173, 30.34476608762203 ], [ 77.940131495729318, 30.344761621176151 ], [ 77.940118225802834, 30.344671797279386 ], [ 77.940117550140641, 30.34466731292996 ], [ 77.940103761216506, 30.344577548037019 ], [ 77.940103063573488, 30.344573091326641 ], [ 77.940088763652241, 30.344483417437704 ], [ 77.940088147837116, 30.34447961533667 ], [ 77.940077643773719, 30.344415759012353 ], [ 77.940072940077087, 30.344387650643032 ], [ 77.940072447161512, 30.344384739492778 ], [ 77.940057120245953, 30.344295234611582 ], [ 77.940056343811207, 30.344290777122804 ], [ 77.940040488897921, 30.344201269245605 ], [ 77.940039685993867, 30.34419681082495 ], [ 77.94002331508355, 30.344107372951665 ], [ 77.940022487482977, 30.344102923395564 ], [ 77.94000560157555, 30.344013557526015 ], [ 77.940004747736779, 30.344009108442247 ], [ 77.939987346832595, 30.343919816576612 ], [ 77.939986466012016, 30.343915364547112 ], [ 77.939968365241185, 30.343825235926634 ], [ 77.939967722889051, 30.343822086931613 ], [ 77.939952060756667, 30.343746165445982 ], [ 77.9392136131885, 30.340209228489865 ], [ 77.939208386499203, 30.340184177970695 ], [ 77.939191136362055, 30.340100171472582 ], [ 77.939182967293974, 30.340058700268333 ], [ 77.939176546190325, 30.340024591219592 ], [ 77.939174666126931, 30.340014231466181 ], [ 77.939164891957361, 30.339956641398356 ], [ 77.939154357655042, 30.339885748399151 ], [ 77.939145583851314, 30.339815676119084 ], [ 77.939138427406277, 30.339745460704446 ], [ 77.939132890674671, 30.339675137787001 ], [ 77.939128977486504, 30.339604735273848 ], [ 77.939126687563402, 30.339534273958844 ], [ 77.939126022776421, 30.339463788368146 ], [ 77.939126983048993, 30.339393306839622 ], [ 77.93912956825092, 30.339322859713267 ], [ 77.93913377779225, 30.339252468024522 ], [ 77.939139609491647, 30.339182160244835 ], [ 77.939147060489148, 30.339111970288055 ], [ 77.939156128398949, 30.339041924357399 ], [ 77.939166809375237, 30.338972050571709 ], [ 77.939179099787296, 30.338902373972285 ], [ 77.939192993780992, 30.338832925072676 ], [ 77.939208486022252, 30.338763732637606 ], [ 77.939225570923213, 30.338694821701448 ], [ 77.939244242209426, 30.338626217063034 ], [ 77.939264488812569, 30.338557956962706 ], [ 77.939286307968658, 30.33849005698249 ], [ 77.939309687416895, 30.338422546586639 ], [ 77.939334616908255, 30.338355462921971 ], [ 77.939361089667528, 30.338288820343227 ], [ 77.939389091771105, 30.338222654948463 ], [ 77.939418616683398, 30.338156983235773 ], [ 77.939446266442317, 30.338098937773825 ], [ 77.939485022493486, 30.338097470023104 ], [ 77.939574971154457, 30.338087198295103 ], [ 77.939663545400876, 30.338070165633244 ], [ 77.939750071112456, 30.338046501669478 ], [ 77.939833889760294, 30.338016386505604 ], [ 77.939914363420925, 30.337980049341926 ], [ 77.939990879629931, 30.33793776673269 ], [ 77.940062856045344, 30.337889860481457 ], [ 77.940129744877595, 30.337836695191864 ], [ 77.940191037061183, 30.337778675491354 ], [ 77.940246266127133, 30.337716242953281 ], [ 77.940295011753506, 30.337649872734804 ], [ 77.940336902964901, 30.337580069960399 ], [ 77.940371620954622, 30.337507365878356 ], [ 77.940392829170079, 30.3374511522677 ], [ 77.940409744690797, 30.337393853930958 ], [ 77.940633127552871, 30.336515856800315 ], [ 77.940643023126299, 30.336477113462532 ], [ 77.940652285988946, 30.336438886491788 ], [ 77.940664126936198, 30.336360865567844 ], [ 77.940668083397483, 30.336282246365496 ], [ 77.940664125280634, 30.336203627224787 ], [ 77.940652282728266, 30.336125606484519 ], [ 77.94063264588732, 30.336048777927491 ], [ 77.940605364223458, 30.335973726261809 ], [ 77.940570645381968, 30.335901022671461 ], [ 77.940528753607651, 30.335831220468865 ], [ 77.94048000773293, 30.33576485088437 ], [ 77.940424778751364, 30.335702419023267 ], [ 77.940363486993917, 30.335644400021931 ], [ 77.940296598929407, 30.335591235431867 ], [ 77.94022462361481, 30.335543329859735 ], [ 77.94014810882085, 30.335501047887856 ], [ 77.940067636863034, 30.335464711300606 ], [ 77.939983820170966, 30.335434596634467 ], [ 77.939902462405101, 30.335412241835922 ], [ 77.939897485299795, 30.335411065884674 ], [ 77.939819479989495, 30.335395779012284 ], [ 77.939808937350918, 30.335393908751183 ], [ 77.938865752275277, 30.335240718418763 ], [ 77.938855001927109, 30.335238841189192 ], [ 77.938765055850922, 30.335228569643444 ], [ 77.938674420000098, 30.335225137087161 ], [ 77.938583784149444, 30.335228569643444 ], [ 77.938493838073441, 30.335238841189192 ], [ 77.938405266297565, 30.335255873553866 ], [ 77.938318742889933, 30.335279537114399 ], [ 77.938234926329841, 30.335309651781248 ], [ 77.938154454498857, 30.335345988369387 ], [ 77.938077939825334, 30.335388270342154 ], [ 77.938005964624239, 30.335436175915529 ], [ 77.937939076665074, 30.335489340506836 ], [ 77.937877785004261, 30.335547359509594 ], [ 77.937822556109737, 30.335609791372118 ], [ 77.937773810311938, 30.335676160958212 ], [ 77.937731918603518, 30.335745963162406 ], [ 77.937697199816739, 30.33581866675453 ], [ 77.937676508156443, 30.33587450585161 ], [ 77.93767014490146, 30.335893815336288 ], [ 77.93765979508143, 30.335931342269493 ], [ 77.937649782952704, 30.335970440057434 ], [ 77.937430417683998, 30.336824297410967 ], [ 77.937421384090925, 30.336863606002193 ], [ 77.937409541449568, 30.33694162673358 ], [ 77.937405583303047, 30.337020245865229 ], [ 77.937409539794004, 30.337098865058696 ], [ 77.937421380830074, 30.337176885973935 ], [ 77.937426722630136, 30.337197787133672 ], [ 77.937418155951036, 30.337213910957015 ], [ 77.937409637226466, 30.337230375825239 ], [ 77.937367284567316, 30.337314476521247 ], [ 77.937359147729978, 30.337331084952321 ], [ 77.937318743042908, 30.337415903659757 ], [ 77.93731099632889, 30.337432637762216 ], [ 77.937272554614893, 30.337518139481698 ], [ 77.937265191395525, 30.33753501327082 ], [ 77.93722823477394, 30.337622336921175 ], [ 77.93722175420568, 30.337638167576362 ], [ 77.937187285441667, 30.337724935320995 ], [ 77.937180708249187, 30.337742045462921 ], [ 77.937148246461788, 30.337829393220925 ], [ 77.937142061288526, 30.337846624610396 ], [ 77.937111620479016, 30.337934518381946 ], [ 77.937105837678814, 30.337951842083175 ], [ 77.937077428848681, 30.3380402458688 ], [ 77.937072047070458, 30.338057664418958 ], [ 77.937045681221051, 30.3381465432191 ], [ 77.937040696239023, 30.338164072558502 ], [ 77.937016386371482, 30.338253391373069 ], [ 77.937011813013783, 30.33827097887519 ], [ 77.936989566129625, 30.338360700704801 ], [ 77.936985394231954, 30.338378384902551 ], [ 77.936965221332514, 30.338468475747558 ], [ 77.936961702970024, 30.338485015179781 ], [ 77.936943368800115, 30.33857663817928 ], [ 77.936940017625659, 30.338594441932951 ], [ 77.936924013700008, 30.338685160808918 ], [ 77.936921073495313, 30.338703020116728 ], [ 77.936907164558903, 30.338793997008704 ], [ 77.93690463690686, 30.338811902131244 ], [ 77.936892827961046, 30.338903103039403 ], [ 77.936890713532051, 30.338921048972498 ], [ 77.936881009578329, 30.339012435896837 ], [ 77.936879308469031, 30.339030424973021 ], [ 77.936871714508897, 30.339121961913715 ], [ 77.936870429717246, 30.339139959884296 ], [ 77.936864946752408, 30.339231610841342 ], [ 77.93686407644023, 30.339249642482411 ], [ 77.936860708472111, 30.339341370455895 ], [ 77.936860254390893, 30.339359401816477 ], [ 77.93685900142107, 30.339451168806573 ], [ 77.936858928496292, 30.339461842864832 ], [ 77.936858963092618, 30.339469208923528 ], [ 77.936859826122628, 30.339560979930322 ], [ 77.936860203816764, 30.339579019830385 ], [ 77.936863182848185, 30.339670757853785 ], [ 77.936863976567054, 30.33968878965295 ], [ 77.936869070601588, 30.339780456692775 ], [ 77.93687027930406, 30.339798462150878 ], [ 77.936877485343018, 30.339890023207214 ], [ 77.936879109689016, 30.339908012445402 ], [ 77.936888425734011, 30.33999942951807 ], [ 77.936890463085106, 30.340017374792669 ], [ 77.936901884137654, 30.340108612881576 ], [ 77.936904336866874, 30.34012653421426 ], [ 77.936917847929365, 30.340217474319129 ], [ 77.936920405989085, 30.340233549955418 ], [ 77.93693267624927, 30.340305852050395 ], [ 77.93693423349356, 30.34031472167916 ], [ 77.936937610304028, 30.340333332705303 ], [ 77.936938551993421, 30.340338427813638 ], [ 77.936946266577067, 30.34037941787334 ], [ 77.936947533190548, 30.340385994822103 ], [ 77.936957189694581, 30.340435020896681 ], [ 77.93695829100065, 30.340440508134012 ], [ 77.936977005726774, 30.340531649095634 ], [ 77.936982810090527, 30.340559481316252 ], [ 77.937720778330458, 30.344094502955752 ], [ 77.937735520917528, 30.344165976955448 ], [ 77.937752419946193, 30.344250139567261 ], [ 77.937768796759158, 30.344334185869446 ], [ 77.937784688986611, 30.344418300416596 ], [ 77.937800095694342, 30.344502482271505 ], [ 77.937815016896039, 30.344586728592002 ], [ 77.937829598280132, 30.344671894748974 ], [ 77.937833611016941, 30.344695866070612 ], [ 77.937843344193169, 30.344755051924341 ], [ 77.937856864710497, 30.344839846514358 ], [ 77.937869840523277, 30.344924338942878 ], [ 77.93788232993775, 30.345008885676403 ], [ 77.937894330313028, 30.345093479527261 ], [ 77.937905843535049, 30.345178131936432 ], [ 77.937916869690852, 30.34526283408395 ], [ 77.937927422874253, 30.345347707986523 ], [ 77.937936514267847, 30.34542422253713 ], [ 77.938181977872304, 30.34753603942276 ], [ 77.938187428857034, 30.347583128041276 ], [ 77.938196480366983, 30.347664886652179 ], [ 77.938202897054609, 30.347730369903179 ], [ 77.938203407027288, 30.347736109603449 ], [ 77.938203733760957, 30.347739914261016 ], [ 77.938204057482622, 30.347743926631185 ], [ 77.938208907480544, 30.347810088034297 ], [ 77.938212519151861, 30.347880505843658 ], [ 77.938214591218994, 30.347953974250661 ], [ 77.938214874641176, 30.347977244630417 ], [ 77.938214902353224, 30.348019544048075 ], [ 77.938213604390597, 30.348091934831753 ], [ 77.938210716564271, 30.348162378514818 ], [ 77.938206204715414, 30.348232752882662 ], [ 77.938200070755059, 30.348303039272881 ], [ 77.938192317340082, 30.348373205095189 ], [ 77.93818294745104, 30.348443223336172 ], [ 77.938171965369662, 30.348513063830094 ], [ 77.93815937545601, 30.348582696871294 ], [ 77.938145181550766, 30.348652100628168 ], [ 77.938129390587562, 30.348721243467356 ], [ 77.938112008496063, 30.348790097015819 ], [ 77.938092022789277, 30.348862318773993 ], [ 77.938089140724742, 30.348872196644781 ], [ 77.938071814211185, 30.348929361604657 ], [ 77.9380468285825, 30.349008039406176 ], [ 77.938027228723342, 30.349068416554967 ], [ 77.937994889441342, 30.349167765462024 ], [ 77.937991413198048, 30.349178446237932 ], [ 77.937989988484546, 30.349182866662314 ], [ 77.937962024659868, 30.349270488451072 ], [ 77.937958301004173, 30.34928247641778 ], [ 77.937947953677977, 30.349316725339346 ], [ 77.937943896722672, 30.349330601720812 ], [ 77.937928065181964, 30.349386613600391 ], [ 77.937921840903982, 30.349409973261263 ], [ 77.93789919601322, 30.349500422088003 ], [ 77.937892508183737, 30.349529419067576 ], [ 77.93787324126572, 30.349620711919076 ], [ 77.93787204720789, 30.349626475306177 ], [ 77.937867652522385, 30.349649885711703 ], [ 77.937851846583783, 30.349741676589179 ], [ 77.937847364454271, 30.349770986455891 ], [ 77.937835035498807, 30.349863177359868 ], [ 77.937831661916505, 30.34989261347901 ], [ 77.93782282494837, 30.349985105409925 ], [ 77.937820566302833, 30.350014617073438 ], [ 77.937815230326194, 30.350107310031635 ], [ 77.937814088555257, 30.3501368643707 ], [ 77.937812258574283, 30.350229660356352 ], [ 77.937812106483321, 30.350245077863089 ], [ 77.937812234364671, 30.350259231096697 ], [ 77.937813912383646, 30.350352028109793 ], [ 77.937815006124382, 30.350381590237649 ], [ 77.937820191147466, 30.350474290278182 ], [ 77.937822402302629, 30.35050381080536 ], [ 77.937831089333997, 30.350596312873233 ], [ 77.93783441234271, 30.350625731251011 ], [ 77.937846589386609, 30.350717937345859 ], [ 77.937851026492581, 30.350747271846021 ], [ 77.937866683553125, 30.350839081967305 ], [ 77.937871290321425, 30.350863732643649 ], [ 77.937872223526583, 30.350868255537353 ], [ 77.937891341607738, 30.350959571684708 ], [ 77.937897984482618, 30.350988586008807 ], [ 77.937920544588394, 30.351079309181603 ], [ 77.937928276495782, 30.35110810398761 ], [ 77.937954252629908, 30.35119813718504 ], [ 77.937963073566252, 30.351226712298693 ], [ 77.937992439732454, 30.351315958519951 ], [ 77.938002332243627, 30.351344256497779 ], [ 77.938035055445553, 30.351432619741967 ], [ 77.938046015801547, 30.351460630239888 ], [ 77.938082062042739, 30.351548015505845 ], [ 77.938084002500318, 30.351552679212954 ], [ 77.938094071395184, 30.351575690360786 ], [ 77.938133174682903, 30.351661507645797 ], [ 77.938140885366906, 30.351677954332654 ], [ 77.938149471223554, 30.35169576339479 ], [ 77.938155793777767, 30.351708597938885 ], [ 77.938189849246612, 30.351776275183493 ], [ 77.938199730283756, 30.351795307656335 ], [ 77.938244311657016, 30.351878590973111 ], [ 77.938252351436532, 30.351893262861349 ], [ 77.938298382840458, 30.351975351185754 ], [ 77.938302898505285, 30.35198330440819 ], [ 77.93835006913659, 30.352065361039013 ], [ 77.93835990116618, 30.352082368943254 ], [ 77.938985520299752, 30.353164351201887 ], [ 77.938999645140598, 30.353188917395055 ], [ 77.939040008529673, 30.353260645151945 ], [ 77.939078374229453, 30.353331040567308 ], [ 77.939115719963951, 30.353401842923997 ], [ 77.939152044682302, 30.353473048929356 ], [ 77.939187340496034, 30.35354464300438 ], [ 77.939221600503487, 30.353616611195786 ], [ 77.939254821278951, 30.353688947763988 ], [ 77.939286996817629, 30.353761636960339 ], [ 77.939318122206657, 30.353834671032818 ], [ 77.939348720249683, 30.353909321595172 ], [ 77.939365129089836, 30.353950624154589 ], [ 77.941124734645499, 30.358430004974633 ], [ 77.941154125541971, 30.358505107962817 ], [ 77.941182640775523, 30.358579815867746 ], [ 77.94120699702907, 30.358647172365725 ], [ 77.941224366737231, 30.358698882576594 ], [ 77.941227280964668, 30.358708059276349 ], [ 77.941228862992162, 30.358713139410529 ], [ 77.94123153679503, 30.358721913102347 ], [ 77.941243616417481, 30.358764141001391 ], [ 77.941258072855661, 30.358821278138368 ], [ 77.94127023699825, 30.358878215238736 ], [ 77.941280243547254, 30.358935472698132 ], [ 77.941288080332342, 30.358992984175135 ], [ 77.941293739285115, 30.359050687205578 ], [ 77.941297213533204, 30.359108514819031 ], [ 77.941298499681636, 30.359166413101821 ], [ 77.941297596832115, 30.359224320431952 ], [ 77.941294505937989, 30.359282164114507 ], [ 77.941289228951504, 30.359339895139801 ], [ 77.941281773851856, 30.35939744275252 ], [ 77.941272146925215, 30.359454744019185 ], [ 77.941260357730528, 30.359511750061561 ], [ 77.941246422178438, 30.359568382829369 ], [ 77.941230352221694, 30.359624590908805 ], [ 77.941212166344357, 30.3596803131685 ], [ 77.941191885581688, 30.359735482930592 ], [ 77.941169529136459, 30.359790048250144 ], [ 77.94114511885094, 30.359843955720098 ], [ 77.94111635674588, 30.359901824314459 ], [ 77.941109520507112, 30.359914772192962 ], [ 77.941090331908839, 30.35994964560361 ], [ 77.941054029818801, 30.360012093767228 ], [ 77.941013548060582, 30.360078495372864 ], [ 77.94096784107856, 30.360151477843953 ], [ 77.940950475614301, 30.360178992691953 ], [ 77.93872813537233, 30.363698608979259 ], [ 77.938721498772978, 30.36370912128584 ], [ 77.938671017203646, 30.363789433768549 ], [ 77.938666474740884, 30.363796740447011 ], [ 77.938616977202727, 30.363877243104707 ], [ 77.938608604033021, 30.363891151194142 ], [ 77.938560420463702, 30.363972910857893 ], [ 77.938549457611927, 30.363992070213595 ], [ 77.938509084079314, 30.364064781928466 ], [ 77.938502262356579, 30.364077313010238 ], [ 77.938496256271705, 30.364088568967471 ], [ 77.938488387188187, 30.364103679182772 ], [ 77.938445507529423, 30.364188075875251 ], [ 77.938432268654367, 30.364215335683351 ], [ 77.938392351945495, 30.364301447393114 ], [ 77.938380153859399, 30.364329061677839 ], [ 77.938343451857065, 30.364416408254566 ], [ 77.938332364056166, 30.364444211938011 ], [ 77.938299039264351, 30.364532407689691 ], [ 77.938288953442395, 30.364560657109916 ], [ 77.938258980614094, 30.364649751884318 ], [ 77.938249967877042, 30.364678273344001 ], [ 77.938223379016151, 30.364768172142096 ], [ 77.938215446010076, 30.364796947141546 ], [ 77.938192271119988, 30.364887553964213 ], [ 77.9381854359941, 30.364916514049565 ], [ 77.938165697078531, 30.365007730897329 ], [ 77.938163657848406, 30.365017447672802 ], [ 77.938159955833356, 30.365036892442685 ], [ 77.938143676896587, 30.365128621316604 ], [ 77.938139043262666, 30.365157917553329 ], [ 77.938126240308407, 30.365250059453839 ], [ 77.938122716203665, 30.365279474693327 ], [ 77.938113403236386, 30.365371931620597 ], [ 77.938110993044333, 30.365401430344061 ], [ 77.938105180067751, 30.365494102298438 ], [ 77.938103886317037, 30.36552365143633 ], [ 77.938101579335594, 30.365616438418161 ], [ 77.938101337646785, 30.365635873860573 ], [ 77.938101403362751, 30.365646021366519 ], [ 77.93810260638071, 30.365738824376063 ], [ 77.938103548448993, 30.365768381862122 ], [ 77.938108258470521, 30.365861100898837 ], [ 77.938110318012036, 30.365890624772138 ], [ 77.938118531041411, 30.365983159836194 ], [ 77.938121704569696, 30.36601260015269 ], [ 77.938133410610803, 30.3661048512439 ], [ 77.938137696937304, 30.366134196140724 ], [ 77.938152884994508, 30.366226066258637 ], [ 77.938158218978785, 30.36625498101527 ], [ 77.938176931082481, 30.366346658902419 ], [ 77.938183422990107, 30.366375684747258 ], [ 77.938205520091685, 30.366466493916864 ], [ 77.938213109675402, 30.366495334289265 ], [ 77.938238628804783, 30.366585466483595 ], [ 77.938247300953478, 30.366614063408068 ], [ 77.938276213114491, 30.366703421626315 ], [ 77.938285961722286, 30.36673175727854 ], [ 77.938318235918572, 30.366820245519808 ], [ 77.938329055401837, 30.366848301292624 ], [ 77.938364658636871, 30.36693582455575 ], [ 77.938368148466097, 30.366944269483529 ], [ 77.938376527329567, 30.366963544410783 ], [ 77.938415419606699, 30.367050008694871 ], [ 77.938428332620106, 30.36707738228964 ], [ 77.938470472942456, 30.36716269459335 ], [ 77.938484415561959, 30.367189689449123 ], [ 77.938529758932077, 30.367273757771027 ], [ 77.938544708953927, 30.367300331821898 ], [ 77.938593205375028, 30.367383066160922 ], [ 77.938609154038929, 30.367409204619253 ], [ 77.938660752513215, 30.367490516973614 ], [ 77.938671250753188, 30.367506665669328 ], [ 77.938677689846529, 30.367516201429066 ], [ 77.93873233537623, 30.367596001797335 ], [ 77.938750224050423, 30.367621175852708 ], [ 77.938807856637837, 30.367699380233457 ], [ 77.938826686801036, 30.367724031746643 ], [ 77.938887244447756, 30.367800556138089 ], [ 77.938907000342638, 30.367824664012897 ], [ 77.938970419050079, 30.367899426413434 ], [ 77.938991078508579, 30.367922962765679 ], [ 77.939057289278068, 30.367995881173346 ], [ 77.939078269343753, 30.36801824161147 ], [ 77.939147749601204, 30.368089805832508 ], [ 77.939170145519398, 30.368112120026911 ], [ 77.939241646415795, 30.368181044443663 ], [ 77.939263063710399, 30.368201071667276 ], [ 77.939325420673015, 30.368257639020566 ], [ 77.939337304730671, 30.368268244268801 ], [ 77.939349570728481, 30.368279012337016 ], [ 77.939361966067636, 30.368289712516425 ], [ 77.93943760208829, 30.368353915931099 ], [ 77.939455139978534, 30.368368459446291 ], [ 77.939532425044533, 30.368431068859945 ], [ 77.939544022239204, 30.368440322192622 ], [ 77.939621820333741, 30.368501459602246 ], [ 77.939627073175643, 30.368505559435075 ], [ 77.939693346240546, 30.368556932811916 ], [ 77.941346007314309, 30.369835487682248 ], [ 77.941408139498336, 30.369883662778339 ], [ 77.941474686968803, 30.369936065472434 ], [ 77.941537729115765, 30.369987444348698 ], [ 77.941584510320638, 30.370027728418467 ], [ 77.941635415646275, 30.370073877563595 ], [ 77.941684034785396, 30.370120478043514 ], [ 77.94173114057844, 30.370168229790782 ], [ 77.9417766985664, 30.370217096783012 ], [ 77.941820672693495, 30.37026704150124 ], [ 77.941863031250691, 30.370318026713736 ], [ 77.941903737726037, 30.370370009309209 ], [ 77.941942764485631, 30.370422954000507 ], [ 77.941980083908916, 30.370476823278434 ], [ 77.942015660610679, 30.37053156453263 ], [ 77.942049468374734, 30.370587140564762 ], [ 77.942081486633711, 30.370643514658777 ], [ 77.942111685459551, 30.370700635528056 ], [ 77.942140041930145, 30.370758459082534 ], [ 77.942166535464622, 30.370816944864973 ], [ 77.942191147915906, 30.370876050904858 ], [ 77.942213856367019, 30.370935722838563 ], [ 77.942234644344225, 30.370995918161956 ], [ 77.942253496336022, 30.371056590957277 ], [ 77.942270397030015, 30.371117692933911 ], [ 77.942285333945904, 30.371179178172856 ], [ 77.942298296675276, 30.371241005140224 ], [ 77.942309274020005, 30.371303116311363 ], [ 77.942318257081581, 30.371365469708831 ], [ 77.942325240615688, 30.371428016451372 ], [ 77.942330216559256, 30.371490697233892 ], [ 77.942333182762894, 30.371553481873423 ], [ 77.9423341372989, 30.371616318524683 ], [ 77.942333079274121, 30.371679149556439 ], [ 77.942330009080251, 30.371741924092586 ], [ 77.94232492830551, 30.371804606221584 ], [ 77.942317841763668, 30.371867145877705 ], [ 77.942308755832016, 30.371929483931357 ], [ 77.942297675951011, 30.371991579242117 ], [ 77.942284610362393, 30.372053390003249 ], [ 77.942269571632494, 30.372114856315822 ], [ 77.942252568877024, 30.372175937582622 ], [ 77.942233614972793, 30.372236590954547 ], [ 77.942212726936958, 30.372296761070547 ], [ 77.942189920009241, 30.372356403389009 ], [ 77.942165211532014, 30.372415472991019 ], [ 77.942136565888646, 30.372478440681103 ], [ 77.942131888950342, 30.372488205457469 ], [ 77.942111121955818, 30.372529916254596 ], [ 77.942079871021534, 30.372588802660214 ], [ 77.942047762686883, 30.372645129278073 ], [ 77.942013857449325, 30.3727006681593 ], [ 77.941978185802711, 30.372755371731639 ], [ 77.941940782468066, 30.372809184970304 ], [ 77.941901666247404, 30.372862080167504 ], [ 77.94186086619375, 30.372914019673534 ], [ 77.941818423078772, 30.372964951034174 ], [ 77.94177097655971, 30.37301867685672 ], [ 77.941763390492994, 30.373026954766988 ], [ 77.941730216205855, 30.373062141520943 ], [ 77.941681539286478, 30.373111339956846 ], [ 77.941632524397789, 30.373158182165536 ], [ 77.941591881803788, 30.37319517029081 ], [ 77.941586024012381, 30.373200381732044 ], [ 77.941582481858973, 30.37320350342446 ], [ 77.941575896214232, 30.373209262020726 ], [ 77.941525745325634, 30.373252113565616 ], [ 77.941461446189479, 30.3733053470968 ], [ 77.941394351627224, 30.373359944060017 ], [ 77.941267609259157, 30.373462798490412 ], [ 77.941238040608695, 30.373486809729986 ], [ 77.941233912622025, 30.373490180223381 ], [ 77.941157600674686, 30.373552829812009 ], [ 77.941143773981295, 30.373564392831707 ], [ 77.941067930998557, 30.373629001414901 ], [ 77.941044701075157, 30.373649429861214 ], [ 77.940970406029834, 30.373716877439936 ], [ 77.940938745004217, 30.373746950990341 ], [ 77.940867607869279, 30.373817662570044 ], [ 77.940854652773609, 30.373830791904641 ], [ 77.94083710423979, 30.373849424199637 ], [ 77.940795062099525, 30.373895297941598 ], [ 77.940774472940703, 30.373918528266106 ], [ 77.940748388824858, 30.373948969101914 ], [ 77.940720634756843, 30.373982971597666 ], [ 77.940659606379995, 30.374061525200755 ], [ 77.940622803003293, 30.374112483793478 ], [ 77.940566802956567, 30.374196096515913 ], [ 77.940534654396131, 30.374248083135011 ], [ 77.940485785782442, 30.374333720791622 ], [ 77.940457128329498, 30.374388456616206 ], [ 77.940414946614311, 30.374476725310782 ], [ 77.940398451164143, 30.374513497576725 ], [ 77.940390546849969, 30.374533020918602 ], [ 77.940355242045911, 30.374623530656439 ], [ 77.940335229430701, 30.374681088850739 ], [ 77.940306955552174, 30.374773437636424 ], [ 77.940291405719464, 30.37483203812462 ], [ 77.940270290782109, 30.374925813962026 ], [ 77.940266820377872, 30.374942011909365 ], [ 77.940259280098545, 30.374985169841171 ], [ 77.940245416118714, 30.375079956733284 ], [ 77.940238988892489, 30.37513982893044 ], [ 77.940232438888046, 30.375235206879179 ], [ 77.940230599453301, 30.375288815858834 ], [ 77.94023062632283, 30.375295307236403 ], [ 77.940231418311171, 30.375390851242532 ], [ 77.940234228078168, 30.375450935241108 ], [ 77.94024236007742, 30.375546221304592 ], [ 77.940249778203096, 30.375605994988373 ], [ 77.940265212231012, 30.375700599108111 ], [ 77.940270761151098, 30.375730889043115 ], [ 77.940277208470221, 30.375759822173851 ], [ 77.94029987754412, 30.375853325347766 ], [ 77.940316394631381, 30.375911714416457 ], [ 77.940346196767607, 30.376003700641494 ], [ 77.940367165727864, 30.376061012891373 ], [ 77.940403968941666, 30.376151072163413 ], [ 77.940406969796882, 30.376158317046862 ], [ 77.940429297119806, 30.376207050309088 ], [ 77.940472939425391, 30.376294784623301 ], [ 77.940502504261488, 30.376349160852509 ], [ 77.940552789671102, 30.376434180203358 ], [ 77.94057753653432, 30.376473576048699 ], [ 77.940586478281759, 30.376486745849771 ], [ 77.94064318480585, 30.376568670231006 ], [ 77.940680823674228, 30.376619154813564 ], [ 77.940743698321228, 30.376697623218494 ], [ 77.940785147263995, 30.376745838781236 ], [ 77.940853912040097, 30.376820500202459 ], [ 77.94086989738399, 30.376837431019741 ], [ 77.940898963846465, 30.376866204318329 ], [ 77.940973311755812, 30.376936727748625 ], [ 77.941021775199729, 30.376979728402684 ], [ 77.941101376243893, 30.377045800834477 ], [ 77.941152558801818, 30.37708556014179 ], [ 77.941237060681971, 30.377146888351323 ], [ 77.941292344407657, 30.377184009123734 ], [ 77.941309048658269, 30.377194836441266 ], [ 77.941380156233208, 30.377239925275088 ], [ 77.941413543394688, 30.377260186778674 ], [ 77.94143144346971, 30.377270602856985 ], [ 77.941459715300098, 30.377286484763086 ], [ 77.941535864661219, 30.377327760079584 ], [ 77.941567165344154, 30.377344070631604 ], [ 77.941584399958955, 30.377352509633102 ], [ 77.941679732491409, 30.37739815799446 ], [ 77.941727231423656, 30.377419538585624 ], [ 77.941824686037464, 30.377460681920052 ], [ 77.941865436296979, 30.37747695296412 ], [ 77.941964132971108, 30.377514146272642 ], [ 77.941997583743387, 30.377526156415211 ], [ 77.94209699046074, 30.377560102700816 ], [ 77.942122567264349, 30.377568501868044 ], [ 77.942222399400862, 30.37759997546404 ], [ 77.942240184068467, 30.377605424582708 ], [ 77.942339764831473, 30.377635057836248 ], [ 77.942349420531897, 30.377637885416195 ], [ 77.94244971359943, 30.377666780349752 ], [ 77.942468213448549, 30.377672072346993 ], [ 77.943834656575021, 30.378062808802984 ], [ 77.943924926978795, 30.378088763292919 ], [ 77.944007046457656, 30.378113166896501 ], [ 77.944065622746905, 30.37813153328953 ], [ 77.944080084961797, 30.378136278077381 ], [ 77.944093227489219, 30.378140682848684 ], [ 77.94414343074375, 30.378158258206387 ], [ 77.944206956306687, 30.378182210244606 ], [ 77.944269431199146, 30.378207774815333 ], [ 77.944330964518215, 30.37823499174058 ], [ 77.944391499988711, 30.378263835596417 ], [ 77.944450987577255, 30.378294283296423 ], [ 77.944509371748353, 30.378326305367995 ], [ 77.944566587442409, 30.378359866709967 ], [ 77.944622581628934, 30.378394936234496 ], [ 77.944677308545451, 30.378431485459654 ], [ 77.944730713427035, 30.378469477156376 ], [ 77.944782741684648, 30.378508872994967 ], [ 77.944833351105302, 30.378549641206174 ], [ 77.944882489217363, 30.378591738669467 ], [ 77.944930111235692, 30.378635128374274 ], [ 77.944976171184976, 30.378679766648506 ], [ 77.945020620441511, 30.378725608077826 ], [ 77.945063426870675, 30.378772618835956 ], [ 77.945104546763048, 30.378820750489464 ], [ 77.945143934799347, 30.378869950193863 ], [ 77.945181561825649, 30.378920182794165 ], [ 77.945217389676017, 30.378971394797336 ], [ 77.945251378049207, 30.379023531078584 ], [ 77.945283502983386, 30.379076553684801 ], [ 77.945313733749188, 30.379130412222874 ], [ 77.945342036488, 30.379185045409915 ], [ 77.945368386388751, 30.379240407711681 ], [ 77.945392762967728, 30.379296453523406 ], [ 77.945415137910345, 30.379353119013839 ], [ 77.945435491361181, 30.379410353831258 ], [ 77.945453805061774, 30.379468106608751 ], [ 77.945470060055044, 30.379526316523684 ], [ 77.945484241223994, 30.379584932254264 ], [ 77.945496337784007, 30.379643906493445 ], [ 77.94550633534945, 30.379703168570291 ], [ 77.945514224712923, 30.379762668397223 ], [ 77.945519999512229, 30.379822352385997 ], [ 77.945523742927591, 30.379883623326851 ], [ 77.945525249005868, 30.379936269850791 ], [ 77.945524777494867, 30.380010800014343 ], [ 77.945522622008767, 30.380087854134761 ], [ 77.945520080566681, 30.380156010494428 ], [ 77.945510347346229, 30.380408358484043 ], [ 77.9455090010985, 30.380444314439945 ], [ 77.945508890277992, 30.380447442128098 ], [ 77.945505866321085, 30.380537899104407 ], [ 77.945505728356949, 30.380542416844012 ], [ 77.945503225398937, 30.380632948824324 ], [ 77.945503113770002, 30.380637456683655 ], [ 77.945501132811501, 30.380727996668231 ], [ 77.945501047308866, 30.38073249650429 ], [ 77.945499587350142, 30.380823045492686 ], [ 77.945499527570931, 30.380827562186195 ], [ 77.945498590611805, 30.380918115178854 ], [ 77.945498556919816, 30.380922632070426 ], [ 77.945498142960645, 30.381013189067172 ], [ 77.945498135062607, 30.381017222220716 ], [ 77.945498242376587, 30.381108245584141 ], [ 77.945498260758498, 30.381112762350657 ], [ 77.945498890799229, 30.381203318355485 ], [ 77.945498935160188, 30.381207826604903 ], [ 77.945500087201324, 30.381298377613906 ], [ 77.945500157550029, 30.381302885601311 ], [ 77.945501831591201, 30.381393431614487 ], [ 77.945501927940441, 30.381397939842234 ], [ 77.945504123982005, 30.381488476859406 ], [ 77.945504246587049, 30.381492993437629 ], [ 77.945506965629107, 30.381583520459063 ], [ 77.945507113742977, 30.381588020235615 ], [ 77.945510353785707, 30.381678533260956 ], [ 77.945510528515086, 30.381683049575567 ], [ 77.945514291558126, 30.381773548604993 ], [ 77.945514491630078, 30.381778048247785 ], [ 77.945518775674131, 30.381868529281295 ], [ 77.945519002154484, 30.381873037469251 ], [ 77.945523808199283, 30.381963498507023 ], [ 77.945524060742869, 30.381968006573121 ], [ 77.945529388788614, 30.382058445614799 ], [ 77.945529666852764, 30.382062944911379 ], [ 77.945535515899522, 30.38215335995714 ], [ 77.945535820564075, 30.382157867663704 ], [ 77.945542191611949, 30.382248256713549 ], [ 77.945542521780013, 30.382252756233772 ], [ 77.945549413829085, 30.382343116287789 ], [ 77.945549770040671, 30.382347615632863 ], [ 77.945557183091111, 30.382437944691052 ], [ 77.945557564678495, 30.382442435986388 ], [ 77.945565497730229, 30.382532731048482 ], [ 77.945565906854341, 30.382537238552541 ], [ 77.945574361907532, 30.382627498618806 ], [ 77.945574795617134, 30.382631989515705 ], [ 77.945583770671959, 30.382722211585875 ], [ 77.945584230434676, 30.382726702251848 ], [ 77.945593725491335, 30.382816884325923 ], [ 77.945594211333102, 30.382821374717981 ], [ 77.945604226391566, 30.382911514796138 ], [ 77.945604738339739, 30.382916004872182 ], [ 77.945615273399852, 30.383006100954422 ], [ 77.945615810691493, 30.383010584227552 ], [ 77.945626864753692, 30.383100632313695 ], [ 77.945627428710395, 30.383105119671026 ], [ 77.945638997775035, 30.383195082761159 ], [ 77.945639476865395, 30.383198740460546 ], [ 77.945647215784589, 30.383256763147291 ], [ 77.94573817660924, 30.383929345596403 ], [ 77.945746748320047, 30.383995703560149 ], [ 77.945755780830609, 30.384073690979339 ], [ 77.945763635946108, 30.384151250201672 ], [ 77.945770371570248, 30.384228892264051 ], [ 77.94577598830702, 30.384306601675579 ], [ 77.945780483418673, 30.384384365533155 ], [ 77.945783953752922, 30.384464382000207 ], [ 77.945784651442651, 30.384484829499545 ], [ 77.945854214234799, 30.386651411940289 ], [ 77.945854317359419, 30.386654440844527 ], [ 77.945856506715842, 30.386715279861729 ], [ 77.945856813404745, 30.386722796683205 ], [ 77.94586095644479, 30.386813620715767 ], [ 77.945861419450424, 30.386822629968133 ], [ 77.945866613491347, 30.386913481008779 ], [ 77.945867181282495, 30.386922499132627 ], [ 77.945873424325384, 30.387013301181529 ], [ 77.945874094697047, 30.387022294763053 ], [ 77.945881383742503, 30.387113036820121 ], [ 77.945882158170846, 30.387122028996192 ], [ 77.945890493219238, 30.387212704061337 ], [ 77.945891372097535, 30.387221696843678 ], [ 77.945900753149033, 30.387312294916899 ], [ 77.94590173558521, 30.387321278066235 ], [ 77.945912161640422, 30.387411791147532 ], [ 77.945913246888935, 30.387420759091963 ], [ 77.945924715948237, 30.387511176181423 ], [ 77.945925905752588, 30.387520142966782 ], [ 77.945938417816322, 30.387610456064227 ], [ 77.945939708631428, 30.387619395955543 ], [ 77.945953260699696, 30.387709597060972 ], [ 77.945954658070974, 30.387718547698359 ], [ 77.94596925114439, 30.387808625811683 ], [ 77.945970747627683, 30.387817539716497 ], [ 77.945986377706603, 30.387907487837804 ], [ 77.945987981322688, 30.387916412753722 ], [ 77.946004649407556, 30.388006219882744 ], [ 77.946006353591201, 30.388015118079945 ], [ 77.946024043682897, 30.388104710216854 ], [ 77.946024932021729, 30.388109142744089 ], [ 77.946025543109442, 30.388112118270936 ], [ 77.946037980504016, 30.388172096366848 ], [ 77.946038605850731, 30.388175083168765 ], [ 77.946594680511538, 30.390805755633874 ], [ 77.946605266282731, 30.390856287175669 ], [ 77.946617634924479, 30.390920489656867 ], [ 77.946623668642545, 30.390956483996465 ], [ 77.946625688199504, 30.390974195350626 ], [ 77.946626660477946, 30.390986463215572 ], [ 77.946626558883125, 30.391017163114729 ], [ 77.946624789678424, 30.391041684177953 ], [ 77.946621140722982, 30.391066047213808 ], [ 77.946615628899096, 30.391090139040831 ], [ 77.946608277659834, 30.391113860471695 ], [ 77.946599118665731, 30.391137107048269 ], [ 77.946588192046832, 30.391159777047303 ], [ 77.946575549837604, 30.391181761813133 ], [ 77.946561247658778, 30.391202965606521 ], [ 77.946545345824447, 30.391223298840107 ], [ 77.946527917628131, 30.391242667738059 ], [ 77.946509038859716, 30.391260987920408 ], [ 77.946488797674633, 30.391278174267153 ], [ 77.946460721382238, 30.391299153819826 ], [ 77.946457089925502, 30.391301619676501 ], [ 77.94645330322264, 30.391304026806107 ], [ 77.946436347452689, 30.391314586813021 ], [ 77.946371782069434, 30.391352930084157 ], [ 77.946363906765114, 30.39135793229045 ], [ 77.946355559093575, 30.391361811895177 ], [ 77.94635178170202, 30.391363589615725 ], [ 77.946280232513757, 30.391388374800474 ], [ 77.946199714757739, 30.391424711075974 ], [ 77.946156734098892, 30.391447442566619 ], [ 77.946115072119241, 30.391471949824886 ], [ 77.946070241283493, 30.391499717620416 ], [ 77.946029565041911, 30.391526238313258 ], [ 77.945943400274146, 30.391585331893776 ], [ 77.945920143547468, 30.391601759855167 ], [ 77.945906957770731, 30.391611514826575 ], [ 77.945874649825967, 30.391635822660366 ], [ 77.945844137122322, 30.391659712175443 ], [ 77.945791799163459, 30.391702346894132 ], [ 77.945757982052925, 30.391731180484758 ], [ 77.945718033037636, 30.391766831260068 ], [ 77.945689650796538, 30.39179319421935 ], [ 77.945651609739656, 30.391829975997151 ], [ 77.945629253529091, 30.391852318503663 ], [ 77.945624447045702, 30.391857320773195 ], [ 77.945588133947396, 30.391895391553678 ], [ 77.945562252972167, 30.391923658091766 ], [ 77.945527134830527, 30.391963629872674 ], [ 77.945493379902246, 30.392004350229893 ], [ 77.945438139566392, 30.392075056870969 ], [ 77.945415529996879, 30.392105279265866 ], [ 77.945406898930173, 30.392117337208244 ], [ 77.945389915780183, 30.392141926851277 ], [ 77.945386046199971, 30.39214778758593 ], [ 77.945331843682297, 30.392230598216106 ], [ 77.945305155174353, 30.392274099543624 ], [ 77.945256723571447, 30.392358525203509 ], [ 77.945246767005571, 30.3923763705623 ], [ 77.94523481684098, 30.392398403477348 ], [ 77.945229123627968, 30.392409080475122 ], [ 77.945196323148835, 30.392471662240848 ], [ 77.945193675519519, 30.392476755609419 ], [ 77.945176843931833, 30.392509405034627 ], [ 77.94447275266441, 30.393877251175514 ], [ 77.943882261623642, 30.395024377263855 ], [ 77.943879167154776, 30.395030388706044 ], [ 77.943836352320787, 30.395113908188574 ], [ 77.943833100648973, 30.395120318306876 ], [ 77.943793924033955, 30.39519836902512 ], [ 77.943791211020496, 30.39520382310835 ], [ 77.943788216971924, 30.395209897087003 ], [ 77.943784907365114, 30.395216687895985 ], [ 77.943744259683811, 30.395301050601784 ], [ 77.943738205166383, 30.395313893333817 ], [ 77.943698892461299, 30.39539914904724 ], [ 77.943693062408059, 30.395412080267246 ], [ 77.943655267682658, 30.395497850990214 ], [ 77.943649673232599, 30.395510845766314 ], [ 77.943613327373654, 30.39559729303468 ], [ 77.943608035078341, 30.395610192539966 ], [ 77.943573302314476, 30.395696930282643 ], [ 77.943568172914993, 30.39571006488325 ], [ 77.943534982132959, 30.395797255635824 ], [ 77.943530078793188, 30.395810477669958 ], [ 77.943498444993779, 30.395898088433047 ], [ 77.943493851582446, 30.395911156313868 ], [ 77.943464786794536, 30.395996146095126 ], [ 77.943462547594777, 30.396002787203411 ], [ 77.943461402562619, 30.396006232194726 ], [ 77.943459143577087, 30.396013131651198 ], [ 77.943430754748547, 30.396101168436704 ], [ 77.943426564610888, 30.39611455882115 ], [ 77.943399622763565, 30.396203353616844 ], [ 77.943395669549801, 30.396216802297058 ], [ 77.943370306687953, 30.396305946103706 ], [ 77.943366592593677, 30.396319446007478 ], [ 77.943342814718534, 30.396408917825699 ], [ 77.943339340343442, 30.396422466912352 ], [ 77.943317153455553, 30.396512244742144 ], [ 77.943313922183421, 30.396525828907759 ], [ 77.94329333028368, 30.39661589174921 ], [ 77.943290337898489, 30.396629528939076 ], [ 77.943271346987785, 30.39671985679254 ], [ 77.943270294094546, 30.396724947428542 ], [ 77.943268596794823, 30.396733533557683 ], [ 77.943251211873942, 30.396824103423068 ], [ 77.943248706290291, 30.396837806765529 ], [ 77.94323293036004, 30.3969285976431 ], [ 77.943230667962482, 30.396942334316055 ], [ 77.943216505023926, 30.397033324205811 ], [ 77.94321448678572, 30.397047088386895 ], [ 77.943201939839668, 30.397138257289011 ], [ 77.943200165231289, 30.397152053680419 ], [ 77.943189238278791, 30.39724337859516 ], [ 77.943187709232575, 30.397257192733971 ], [ 77.943178404274349, 30.397348652661247 ], [ 77.943177120674989, 30.397362484234645 ], [ 77.943169439711923, 30.397454058174542 ], [ 77.943168401670974, 30.397467905763218 ], [ 77.943162346703957, 30.397559570715647 ], [ 77.943161554699458, 30.397573426840072 ], [ 77.94315712672946, 30.397665160805385 ], [ 77.94315658036669, 30.39767903488114 ], [ 77.943153781394614, 30.397770818859247 ], [ 77.943153481483407, 30.397784691999394 ], [ 77.943152311510303, 30.397876500990204 ], [ 77.943152248022955, 30.397886456855137 ], [ 77.943152257837866, 30.397890382972701 ], [ 77.943152717864365, 30.397982196976212 ], [ 77.943152910467276, 30.397996070374287 ], [ 77.943154999494723, 30.398087867390675 ], [ 77.94315543838951, 30.398101740496184 ], [ 77.943159156418588, 30.398193499525359 ], [ 77.943159841444853, 30.398207364490535 ], [ 77.943165187476382, 30.398299062532406 ], [ 77.94316611863411, 30.398312918643686 ], [ 77.943173091669053, 30.398404534698162 ], [ 77.943174268397456, 30.398418373953593 ], [ 77.94318286643707, 30.39850988602085 ], [ 77.943184288692279, 30.398523708574974 ], [ 77.943194509737083, 30.398615094654833 ], [ 77.94319617642681, 30.398628891147492 ], [ 77.943208017477616, 30.398720130239685 ], [ 77.943209930838279, 30.398733917195262 ], [ 77.943223390896236, 30.398824988299875 ], [ 77.943225546641159, 30.398838734660192 ], [ 77.943240620707243, 30.398929614777312 ], [ 77.943243020557162, 30.39894333338081 ], [ 77.943259705631988, 30.399034002510081 ], [ 77.943262349015285, 30.399047689382339 ], [ 77.943280726995667, 30.399138548000746 ], [ 77.943283528966404, 30.399151783092346 ], [ 77.943303425061671, 30.399241964245736 ], [ 77.943306551375102, 30.399255566900916 ], [ 77.943328044481945, 30.399345471066095 ], [ 77.943331412836073, 30.399359034812488 ], [ 77.943354498955046, 30.399448642989189 ], [ 77.94335810960834, 30.399462167547906 ], [ 77.943382783740589, 30.399551456736216 ], [ 77.943386633630411, 30.399564930020748 ], [ 77.943412889776468, 30.399653879220399 ], [ 77.943416975873092, 30.399667291568786 ], [ 77.943444694037382, 30.399755520778502 ], [ 77.9434470658301, 30.399762945185014 ], [ 77.943450267737461, 30.399772804209189 ], [ 77.943452453020171, 30.399779435642724 ], [ 77.943478779285613, 30.399858183841264 ], [ 77.943483111229654, 30.399870796824278 ], [ 77.943514059422824, 30.399958560056515 ], [ 77.943518856255082, 30.399971797882817 ], [ 77.943551373464985, 30.40005917912568 ], [ 77.943556404264584, 30.400072350462946 ], [ 77.943590468492474, 30.400159288715987 ], [ 77.943595732476737, 30.400172391575939 ], [ 77.943631334723406, 30.400258863839067 ], [ 77.943633541769856, 30.40026417190381 ], [ 77.943636836559364, 30.400271908788898 ], [ 77.943673970825159, 30.400357896061845 ], [ 77.943679695743654, 30.400370848365075 ], [ 77.943718351029389, 30.400456330647483 ], [ 77.943724308587392, 30.400469212625278 ], [ 77.943764476893932, 30.400554169916791 ], [ 77.943770658544864, 30.400566963109963 ], [ 77.943812328872667, 30.400651374410668 ], [ 77.94381874553774, 30.400664100807671 ], [ 77.943861909887517, 30.400747945116944 ], [ 77.943868543293704, 30.4007605684094 ], [ 77.94391319066608, 30.400843828727151 ], [ 77.943920050265007, 30.400856367543181 ], [ 77.943966169660598, 30.400939021869053 ], [ 77.943973253427416, 30.400951471927815 ], [ 77.944020834846754, 30.401033501261541 ], [ 77.94402813481183, 30.401045848700701 ], [ 77.944077166255624, 30.401127234041834 ], [ 77.944084686239904, 30.401139485538717 ], [ 77.944135156708597, 30.401220207886812 ], [ 77.944142898064243, 30.401232365066253 ], [ 77.94419479555819, 30.401312403421397 ], [ 77.944200738507263, 30.40132144632862 ], [ 77.94420274056516, 30.401324438980257 ], [ 77.944256052084981, 30.401403777341738 ], [ 77.944264214438974, 30.40141571255722 ], [ 77.944318926985105, 30.40149432992477 ], [ 77.944327307000364, 30.401506164381917 ], [ 77.944383409573092, 30.401584042755356 ], [ 77.944391994115406, 30.401595757740072 ], [ 77.944449238716828, 30.401672565117419 ], [ 77.944454082559304, 30.401679003932411 ], [ 77.944460578516328, 30.40168755897513 ], [ 77.944464982016825, 30.401693310256359 ], [ 77.944517587685439, 30.401761449599416 ], [ 77.944526127153068, 30.401772337869968 ], [ 77.944586286808459, 30.401847853258577 ], [ 77.94459548052447, 30.401859205980539 ], [ 77.944657002207862, 30.401933946373614 ], [ 77.944666402534594, 30.40194518261524 ], [ 77.944729243246428, 30.402019093012154 ], [ 77.944738839989213, 30.402030200334504 ], [ 77.944802985729666, 30.402103264735079 ], [ 77.944812781740239, 30.402114246368459 ], [ 77.944878216509665, 30.402186445772248 ], [ 77.944888194650645, 30.402197282938435 ], [ 77.944954902449226, 30.40226860234517 ], [ 77.944965090012374, 30.402279324359736 ], [ 77.945033542056933, 30.402350246759777 ], [ 77.945043421170823, 30.402360316962582 ], [ 77.945112629028571, 30.402429822373609 ], [ 77.945123179344932, 30.402440254759231 ], [ 77.945193613232277, 30.402508830171957 ], [ 77.945204359870345, 30.402519132427894 ], [ 77.945276002787537, 30.402586758842052 ], [ 77.945286910177558, 30.402596897230136 ], [ 77.945359744124787, 30.40266356164528 ], [ 77.945370848224997, 30.402673569717873 ], [ 77.945444857202077, 30.402739254133468 ], [ 77.945456131510852, 30.402749107504032 ], [ 77.945531298517878, 30.402813797919546 ], [ 77.945542745195084, 30.402823498771401 ], [ 77.94561905023204, 30.402887178186742 ], [ 77.945630665638632, 30.402896723561721 ], [ 77.945708092705516, 30.402959378976444 ], [ 77.94571988601443, 30.402968776123505 ], [ 77.94579841611116, 30.403030390536987 ], [ 77.945810358051403, 30.403039616379122 ], [ 77.945889971177806, 30.403100176791273 ], [ 77.945902093620944, 30.403109255908465 ], [ 77.945982773777004, 30.403168747318663 ], [ 77.945988137700184, 30.403172675567856 ], [ 77.945995046057448, 30.403177656451117 ], [ 77.946076772243089, 30.403236064859183 ], [ 77.946089199322358, 30.403244808008321 ], [ 77.946171951537224, 30.40330211941372 ], [ 77.946184543701506, 30.40331070350609 ], [ 77.946268011944667, 30.403366707907029 ], [ 77.946275797843526, 30.40337188129195 ], [ 77.946295504904398, 30.403384848385304 ], [ 77.946301273766764, 30.403388616966307 ], [ 77.946366293977491, 30.403430786272043 ], [ 77.94637285397431, 30.403435006088362 ], [ 77.946458095509385, 30.4034893890036 ], [ 77.946478339171236, 30.403502243534017 ], [ 77.946567117778812, 30.403558604729373 ], [ 77.946623700883592, 30.4035945786128 ], [ 77.946698005900487, 30.403642382584426 ], [ 77.94676386138174, 30.403686004822514 ], [ 77.946826617623003, 30.403729522136711 ], [ 77.946834240737942, 30.403735009925601 ], [ 77.946870715242071, 30.403762149904043 ], [ 77.946921453959305, 30.403802100254094 ], [ 77.946973727813884, 30.403846054201598 ], [ 77.946977783024977, 30.403849608198872 ], [ 77.947012680843841, 30.403881212129367 ], [ 77.947058481739532, 30.403925128247042 ], [ 77.947100974136518, 30.403968658718004 ], [ 77.947141795290435, 30.40401337157844 ], [ 77.947180907730484, 30.404059224795663 ], [ 77.947218263949225, 30.404106162896358 ], [ 77.947253825413213, 30.404154137798631 ], [ 77.947287551275679, 30.4042030936826 ], [ 77.947319405971982, 30.404252980035604 ], [ 77.947352568276884, 30.404309187688714 ], [ 77.947355544093625, 30.404314499823979 ], [ 77.947370954099171, 30.404342753191447 ], [ 77.947376549723401, 30.404353472961052 ], [ 77.947377874568701, 30.404356113275686 ], [ 77.947406547769219, 30.404413597694866 ], [ 77.947437055139545, 30.404478792750975 ], [ 77.94746987351067, 30.404552168437835 ], [ 77.94750101406747, 30.4046233061087 ], [ 77.947780956759615, 30.405264888433212 ], [ 77.947813936819898, 30.40533211151045 ], [ 77.947853084080791, 30.405396801046312 ], [ 77.947871960862003, 30.405422484984665 ], [ 77.947878151515496, 30.405436672755979 ], [ 77.94787906406394, 30.405442681325265 ], [ 77.94789871319, 30.40551950937088 ], [ 77.947926012654733, 30.405594560651092 ], [ 77.947935580090643, 30.405616457388671 ], [ 77.947953914754024, 30.405656829522574 ], [ 77.947960024817064, 30.405669979482983 ], [ 77.947989487312256, 30.405731977696657 ], [ 77.947994218959508, 30.405741770491854 ], [ 77.948006005767837, 30.405765767577062 ], [ 77.948012609838557, 30.405778921766089 ], [ 77.948055904182311, 30.405863316076474 ], [ 77.948066767457561, 30.405883798688169 ], [ 77.948112724835198, 30.405967673013965 ], [ 77.948124180644299, 30.405987923152775 ], [ 77.948172543060949, 30.406070775491454 ], [ 77.94818458078359, 30.406090773283498 ], [ 77.948235318240677, 30.406172551634167 ], [ 77.948247923340929, 30.406192273537567 ], [ 77.94830100283977, 30.406272926899423 ], [ 77.948303688996489, 30.406276983985467 ], [ 77.948314176587544, 30.406292375170327 ], [ 77.948369566129386, 30.406371853542478 ], [ 77.948383295543266, 30.406391008669562 ], [ 77.948440702131009, 30.406468912049309 ], [ 77.94845053657609, 30.406482006443145 ], [ 77.948473770425963, 30.406512363595137 ], [ 77.948480733934133, 30.406521344645885 ], [ 77.948517595713355, 30.406568275885046 ], [ 77.948526576639935, 30.406579525763942 ], [ 77.948587364311365, 30.406654450154189 ], [ 77.948594335875669, 30.406662938395765 ], [ 77.9486556895706, 30.406736733786364 ], [ 77.948657772417917, 30.406739230006838 ], [ 77.948681576026956, 30.406767655431342 ], [ 77.94954075687005, 30.407793187739305 ], [ 77.94957592698043, 30.407835042540174 ], [ 77.949578323181527, 30.407837882472197 ], [ 77.949641095121351, 30.407911971189048 ], [ 77.949656859990768, 30.407930462744179 ], [ 77.950213856021932, 30.408582861731279 ], [ 77.950255436766639, 30.408631945006501 ], [ 77.95031131450375, 30.408699127058245 ], [ 77.950318758305585, 30.408708186632847 ], [ 77.950350024651542, 30.408746303211007 ], [ 77.950370811436457, 30.408771539437272 ], [ 77.950375879941006, 30.408777638583171 ], [ 77.950437782641927, 30.40885147797626 ], [ 77.950445495356846, 30.408860558040072 ], [ 77.950508616080242, 30.408933904437117 ], [ 77.950516458780243, 30.408942899805123 ], [ 77.950580431527698, 30.409015329203779 ], [ 77.950585044942414, 30.409020513380067 ], [ 77.950595714716286, 30.409032413300405 ], [ 77.950688387477484, 30.409135569071442 ], [ 77.950708923577764, 30.409158541784951 ], [ 77.950764450918896, 30.409221778486337 ], [ 77.950817721889464, 30.40928404612858 ], [ 77.950871499581623, 30.409348576621706 ], [ 77.950888611842927, 30.409369477016188 ], [ 77.951670644803272, 30.410329005436108 ], [ 77.951683345608302, 30.410344249052432 ], [ 77.95172477141935, 30.41039289231394 ], [ 77.951759484248399, 30.410431422435789 ], [ 77.951830487053996, 30.410505976865441 ], [ 77.951835848969523, 30.410511561024709 ], [ 77.951876408041002, 30.410551046699883 ], [ 77.951952599982647, 30.410620983134837 ], [ 77.951985670145433, 30.410649995258208 ], [ 77.952014926157801, 30.410674526417889 ], [ 77.952023897708415, 30.410681959809214 ], [ 77.952055154275172, 30.410707550046343 ], [ 77.952233274347108, 30.411080022299917 ], [ 77.952269178563427, 30.411155965998891 ], [ 77.952280492278362, 30.41118086929254 ], [ 77.95229183490369, 30.411207025613916 ], [ 77.952314863007388, 30.411264492084964 ], [ 77.952334398337186, 30.411318940368712 ], [ 77.952351865297686, 30.411373918253535 ], [ 77.952367242993247, 30.411429360346407 ], [ 77.952380516251296, 30.411485212794762 ], [ 77.952391669725884, 30.41154140845995 ], [ 77.952400690981804, 30.411597889502548 ], [ 77.952407571684745, 30.411654597191404 ], [ 77.95241230325756, 30.411711469543743 ], [ 77.952414882131393, 30.411768454472341 ], [ 77.952415304895794, 30.411825473026308 ], [ 77.95241357003944, 30.411882471579741 ], [ 77.952412203979648, 30.411902463192728 ], [ 77.952402882202875, 30.411915145215627 ], [ 77.952360957973625, 30.411984946603763 ], [ 77.952326212233658, 30.412057649346256 ], [ 77.95229920606711, 30.412131742758017 ], [ 77.952279657084233, 30.412207575701675 ], [ 77.952187670695949, 30.412653966119461 ], [ 77.952174739568662, 30.412716706216845 ], [ 77.952172834490796, 30.412726306545732 ], [ 77.952158434727451, 30.412801320434166 ], [ 77.952156147560018, 30.412813772064293 ], [ 77.952152775363103, 30.412832995038084 ], [ 77.952149940162585, 30.412850281004342 ], [ 77.952135587190966, 30.412944311892662 ], [ 77.952131665864414, 30.412973700818444 ], [ 77.952120740865027, 30.413069291733184 ], [ 77.952117934602242, 30.413098763066824 ], [ 77.952110630592045, 30.413194613009562 ], [ 77.952108940362052, 30.413224149367455 ], [ 77.952105265345139, 30.413320155338628 ], [ 77.952104693098178, 30.413349724156777 ], [ 77.95210465104168, 30.413445950004689 ], [ 77.952105197445135, 30.413475351995043 ], [ 77.95210878842812, 30.413571360023237 ], [ 77.952110452690093, 30.413600895839874 ], [ 77.952117672679492, 30.413696750896388 ], [ 77.952120454323563, 30.413726234771641 ], [ 77.952131165336084, 30.413820672855483 ], [ 77.952133390816158, 30.413838477492181 ], [ 77.952136415586097, 30.413860621515862 ], [ 77.952138559085341, 30.413875283969514 ], [ 77.952150176315541, 30.413949847059794 ], [ 77.952154705038538, 30.413976013938413 ], [ 77.952172693076449, 30.41407048207768 ], [ 77.952174612831115, 30.414080231116589 ], [ 77.952178798507092, 30.414099570401962 ], [ 77.952200419565457, 30.414193784568564 ], [ 77.952207626804537, 30.414222703121805 ], [ 77.952232800890457, 30.414316251314286 ], [ 77.952241093624778, 30.414344933793256 ], [ 77.952269791742268, 30.414437716010898 ], [ 77.952279166362274, 30.414466152204742 ], [ 77.952311358515047, 30.41455806944656 ], [ 77.952321801536243, 30.414586218583981 ], [ 77.952357452727753, 30.414677172849078 ], [ 77.952364901934516, 30.414695525219368 ], [ 77.952368958390664, 30.414705018834685 ], [ 77.952408030624824, 30.414794910121632 ], [ 77.952420581155039, 30.414822409349593 ], [ 77.952463032434864, 30.414911142657406 ], [ 77.952476619138011, 30.414938275973622 ], [ 77.952522149470397, 30.415025268298965 ], [ 77.952534031382925, 30.41504718365827 ], [ 77.952565006981004, 30.415102378876977 ], [ 77.952572371429795, 30.415115240278343 ], [ 77.95259076920803, 30.415146738407248 ], [ 77.952597336427331, 30.415157792173151 ], [ 77.95262370361327, 30.415201403493572 ], [ 77.952577805579637, 30.415222250924199 ], [ 77.952501228671267, 30.415264532378625 ], [ 77.952429194927319, 30.415312437364559 ], [ 77.952362252562594, 30.415365601304298 ], [ 77.9523009110478, 30.41542361959598 ], [ 77.952245637230277, 30.415486050693783 ], [ 77.952196851782233, 30.41555241946666 ], [ 77.952154925998329, 30.415622220815894 ], [ 77.952120178969778, 30.415694923517709 ], [ 77.952092875156353, 30.415769974266258 ], [ 77.952073222371709, 30.415846801884658 ], [ 77.952061370202856, 30.415924821671911 ], [ 77.95205740887009, 30.416003439852322 ], [ 77.952061368540726, 30.416082058094727 ], [ 77.952073219098054, 30.416160078066188 ], [ 77.952092870370493, 30.416236905985681 ], [ 77.952120172817374, 30.416311957142614 ], [ 77.952135683600957, 30.416345287926259 ], [ 77.952154403588125, 30.416384903929004 ], [ 77.952238150164192, 30.416562380287413 ], [ 77.952253934939279, 30.416595583048487 ], [ 77.95227347465881, 30.416634800117723 ], [ 77.952282548050093, 30.41665095943463 ], [ 77.952315187193221, 30.416704712263307 ], [ 77.952363972060738, 30.416771081679048 ], [ 77.952419245587478, 30.416833513462169 ], [ 77.952480587113286, 30.416891532461197 ], [ 77.952547529794202, 30.416944697108281 ], [ 77.952619564153835, 30.416992602780244 ], [ 77.952696141962633, 30.4170348848786 ], [ 77.95277668040913, 30.417071221603162 ], [ 77.95286056653633, 30.417101336403238 ], [ 77.952947161906309, 30.417125000081011 ], [ 77.953035807461035, 30.417142032537168 ], [ 77.953125828536599, 30.417152304140824 ], [ 77.953216540000184, 30.417155736717181 ], [ 77.953307251463769, 30.417152304140824 ], [ 77.953397272539348, 30.417142032537168 ], [ 77.953485918093889, 30.417125000081011 ], [ 77.953572513464053, 30.417101336403238 ], [ 77.953602818568967, 30.417090781061926 ], [ 77.953656634548011, 30.417071899532875 ], [ 77.953677586311187, 30.417064744378539 ], [ 77.953784268290519, 30.417092686223821 ], [ 77.953787637932336, 30.417097900555543 ], [ 77.95379434948596, 30.417108129235313 ], [ 77.953799480507783, 30.417115745536147 ], [ 77.953811598401856, 30.417133532617999 ], [ 77.953825032244339, 30.417152702856907 ], [ 77.953874004871182, 30.417220668182896 ], [ 77.953899977652441, 30.417254953417636 ], [ 77.95396466028005, 30.417336246835855 ], [ 77.953995262359314, 30.41737272176702 ], [ 77.954064840085294, 30.41745143720048 ], [ 77.954093758310265, 30.417482690404416 ], [ 77.954097499282781, 30.417486532604574 ], [ 77.95417152811153, 30.417562136047724 ], [ 77.954206184328271, 30.41759578647186 ], [ 77.954284482261571, 30.417668088920156 ], [ 77.954321022260331, 30.41770018423998 ], [ 77.954402058298299, 30.417767891681589 ], [ 77.9544265890313, 30.417787736415978 ], [ 77.954453140064487, 30.417808531555632 ], [ 77.954470990827318, 30.417822194235864 ], [ 77.9545307979336, 30.417866924542611 ], [ 77.95454176244823, 30.417875011009574 ], [ 77.954551114149695, 30.417881731703975 ], [ 77.954634305344072, 30.41794081111787 ], [ 77.954641154920438, 30.417945633517416 ], [ 77.954665387355163, 30.417962546880037 ], [ 77.955110615929527, 30.418273080091449 ], [ 77.955130024055663, 30.418286584963159 ], [ 77.955134986595723, 30.418290016457892 ], [ 77.955217808817338, 30.418346928861748 ], [ 77.955226001137945, 30.418352500697541 ], [ 77.955309794379446, 30.418408906101089 ], [ 77.955318054054345, 30.418414408875325 ], [ 77.95540249431464, 30.418470084276859 ], [ 77.955410803175084, 30.418475506100204 ], [ 77.955495881454254, 30.41853044749919 ], [ 77.955504258490208, 30.418535800924449 ], [ 77.955589966788096, 30.418590002321064 ], [ 77.95559839535332, 30.418595276783709 ], [ 77.955684723669549, 30.418648733177687 ], [ 77.955693237407701, 30.418653949439953 ], [ 77.955780179742462, 30.418706653831205 ], [ 77.955788729518275, 30.418711781766437 ], [ 77.955875857869387, 30.418763483152897 ], [ 77.955880277578615, 30.418766091349934 ], [ 77.95588323886885, 30.418767829253444 ], [ 77.955958253343482, 30.418811838820812 ], [ 77.956544221335648, 30.419155614122904 ], [ 77.956568366395828, 30.419169783423836 ], [ 77.956647262936499, 30.419216370005184 ], [ 77.956719053879468, 30.419259754116776 ], [ 77.956764374041853, 30.419288062295866 ], [ 77.956775263395443, 30.419295034705538 ], [ 77.956837450446685, 30.419336222153657 ], [ 77.956894163380767, 30.41937576868202 ], [ 77.956949721810446, 30.419416534715769 ], [ 77.957004088544494, 30.419458492020244 ], [ 77.9570572251573, 30.419501611807274 ], [ 77.957109100997627, 30.419545868722384 ], [ 77.957159680690594, 30.419591232824015 ], [ 77.957208940935189, 30.419637683713372 ], [ 77.957256848268401, 30.419685188439924 ], [ 77.957303367301833, 30.419733713057493 ], [ 77.957348471529386, 30.419783229447059 ], [ 77.957392133744733, 30.4198337084126 ], [ 77.957434330220565, 30.419885121654442 ], [ 77.957475028690752, 30.41993743000889 ], [ 77.95751420271354, 30.419990599657307 ], [ 77.957553031609365, 30.420046325395464 ], [ 77.957578998074084, 30.420085449250731 ], [ 77.957586249872534, 30.420096695144725 ], [ 77.957627590076143, 30.420162864486908 ], [ 77.957670061951589, 30.420233209958401 ], [ 77.957701822302909, 30.420286551033247 ], [ 77.957715962708207, 30.42031033083715 ], [ 77.957717485160586, 30.420312881155684 ], [ 77.95776615960213, 30.42039410049485 ], [ 77.957771986153105, 30.420403681745487 ], [ 77.957822668604237, 30.420485825096453 ], [ 77.957833320245939, 30.420502655529678 ], [ 77.957886680725878, 30.420584881894772 ], [ 77.957892487450763, 30.420593712993824 ], [ 77.957899823147613, 30.420604549722317 ], [ 77.957939534808233, 30.420662288990084 ], [ 77.957949145301612, 30.42067598412542 ], [ 77.957967742157578, 30.420701962249606 ], [ 77.957981179171753, 30.420720238741392 ], [ 77.958041599765082, 30.420800282138547 ], [ 77.958063290115746, 30.420827887461375 ], [ 77.958127871774877, 30.42090689587523 ], [ 77.958150735740716, 30.420933796910052 ], [ 77.95821864847268, 30.421010677333324 ], [ 77.958242641504071, 30.421036821033329 ], [ 77.958313793309941, 30.421111470463966 ], [ 77.95831892376529, 30.421116811080982 ], [ 77.958338891941381, 30.421136831251747 ], [ 77.958413184822561, 30.421209145687609 ], [ 77.958439343972245, 30.42123367808701 ], [ 77.958516674929172, 30.421303558525157 ], [ 77.958543875093781, 30.421327243790461 ], [ 77.958624140126986, 30.421394594228754 ], [ 77.95865231658459, 30.421417376563706 ], [ 77.958735403693694, 30.421482105999917 ], [ 77.958763367709864, 30.421503123165348 ], [ 77.958850342900647, 30.421565996137065 ], [ 77.958880396103595, 30.42158691470279 ], [ 77.958968783362351, 30.421646137127265 ], [ 77.958999707698155, 30.421666075657203 ], [ 77.959089063024138, 30.421721490065554 ], [ 77.959105568304665, 30.421731517929782 ], [ 77.959112249331596, 30.421735493959599 ], [ 77.959126942727252, 30.421744079729027 ], [ 77.959213943102156, 30.421793988106192 ], [ 77.959237985313393, 30.421807372405727 ], [ 77.959330360754379, 30.421857258789284 ], [ 77.959347148960759, 30.421866135357387 ], [ 77.959439006427459, 30.42191367772725 ], [ 77.95944765666674, 30.421918105854271 ], [ 77.959539237348267, 30.421964470753924 ], [ 77.95954390940426, 30.421966827908751 ], [ 77.95967718639406, 30.422034034182719 ], [ 77.959717639066554, 30.422054447011302 ], [ 77.959798916650328, 30.422095822371862 ], [ 77.959871079382481, 30.422133557100448 ], [ 77.959933917381818, 30.422167905762674 ], [ 77.959992244200393, 30.422201787472023 ], [ 77.960013368510161, 30.422214769940812 ], [ 77.960028439193351, 30.422224422778275 ], [ 77.960076099604251, 30.422256876012153 ], [ 77.96011723177979, 30.422287266221968 ], [ 77.960156925231871, 30.422319055051137 ], [ 77.960195127548729, 30.422352201109302 ], [ 77.960231772304411, 30.422386645711672 ], [ 77.960266790239089, 30.4224223247593 ], [ 77.960301378845557, 30.422460565714946 ], [ 77.960319033408879, 30.422481099723928 ], [ 77.960332187271945, 30.422497505388133 ], [ 77.960361594602745, 30.422536243043705 ], [ 77.960389612605596, 30.422576311084502 ], [ 77.960415757519385, 30.422617313506404 ], [ 77.960439985447493, 30.422659183429754 ], [ 77.960462263802825, 30.422701862841226 ], [ 77.960484261139044, 30.422748931373231 ], [ 77.960495776023208, 30.422776092027402 ], [ 77.960499161059275, 30.422784592741312 ], [ 77.96052062516479, 30.422843036589473 ], [ 77.96054084530023, 30.422904192344244 ], [ 77.960559590279658, 30.422965476162798 ], [ 77.96057259651397, 30.423004439039811 ], [ 77.960587610690183, 30.423042855823343 ], [ 77.960622358923459, 30.423115558953615 ], [ 77.96066428662796, 30.423185360814262 ], [ 77.960713074719038, 30.423251730164278 ], [ 77.96073274998632, 30.423273952007133 ], [ 77.960881183031205, 30.4238010166174 ], [ 77.960887064000687, 30.423821749653843 ], [ 77.960893571580769, 30.423843515050617 ], [ 77.960908977116105, 30.423892517167292 ], [ 77.960934324995279, 30.423961958415244 ], [ 77.960956306766519, 30.424014671675845 ], [ 77.96097592148864, 30.42405802023934 ], [ 77.960997571684047, 30.424099501858191 ], [ 77.961016509435154, 30.424133475992097 ], [ 77.961052328372659, 30.424192123744707 ], [ 77.961067039158493, 30.424213517898711 ], [ 77.961090420973022, 30.424246479055004 ], [ 77.961125020978727, 30.424292099922443 ], [ 77.961162742171297, 30.424335823323698 ], [ 77.961190258079952, 30.424365782492711 ], [ 77.961207292200029, 30.424383844790324 ], [ 77.961254602291874, 30.424429463028932 ], [ 77.961271373283225, 30.424444568123707 ], [ 77.961310717729674, 30.424478172203937 ], [ 77.961352063982858, 30.424509920016849 ], [ 77.961391417524965, 30.424538558759071 ], [ 77.961456721326982, 30.424582358347205 ], [ 77.96152566210398, 30.42462144863519 ], [ 77.961572408340373, 30.424645720823893 ], [ 77.961586933534036, 30.424653124965904 ], [ 77.961652451292011, 30.424683261817673 ], [ 77.961720279305624, 30.424709278523796 ], [ 77.961770865668271, 30.424726841671532 ], [ 77.961801956817482, 30.424737139410727 ], [ 77.961864615163549, 30.424754976483701 ], [ 77.961928451243793, 30.424769338834121 ], [ 77.961981604696277, 30.424779751926199 ], [ 77.962030364368488, 30.424788248495869 ], [ 77.962087476345857, 30.424795566776961 ], [ 77.962144968687056, 30.424800129610627 ], [ 77.962199354184406, 30.424803130637965 ], [ 77.962265496000171, 30.424804953659343 ], [ 77.962314999208459, 30.42480393292438 ], [ 77.962364390380671, 30.424800873029998 ], [ 77.962418638872947, 30.42479638598957 ], [ 77.962500490628898, 30.424786762495923 ], [ 77.962581167009319, 30.424771552871608 ], [ 77.96263391444738, 30.424759691767509 ], [ 77.962681553315875, 30.424747924042759 ], [ 77.962728492172062, 30.424734205411195 ], [ 77.962789889356998, 30.42471290145917 ], [ 77.962839810697119, 30.424693963301994 ], [ 77.962892053492453, 30.42467262875844 ], [ 77.962942850443454, 30.424648815966346 ], [ 77.962985271039031, 30.424626404448194 ], [ 77.963031111247105, 30.424600866253702 ], [ 77.963085452605355, 30.424568437534614 ], [ 77.963137313976375, 30.424533090303871 ], [ 77.963162435089927, 30.424514221982566 ], [ 77.963203040145245, 30.424482725769817 ], [ 77.963256526017688, 30.424438162651999 ], [ 77.963306212853666, 30.424390410789623 ], [ 77.963316902127659, 30.424379188173365 ], [ 77.963351252024808, 30.424342525963919 ], [ 77.963400628267109, 30.424285339963451 ], [ 77.963417966687587, 30.42426154246419 ], [ 77.963423246867791, 30.424270682271679 ], [ 77.963453156511264, 30.424321568480881 ], [ 77.963479209800383, 30.424363158732834 ], [ 77.963480881519686, 30.424365658822037 ], [ 77.963502365325169, 30.424397669967771 ], [ 77.96354318346124, 30.424453654373149 ], [ 77.963568876309807, 30.424486184539621 ], [ 77.963598671434212, 30.424521995808238 ], [ 77.963631115174351, 30.42455718351361 ], [ 77.963663875475135, 30.424590884445077 ], [ 77.963713724030114, 30.424638598026075 ], [ 77.963767371804337, 30.424683109604498 ], [ 77.963813215869237, 30.424718517844216 ], [ 77.963836688638565, 30.4247361102823 ], [ 77.963890397319801, 30.424772633632333 ], [ 77.96394675326016, 30.424806027215521 ], [ 77.963988623453332, 30.424829128392137 ], [ 77.964027182492146, 30.424849398942353 ], [ 77.964071769820634, 30.424870468256646 ], [ 77.964117489946986, 30.424889627772576 ], [ 77.964162047243335, 30.424907150917111 ], [ 77.96423617710505, 30.424933373385219 ], [ 77.964299411201409, 30.424951087081151 ], [ 77.964101765766102, 30.425577903984244 ], [ 77.96407037860763, 30.425607129515573 ], [ 77.964043047200093, 30.425633605338351 ], [ 77.964005991121709, 30.42567095611771 ], [ 77.96399790466576, 30.425679206506704 ], [ 77.963980735686988, 30.425697414876982 ], [ 77.963967767643993, 30.425711539797238 ], [ 77.963942045530487, 30.425740759024809 ], [ 77.963912312389908, 30.425776000836233 ], [ 77.963876692087823, 30.425821018653441 ], [ 77.963848623888865, 30.425858900467926 ], [ 77.963823064714887, 30.425895255180588 ], [ 77.96381345742499, 30.425909993142373 ], [ 77.963784156128483, 30.425955943940917 ], [ 77.963750547492083, 30.426013405703909 ], [ 77.963725039130438, 30.426061175522054 ], [ 77.963697346803428, 30.426118067307915 ], [ 77.963677331419049, 30.426163467161214 ], [ 77.963671558427009, 30.426176880011955 ], [ 77.963655084786069, 30.426219356542514 ], [ 77.963639095374148, 30.426264247422505 ], [ 77.963627989711625, 30.426297704793424 ], [ 77.963624585606354, 30.426308758767515 ], [ 77.963615716925631, 30.426339749121087 ], [ 77.963602989453932, 30.426387852023726 ], [ 77.963593795288688, 30.426426454112363 ], [ 77.963583684807347, 30.426474144034241 ], [ 77.963582365222365, 30.426480496138328 ], [ 77.963580218566179, 30.426491439099177 ], [ 77.963572749961244, 30.426530993204413 ], [ 77.963502709784564, 30.426908333720935 ], [ 77.963496216299177, 30.426943891567024 ], [ 77.963493148499467, 30.426961866206756 ], [ 77.963485473000659, 30.427010196147162 ], [ 77.96347980727748, 30.427053643476984 ], [ 77.963474534735965, 30.427105259435603 ], [ 77.963470555426809, 30.427173953854467 ], [ 77.963469794844997, 30.427228770848433 ], [ 77.963469719608824, 30.427239607850485 ], [ 77.963470821250084, 30.427281105923907 ], [ 77.963474124724556, 30.427322516140851 ], [ 77.963480099136461, 30.427378613187503 ], [ 77.963491506061104, 30.427452342793213 ], [ 77.963495721505993, 30.42747180920534 ], [ 77.963504503123559, 30.427510041272985 ], [ 77.96351512613785, 30.427551232000258 ], [ 77.963527960963674, 30.427591947009756 ], [ 77.963540971613654, 30.42762972010765 ], [ 77.963560257428725, 30.427680226603346 ], [ 77.963580729475723, 30.427725184631935 ], [ 77.963601556136823, 30.427767559782257 ], [ 77.963627204883593, 30.427815760834651 ], [ 77.963656080787402, 30.427862571095563 ], [ 77.963680420559555, 30.427899380261589 ], [ 77.963682103264546, 30.427901915487663 ], [ 77.963711472844736, 30.427943375502462 ], [ 77.96374337905344, 30.42798340307554 ], [ 77.963772035918055, 30.42801735825714 ], [ 77.963814830264781, 30.42806467146276 ], [ 77.963845341944719, 30.428094797532577 ], [ 77.963878165906578, 30.428125789722547 ], [ 77.963918429696037, 30.428161748543356 ], [ 77.96396093538425, 30.428195714512416 ], [ 77.963997522445098, 30.42822336170131 ], [ 77.964012539764752, 30.428234493911308 ], [ 77.964049978391174, 30.428260467944721 ], [ 77.96408875788795, 30.428284919999502 ], [ 77.964128658044899, 30.428308880177877 ], [ 77.964201068917049, 30.428348641523026 ], [ 77.964227161035197, 30.42836126687428 ], [ 77.964270314282757, 30.428381449035289 ], [ 77.964325656812605, 30.428405518277533 ], [ 77.964382552965276, 30.428426693227681 ], [ 77.964433648334463, 30.428444168374877 ], [ 77.96445976032561, 30.428452749927768 ], [ 77.964509114310147, 30.428467116081901 ], [ 77.964559235496282, 30.428479325711475 ], [ 77.964611451931731, 30.428490832812525 ], [ 77.964687237516642, 30.428504952989552 ], [ 77.964715664486761, 30.42850894618093 ], [ 77.964753333822145, 30.428513775224229 ], [ 77.964810060132905, 30.42851967372636 ], [ 77.964867074457544, 30.428522866181904 ], [ 77.964933710069417, 30.428525008201266 ], [ 77.964972295000038, 30.428525628144651 ], [ 77.96506432596351, 30.428522095610209 ], [ 77.965130018560828, 30.428517042564582 ], [ 77.965218740487174, 30.428506870989178 ], [ 77.965230869281143, 30.428504953419964 ], [ 77.965292273816644, 30.428494919330671 ], [ 77.965363406816934, 30.428481043523856 ], [ 77.965420798292499, 30.428468002409534 ], [ 77.965468041762975, 30.428456227283061 ], [ 77.965547053388477, 30.42843477109761 ], [ 77.965557698191745, 30.428431825951616 ], [ 77.966125623067583, 30.428271777972657 ], [ 77.966161875886641, 30.428295569382744 ], [ 77.966188692154248, 30.428312590959781 ], [ 77.966234204324451, 30.428340523166373 ], [ 77.966258451190129, 30.428354962693458 ], [ 77.966285820306695, 30.428370772812716 ], [ 77.966305487644149, 30.428381858522666 ], [ 77.966327478746422, 30.428393950615327 ], [ 77.966360873403943, 30.428411559751876 ], [ 77.966411222668086, 30.428436998951067 ], [ 77.966415052437654, 30.428438924512111 ], [ 77.96646882985803, 30.428464037097722 ], [ 77.966522997191404, 30.428487581288497 ], [ 77.966593736378897, 30.428515514343299 ], [ 77.966650270778629, 30.428535664512122 ], [ 77.966690196975918, 30.428549069915132 ], [ 77.966734588612596, 30.428562098552501 ], [ 77.966791370061998, 30.42857753768585 ], [ 77.966840270959381, 30.428589704790863 ], [ 77.966848128024424, 30.428591480806464 ], [ 77.966900595334565, 30.428602091812049 ], [ 77.966960799853979, 30.428612851907442 ], [ 77.96699030030868, 30.428617740974193 ], [ 77.967063628011701, 30.428626628468844 ], [ 77.967126788583585, 30.428632307520029 ], [ 77.96721423452172, 30.428636957950825 ], [ 77.967259196935061, 30.428637705957637 ], [ 77.967279176000048, 30.42863787212907 ], [ 77.967328112770062, 30.428636874711632 ], [ 77.967370186155719, 30.428635158696036 ], [ 77.96737953364331, 30.428634531933394 ], [ 77.967383326246164, 30.428676311608758 ], [ 77.967389868714235, 30.428727344659787 ], [ 77.967397200285504, 30.428773592864697 ], [ 77.967406663775051, 30.428823645938206 ], [ 77.96740877960967, 30.428834426759952 ], [ 77.967416946806892, 30.428870299630848 ], [ 77.967440219894883, 30.428962626809284 ], [ 77.967446849395742, 30.428987264454808 ], [ 77.967461949002285, 30.429040016540707 ], [ 77.967527286046504, 30.429265696868288 ], [ 77.967517341665371, 30.429287288969018 ], [ 77.967505967136489, 30.429313130159894 ], [ 77.96750175535179, 30.429323348514767 ], [ 77.967482219927135, 30.429371659369995 ], [ 77.967460421405576, 30.42943233577434 ], [ 77.967443946910024, 30.429484614649436 ], [ 77.967432395084401, 30.429524897496183 ], [ 77.967422993963979, 30.42956559821187 ], [ 77.967421890580113, 30.429571120862651 ], [ 77.967411033017257, 30.42962648777868 ], [ 77.967403179027983, 30.429674234073776 ], [ 77.967398281096138, 30.429722275888036 ], [ 77.967395127626659, 30.429766738863382 ], [ 77.967393167188973, 30.42982206584993 ], [ 77.967394252996513, 30.429863264278065 ], [ 77.967396589527652, 30.429907559296385 ], [ 77.967400427613597, 30.429954002616864 ], [ 77.967407026150951, 30.430000212437189 ], [ 77.967412992797151, 30.43003467348365 ], [ 77.967417282820605, 30.430057459730318 ], [ 77.967431919642848, 30.430117410258237 ], [ 77.967442100297745, 30.430153079335707 ], [ 77.967455502386599, 30.430195557919024 ], [ 77.967471280927739, 30.430237419061488 ], [ 77.967485800616487, 30.430272975169057 ], [ 77.967488943483431, 30.430280563479837 ], [ 77.967508471550417, 30.430323593553563 ], [ 77.967530518469545, 30.430365699948201 ], [ 77.967539416568158, 30.43038159799659 ], [ 77.967538273209868, 30.430385786943202 ], [ 77.967526498704942, 30.430436357852617 ], [ 77.96752175263083, 30.430458116233137 ], [ 77.967516829223896, 30.430484609713613 ], [ 77.967513897044782, 30.430502035690896 ], [ 77.967506864758917, 30.43055457617184 ], [ 77.967501964242658, 30.430603749133365 ], [ 77.967498105545829, 30.430679839378758 ], [ 77.967498016322622, 30.430726046113907 ], [ 77.967500543864176, 30.430789642559173 ], [ 77.967504717318107, 30.430841437591791 ], [ 77.967510314469124, 30.430891093027288 ], [ 77.967517482956609, 30.430940518083158 ], [ 77.967522218517715, 30.430969388834459 ], [ 77.967532798926968, 30.431027172916512 ], [ 77.967533486346866, 30.431030877408514 ], [ 77.967538696665443, 30.431054005239719 ], [ 77.967536270448349, 30.431070693379301 ], [ 77.967535590786866, 30.431079472295739 ], [ 77.967522438672091, 30.431089174094925 ], [ 77.967485332352297, 30.431117899222091 ], [ 77.967449852420955, 30.431148128061789 ], [ 77.967433752414294, 30.431162516971053 ], [ 77.967383674675361, 30.431210613998037 ], [ 77.967367774167073, 30.431227442518303 ], [ 77.967339199074203, 30.431258440342877 ], [ 77.967295249850565, 30.431309741159094 ], [ 77.967255601423446, 30.431363609134596 ], [ 77.967230910206553, 30.431399931967515 ], [ 77.967226332035111, 30.431406734561026 ], [ 77.967193745631846, 30.431459628753696 ], [ 77.967165286321205, 30.43151428206011 ], [ 77.967146557999911, 30.431553691923927 ], [ 77.967130918430627, 30.431588648267169 ], [ 77.967113029403649, 30.431635128690413 ], [ 77.967098079212874, 30.431682382263379 ], [ 77.967085229772607, 30.431727799165262 ], [ 77.967071104744534, 30.431785943264931 ], [ 77.967063820552966, 30.431827335098536 ], [ 77.967058760782763, 30.431868975254748 ], [ 77.967054313287946, 30.431916043219918 ], [ 77.967050841171314, 30.431989648849598 ], [ 77.967053928176099, 30.432059075040794 ], [ 77.967057860711279, 30.432103225071625 ], [ 77.967062996901419, 30.432146965287874 ], [ 77.967070586514453, 30.432190436678628 ], [ 77.967071881962823, 30.432196675166043 ], [ 77.967076099761911, 30.432216585198599 ], [ 77.967085998966027, 30.432257858587395 ], [ 77.967098112654213, 30.43229868612821 ], [ 77.967110252303684, 30.432335966219934 ], [ 77.96713390533894, 30.432399505379291 ], [ 77.967153703254425, 30.432443086643932 ], [ 77.967171555961826, 30.432479576773073 ], [ 77.967195326478944, 30.432524672176928 ], [ 77.967221920228013, 30.432568567791716 ], [ 77.967244133010027, 30.43260290494386 ], [ 77.967250653942799, 30.432612837161219 ], [ 77.967280130563935, 30.432654437582105 ], [ 77.967312161132, 30.432694595266039 ], [ 77.967351476946604, 30.432741141515205 ], [ 77.967388599754727, 30.432782166581038 ], [ 77.967356883376226, 30.432957719499729 ], [ 77.967355300786878, 30.432966780184554 ], [ 77.967345643198016, 30.433024036109533 ], [ 77.967342008683104, 30.433047782932352 ], [ 77.967329263719435, 30.433140482832908 ], [ 77.96732578171418, 30.433169908765354 ], [ 77.967316517733835, 30.433263257692875 ], [ 77.967314151845912, 30.433292753117644 ], [ 77.967308460862938, 30.433385702072844 ], [ 77.967307517228079, 30.43340502913173 ], [ 77.967306451917921, 30.433434269123314 ], [ 77.96730629881408, 30.433438838496105 ], [ 77.96730462778828, 30.433493999505554 ], [ 77.967304412294169, 30.43350034962403 ], [ 77.967301652825952, 30.433569624480281 ], [ 77.967300675260731, 30.433583250322069 ], [ 77.967300135823436, 30.433588226166517 ], [ 77.967293895676363, 30.433625464338352 ], [ 77.967291399612392, 30.433636267989659 ], [ 77.967289951650812, 30.433641632330453 ], [ 77.967269047853009, 30.433710344916474 ], [ 77.967267773661945, 30.433714372796192 ], [ 77.967183053787281, 30.433982076985675 ], [ 77.967179656903255, 30.433993082710362 ], [ 77.967156947180086, 30.434068567537818 ], [ 77.967144480338661, 30.434114999632609 ], [ 77.96713245083167, 30.434165856539916 ], [ 77.967127066597641, 30.434190333322295 ], [ 77.967119830955156, 30.434231397851317 ], [ 77.967111766394936, 30.434285486788557 ], [ 77.967106332192685, 30.434330984895883 ], [ 77.967103566623578, 30.434376663211413 ], [ 77.967101770013258, 30.434434184197432 ], [ 77.96710138895078, 30.434458580849242 ], [ 77.967102746897609, 30.434504648640246 ], [ 77.967106818175139, 30.434550596219498 ], [ 77.967113591576535, 30.434607839272285 ], [ 77.967123975554841, 30.434672461618693 ], [ 77.967129731512685, 30.434698505125599 ], [ 77.967135913254907, 30.434724408173128 ], [ 77.967147368619209, 30.434767141025407 ], [ 77.967161208171476, 30.434809340711642 ], [ 77.967173646853553, 30.434844036804929 ], [ 77.967189558534244, 30.434884939261284 ], [ 77.967224310964866, 30.43495764225975 ], [ 77.967266243733945, 30.435027443993921 ], [ 77.967315037718791, 30.435093813223499 ], [ 77.967370321575402, 30.435156244831472 ], [ 77.967423713219034, 30.435206037880445 ], [ 77.96743169988477, 30.435214240968076 ], [ 77.96745282511398, 30.435237753058484 ], [ 77.967477443697419, 30.435264170821927 ], [ 77.967524046515734, 30.435309146673948 ], [ 77.967556578498176, 30.435338501858364 ], [ 77.967596041453035, 30.435372263216873 ], [ 77.967637523294101, 30.43540415563216 ], [ 77.96768508048855, 30.435438801509083 ], [ 77.967725466124193, 30.435466743043325 ], [ 77.967766992610791, 30.435492670565854 ], [ 77.967816522811006, 30.435522019785441 ], [ 77.967879411546647, 30.435556492453006 ], [ 77.967928992806449, 30.435581566649237 ], [ 77.967933211500466, 30.435583688655985 ], [ 77.967968778617546, 30.435600689584295 ], [ 77.968017266903104, 30.435622808761718 ], [ 77.968031779600636, 30.435629303607978 ], [ 77.968059841681651, 30.435641620921903 ], [ 77.968352507311693, 30.435769605696148 ], [ 77.968409631591584, 30.435794411421444 ], [ 77.968436523759365, 30.435805672838487 ], [ 77.968533451392744, 30.435844786159958 ], [ 77.9685650501862, 30.43585698778509 ], [ 77.968568722212794, 30.435858342796838 ], [ 77.968584632022086, 30.435864079332706 ], [ 77.968625824315211, 30.435878586454432 ], [ 77.968661737310455, 30.435890568960975 ], [ 77.968672504750202, 30.435893906972087 ], [ 77.968734494221891, 30.435912792133433 ], [ 77.968788277833056, 30.435927769381674 ], [ 77.968842898274559, 30.435941574501744 ], [ 77.968893205125511, 30.435953115261203 ], [ 77.968948357591387, 30.435964497361621 ], [ 77.968999280785937, 30.435973847356355 ], [ 77.969055022272926, 30.435982826436412 ], [ 77.969064513723922, 30.435984315970597 ], [ 77.96910640298168, 30.435989956807372 ], [ 77.969162591484945, 30.435996510866357 ], [ 77.969214336630898, 30.436001408756805 ], [ 77.969270833145387, 30.436005520793916 ], [ 77.969322776182992, 30.436008170603355 ], [ 77.969379246701919, 30.436009825618324 ], [ 77.969414435000061, 30.436010341109263 ], [ 77.96942699923504, 30.436010275405909 ], [ 77.969474803675098, 30.436009775401427 ], [ 77.969523898025017, 30.436008257401301 ], [ 77.969588937620415, 30.436004913371004 ], [ 77.969641372649349, 30.436001062840088 ], [ 77.969748136614129, 30.435990861748206 ], [ 77.969770538233888, 30.435988508089782 ], [ 77.969813862678009, 30.435983542692444 ], [ 77.969857110826368, 30.435978637358883 ], [ 77.969883933030559, 30.435976267918772 ], [ 77.969937485025213, 30.435988531617806 ], [ 77.969949040358614, 30.43599156517379 ], [ 77.969965510456262, 30.435995418054116 ], [ 77.970000239114071, 30.436003593565761 ], [ 77.970010423544977, 30.436006797566382 ], [ 77.970047831349291, 30.436016744394987 ], [ 77.970057092361515, 30.436019525505973 ], [ 77.97007127905583, 30.436024283410621 ], [ 77.970077998365198, 30.436027481198966 ], [ 77.970116360886536, 30.436043026743729 ], [ 77.970147271087512, 30.436055602266396 ], [ 77.970160657784248, 30.43606094861536 ], [ 77.970210178114485, 30.436080358775772 ], [ 77.970244301677482, 30.43609310323939 ], [ 77.970296433046926, 30.436111624394844 ], [ 77.970335300460036, 30.436124651930339 ], [ 77.970351706673313, 30.436129692060252 ], [ 77.970406830095754, 30.436146178201415 ], [ 77.970484414411445, 30.436166489685288 ], [ 77.970540464876862, 30.436179122796023 ], [ 77.970589441029603, 30.436189073185336 ], [ 77.970596483089693, 30.436190349196455 ], [ 77.970628790333862, 30.436195742941816 ], [ 77.970648992632889, 30.436198652424959 ], [ 77.970706004138634, 30.436206364494165 ], [ 77.970756348128759, 30.436212088606194 ], [ 77.970806954349484, 30.436215678742027 ], [ 77.970866788897467, 30.436218652768918 ], [ 77.970926403000107, 30.436220133080258 ], [ 77.970969569470498, 30.436219357229053 ], [ 77.971030828032809, 30.436217154209064 ], [ 77.971082758773235, 30.436214158284489 ], [ 77.97113445180176, 30.436208917037764 ], [ 77.971192959323957, 30.436201695973129 ], [ 77.971226935668724, 30.436197004941565 ], [ 77.971245868230554, 30.436193955496424 ], [ 77.971252268285795, 30.43619287148692 ], [ 77.971305367904179, 30.436182622706784 ], [ 77.971363089387239, 30.436170101596591 ], [ 77.97141054356365, 30.436158768136377 ], [ 77.971457326391402, 30.436145503527232 ], [ 77.971511644803741, 30.436128860385079 ], [ 77.971520649545411, 30.436126060930189 ], [ 77.971583314624752, 30.436104277929541 ], [ 77.971636298985118, 30.436084107762138 ], [ 77.971684450461879, 30.436064490372114 ], [ 77.971728814476919, 30.43604520139974 ], [ 77.971714084251175, 30.436113035253296 ], [ 77.971712650479134, 30.436119778794133 ], [ 77.971694285586594, 30.436208036652044 ], [ 77.97169358245678, 30.436211453370507 ], [ 77.971689387395941, 30.436233688007217 ], [ 77.971681189912189, 30.436280825943616 ], [ 77.971676368473823, 30.436312300727462 ], [ 77.971669992972991, 30.436360395677706 ], [ 77.971665546216073, 30.436402709912489 ], [ 77.971661716696431, 30.436451973882459 ], [ 77.971659398579533, 30.436505152412838 ], [ 77.971658933060354, 30.436554032409067 ], [ 77.97165889761493, 30.436561467848886 ], [ 77.97165927206207, 30.436585668102776 ], [ 77.971659422010745, 30.436590511103798 ], [ 77.971661128248385, 30.436623322531862 ], [ 77.971664658738248, 30.436671635559573 ], [ 77.971671787618135, 30.436734353412174 ], [ 77.971679415107701, 30.436783710471591 ], [ 77.971686019084629, 30.43682061856666 ], [ 77.97169174760522, 30.436846546531324 ], [ 77.971703618109444, 30.436896318622662 ], [ 77.971721199248833, 30.436958730654293 ], [ 77.971736605803613, 30.437006040770829 ], [ 77.971747286414498, 30.4370367401099 ], [ 77.971748398387419, 30.437039742118497 ], [ 77.971760518084665, 30.437070541268216 ], [ 77.971776825522724, 30.437109241852998 ], [ 77.971780267459593, 30.43711806229533 ], [ 77.971804281584681, 30.437184231152212 ], [ 77.971831676375828, 30.437242950368724 ], [ 77.971863758837145, 30.437299859143305 ], [ 77.971882650630874, 30.437330585274278 ], [ 77.971899860300653, 30.437357461832502 ], [ 77.971919918026799, 30.437386308189804 ], [ 77.97195153978943, 30.437429922400181 ], [ 77.971993307432285, 30.437483206987057 ], [ 77.972028440267408, 30.437524754209786 ], [ 77.972070694923545, 30.437571423616436 ], [ 77.972074493461918, 30.437575323795105 ], [ 77.972112959372907, 30.437614593025639 ], [ 77.972163077306348, 30.437662200676794 ], [ 77.97220468029532, 30.437698989910142 ], [ 77.972258547729737, 30.437743341117116 ], [ 77.972303073796667, 30.437777465348912 ], [ 77.972323600515125, 30.437792788897919 ], [ 77.972360501611348, 30.437818404639092 ], [ 77.972407724754959, 30.437849686864435 ], [ 77.972468351940719, 30.437886953769553 ], [ 77.972518032157993, 30.437915236983901 ], [ 77.972569146972418, 30.437942541373406 ], [ 77.972581585699444, 30.437948665832746 ], [ 77.97263346798583, 30.437973804031646 ], [ 77.972699615990948, 30.438003218424345 ], [ 77.972753436340895, 30.438025083603879 ], [ 77.972821815639392, 30.438050324264641 ], [ 77.97287730004561, 30.438068806421068 ], [ 77.972894792376223, 30.438074477676889 ], [ 77.972947613975222, 30.438089763118779 ], [ 77.973004479429619, 30.438104766248895 ], [ 77.973076330470107, 30.438121318390063 ], [ 77.97313428696323, 30.438132766491197 ], [ 77.973184891744566, 30.438141624676671 ], [ 77.973207306175411, 30.438144831229028 ], [ 77.973266056697199, 30.438152666299221 ], [ 77.97333988922324, 30.438160185593208 ], [ 77.973399135763188, 30.438164367630858 ], [ 77.973473391512996, 30.438167301935568 ], [ 77.973532832059888, 30.438167809940229 ], [ 77.973543099000068, 30.438167853810913 ], [ 77.97360716797597, 30.438166143840615 ], [ 77.973666498518938, 30.438162973811931 ], [ 77.973740492267311, 30.438156715616547 ], [ 77.973799409795234, 30.438149884555141 ], [ 77.973842117260361, 30.438144148676347 ], [ 77.973872673142267, 30.438139071025159 ], [ 77.973930878644381, 30.438128614932456 ], [ 77.974003117109547, 30.438113286949129 ], [ 77.974060311575414, 30.438099256826643 ], [ 77.97413104579266, 30.438079516698355 ], [ 77.974187814394924, 30.438061711613837 ], [ 77.974255920403579, 30.438037904387425 ], [ 77.974310227769649, 30.438016961214007 ], [ 77.974377006042161, 30.437988692475724 ], [ 77.974429450346875, 30.437964445281782 ], [ 77.974459912426852, 30.437949832596498 ], [ 77.974500614208523, 30.437935265987246 ], [ 77.974581169796153, 30.437898929378502 ], [ 77.974656870964679, 30.437857188589721 ], [ 77.974728142649056, 30.437809954239246 ], [ 77.9747636300729, 30.437784259981857 ], [ 77.974797631172791, 30.437758483445574 ], [ 77.974839649219788, 30.437725206222819 ], [ 77.974865487324962, 30.437704029919086 ], [ 77.974905225335888, 30.437670328700737 ], [ 77.974922345468926, 30.437655467372036 ], [ 77.974979728449966, 30.437604482049228 ], [ 77.974983271888931, 30.437601318236371 ], [ 77.974993428701211, 30.437592205115269 ], [ 77.975002144323739, 30.437584630488477 ], [ 77.975036727493134, 30.437577203064112 ], [ 77.975845798186597, 30.437406503161366 ], [ 77.975874688773942, 30.437400392080125 ], [ 77.975891254420759, 30.43739676290441 ], [ 77.97599597128918, 30.437373027696299 ], [ 77.97604698960177, 30.437360250555887 ], [ 77.976124899216714, 30.437338858370975 ], [ 77.976166483906894, 30.43732659777417 ], [ 77.97616981267953, 30.437325542366143 ], [ 77.976201334915018, 30.437315495280668 ], [ 77.976238769014032, 30.437302848017875 ], [ 77.976291970389781, 30.437283840858473 ], [ 77.976339588276133, 30.437265608421225 ], [ 77.976392269616838, 30.437244057244559 ], [ 77.976438756089294, 30.437223794027322 ], [ 77.976489379382585, 30.437200335839751 ], [ 77.976518969010044, 30.437186083463939 ], [ 77.976522442471207, 30.437184338005938 ], [ 77.976546246596271, 30.437172322911952 ], [ 77.976568598589949, 30.437160713680331 ], [ 77.976596069723414, 30.437146037567206 ], [ 77.976629837211419, 30.437127209346446 ], [ 77.976677619412186, 30.437099423137379 ], [ 77.976720114107593, 30.437073352867703 ], [ 77.976767242261602, 30.437042878646334 ], [ 77.976814471859782, 30.437010452827504 ], [ 77.976874015693468, 30.43696701037609 ], [ 77.976912307010608, 30.436937650566396 ], [ 77.976940822036681, 30.43691468041386 ], [ 77.976965673140612, 30.436893986668832 ], [ 77.977005320144158, 30.436859860449292 ], [ 77.977026297397515, 30.436841276250224 ], [ 77.977064091371687, 30.436806814035098 ], [ 77.977076029687268, 30.436795743416898 ], [ 77.977121439128808, 30.436752917500929 ], [ 77.97714060243797, 30.436734769724136 ], [ 77.977178238641287, 30.4367000113381 ], [ 77.977185775241963, 30.436693596050777 ], [ 77.977194668453279, 30.436694945448171 ], [ 77.977237879110021, 30.436696636106451 ], [ 77.977282736079715, 30.436698174532726 ], [ 77.97728623060155, 30.436697737254601 ], [ 77.977291851240437, 30.436698393101533 ], [ 77.977304214111697, 30.436701208667092 ], [ 77.977317629347553, 30.436704334635021 ], [ 77.977371813167295, 30.436717878069839 ], [ 77.977384348622635, 30.436721114549545 ], [ 77.977389287605902, 30.436722378208589 ], [ 77.977470917265379, 30.436743073388737 ], [ 77.977493832857292, 30.436748637466291 ], [ 77.97754855030901, 30.436761340577565 ], [ 77.977581654979488, 30.436768524280087 ], [ 77.977638655462755, 30.436780036381759 ], [ 77.977684940308933, 30.436788428701487 ], [ 77.977744554829712, 30.436798018787012 ], [ 77.977753801220388, 30.436799468859608 ], [ 77.977804337148015, 30.436806086303623 ], [ 77.977866582707293, 30.436812887364848 ], [ 77.977939917975291, 30.436818625664817 ], [ 77.978004665568534, 30.436821696692515 ], [ 77.978061562000093, 30.436823044996917 ], [ 77.978091470040766, 30.436822672640549 ], [ 77.978155472629055, 30.436821078626206 ], [ 77.978218894939133, 30.436817818378312 ], [ 77.978244792174777, 30.436815798360026 ], [ 77.978304262784363, 30.436809660684236 ], [ 77.978359426275389, 30.436802567620678 ], [ 77.978387392778274, 30.436798633859627 ], [ 77.978445791160937, 30.43678820872314 ], [ 77.978502882643951, 30.436776530620211 ], [ 77.978549340634473, 30.436766041962446 ], [ 77.978595191122849, 30.436753708403028 ], [ 77.978659661622018, 30.436734943241692 ], [ 77.978684229730277, 30.436727494852054 ], [ 77.978756510844349, 30.436702001009994 ], [ 77.978819086262263, 30.436677522807773 ], [ 77.978865762481774, 30.436658038271656 ], [ 77.97891147614645, 30.436636458382846 ], [ 77.978971131516687, 30.436606581001922 ], [ 77.979015516775718, 30.436583049800223 ], [ 77.979058489602437, 30.436557626172576 ], [ 77.979114205802972, 30.436522862916835 ], [ 77.979175060534189, 30.436481845036898 ], [ 77.979195514144195, 30.436466577299424 ], [ 77.979246945221547, 30.436427168031752 ], [ 77.979285056104345, 30.436396460721813 ], [ 77.979321348305945, 30.436364141395931 ], [ 77.979367983257134, 30.436320479127108 ], [ 77.979401435630095, 30.436287590730746 ], [ 77.97943476194763, 30.436251321657846 ], [ 77.979476131774661, 30.436203844398566 ], [ 77.979506442164052, 30.436167188695915 ], [ 77.979534600573174, 30.436129266218668 ], [ 77.979569136292341, 30.436080095987048 ], [ 77.979581419783898, 30.436062142922236 ], [ 77.979606372922831, 30.436022424132911 ], [ 77.979622487732769, 30.435995168020167 ], [ 77.979649465102966, 30.435945927376782 ], [ 77.979669478791806, 30.43590635323282 ], [ 77.979692533870548, 30.435856826494199 ], [ 77.979704592627201, 30.435828535405438 ], [ 77.979706292843701, 30.435824517216812 ], [ 77.979715726551035, 30.435801057157672 ], [ 77.979721882407475, 30.435785042111672 ], [ 77.979736775765318, 30.435742886239989 ], [ 77.979753420278811, 30.435691302114041 ], [ 77.979770344006653, 30.435630899391573 ], [ 77.979782980478788, 30.435577894294195 ], [ 77.979788692645712, 30.435552034597411 ], [ 77.979793267416312, 30.435527594821519 ], [ 77.979802121884049, 30.435475803752663 ], [ 77.979807876252053, 30.435436084197196 ], [ 77.97981394571859, 30.435385050149808 ], [ 77.979817514055142, 30.435347281569722 ], [ 77.979818288267481, 30.435336239086883 ], [ 77.980064015719378, 30.435262109090164 ], [ 77.980081065244377, 30.435257000379909 ], [ 77.980099734252221, 30.43525149560443 ], [ 77.980156066446952, 30.435235427312488 ], [ 77.980236845164185, 30.43521371678418 ], [ 77.980277664771791, 30.435203345624959 ], [ 77.980308288679822, 30.435195852855887 ], [ 77.980393724964173, 30.435176098346215 ], [ 77.980404654510693, 30.435173691250004 ], [ 77.980890540113734, 30.435067517352419 ], [ 77.98090614516893, 30.435083167230257 ], [ 77.980946717103549, 30.435122685468361 ], [ 77.980997648569883, 30.435168889505402 ], [ 77.981043190584487, 30.435207377755322 ], [ 77.981100877858822, 30.43525261116736 ], [ 77.981111916371674, 30.435260525816208 ], [ 77.981160788488168, 30.435295079058964 ], [ 77.981213330155896, 30.435329877481596 ], [ 77.981229841216319, 30.43534010955705 ], [ 77.981280277341639, 30.435369476010496 ], [ 77.981327627563871, 30.435395340208924 ], [ 77.981362250404473, 30.435413447676449 ], [ 77.981427266134872, 30.435443369915536 ], [ 77.981486313507901, 30.435468267118413 ], [ 77.981535486008283, 30.435487649823632 ], [ 77.981585752711794, 30.435504796011035 ], [ 77.981602847512931, 30.435510041880907 ], [ 77.981668974020224, 30.43552977405005 ], [ 77.981731113856071, 30.435546453742877 ], [ 77.981794334688729, 30.435559737614479 ], [ 77.981863054280524, 30.435572220725025 ], [ 77.981895871473938, 30.435577707026038 ], [ 77.981943661987529, 30.435584021355009 ], [ 77.98199173928505, 30.435588406264866 ], [ 77.982061719922513, 30.435593368309686 ], [ 77.982146618000058, 30.435596373166671 ], [ 77.9821917365811, 30.435595525511747 ], [ 77.982261884224712, 30.435592888487815 ], [ 77.982326757393054, 30.435588686686064 ], [ 77.982391200996403, 30.435580981836683 ], [ 77.982460421606262, 30.435570786745512 ], [ 77.982466751511751, 30.435569837027163 ], [ 77.982527300266739, 30.435558969783525 ], [ 77.982586997580327, 30.435545006591678 ], [ 77.982654212118618, 30.435527413438965 ], [ 77.982709239312967, 30.435511548010172 ], [ 77.982776117564001, 30.435488151324694 ], [ 77.982840083995612, 30.435463507120506 ], [ 77.982889526074842, 30.435443092399037 ], [ 77.982937660632871, 30.435420452675697 ], [ 77.982952803489624, 30.435412728448572 ], [ 77.983006864762771, 30.435384617229975 ], [ 77.983061542024416, 30.435354133850776 ], [ 77.983070369059348, 30.435348867811616 ], [ 77.983113930418313, 30.435321413839187 ], [ 77.98315478554079, 30.435294237643848 ], [ 77.983190043258247, 30.435269712165489 ], [ 77.983232239647208, 30.435237362630883 ], [ 77.98327636362724, 30.435252994272108 ], [ 77.983312251583129, 30.435264968042173 ], [ 77.983399650190421, 30.435288814143266 ], [ 77.983467485750339, 30.435304515280901 ], [ 77.983555359946621, 30.435321365060961 ], [ 77.983594987277542, 30.435326739900912 ], [ 77.983664552899967, 30.435334988975047 ], [ 77.983729249302684, 30.435340882894888 ], [ 77.983794244231945, 30.435343263665313 ], [ 77.983864453878041, 30.435343932671319 ], [ 77.983875900000143, 30.435343987201566 ], [ 77.983935196484666, 30.435342522608497 ], [ 77.983994300412633, 30.43533813358513 ], [ 77.984064058042179, 30.435331213522918 ], [ 77.984126423057191, 30.435323363060771 ], [ 77.984192090472874, 30.435311426933307 ], [ 77.984260308046686, 30.435297023806438 ], [ 77.984315567498456, 30.435283950967982 ], [ 77.984369913429063, 30.435268264041735 ], [ 77.984384486932527, 30.435263560567503 ], [ 77.984450100415003, 30.4352418993839 ], [ 77.984510128735977, 30.43522019775514 ], [ 77.984568475779795, 30.435195289983827 ], [ 77.984629900137662, 30.435166968757041 ], [ 77.984661405206268, 30.435151830707827 ], [ 77.984733258886777, 30.43511240675679 ], [ 77.984782322080292, 30.435082987537552 ], [ 77.984855302467892, 30.435034977608897 ], [ 77.984886549536469, 30.435012476452048 ], [ 77.984890354483227, 30.435009723193094 ], [ 77.984935680370441, 30.434974765876763 ], [ 77.984964428391478, 30.434951257721696 ], [ 77.985017717369857, 30.434904381826353 ], [ 77.985059943319357, 30.43486442158164 ], [ 77.985089635811548, 30.434835071860054 ], [ 77.985108212974467, 30.434815327588591 ], [ 77.985145796847021, 30.434774210357194 ], [ 77.985174332018929, 30.434741490927539 ], [ 77.985205485863773, 30.434704027728952 ], [ 77.985218458996385, 30.434688065848601 ], [ 77.985246942831225, 30.434652201664267 ], [ 77.985249070088003, 30.434649512828802 ], [ 77.985261485765548, 30.434633758541505 ], [ 77.985297636835597, 30.434588357916024 ], [ 77.98532168942468, 30.434558676108079 ], [ 77.985329690709293, 30.43455038108581 ], [ 77.985333459970278, 30.434547120235553 ], [ 77.985336678009631, 30.434544880682832 ], [ 77.985341281859377, 30.434542221484104 ], [ 77.985346206267636, 30.434540188215795 ], [ 77.985350624442788, 30.434537995999786 ], [ 77.985355899804986, 30.434537233556345 ], [ 77.985360857224165, 30.434536107611319 ], [ 77.985365911043047, 30.434535341937039 ], [ 77.985371011003679, 30.434534944018008 ], [ 77.985376132190879, 30.434534916309861 ], [ 77.985381245778129, 30.434535257311044 ], [ 77.98538504506665, 30.434535742829159 ], [ 77.985388803136061, 30.434536456679293 ], [ 77.98539410608295, 30.434536973621515 ], [ 77.985398634809499, 30.434539045576745 ], [ 77.985402241664929, 30.434540727653268 ], [ 77.985405439877297, 30.434542325217304 ], [ 77.985424024752618, 30.43455203383397 ], [ 77.985432365318545, 30.434557188390752 ], [ 77.985494874771277, 30.434593869095803 ], [ 77.986245849921787, 30.43504249091372 ], [ 77.986249073546347, 30.435047856992501 ], [ 77.986297867541154, 30.435114226221902 ], [ 77.986353151409475, 30.435176657829697 ], [ 77.986414504412338, 30.435234676665655 ], [ 77.986481459618162, 30.435287841163525 ], [ 77.986519896821093, 30.435314473177453 ], [ 77.986559743689114, 30.435339501245782 ], [ 77.986915805085658, 30.435552203823999 ], [ 77.986944383610989, 30.435569399535165 ], [ 77.986959720173587, 30.435599352906326 ], [ 77.987158732100696, 30.435995729545038 ], [ 77.987169449418047, 30.436017016220038 ], [ 77.987175038137224, 30.436027918909456 ], [ 77.987199024783308, 30.436073891081126 ], [ 77.987215313565542, 30.436103650092559 ], [ 77.987239189267143, 30.436145289260583 ], [ 77.987254702608681, 30.43617127798198 ], [ 77.987262320527066, 30.436183548034865 ], [ 77.987277538881997, 30.436207201912122 ], [ 77.987283051110893, 30.436215375705498 ], [ 77.987312695687294, 30.4362587604159 ], [ 77.987318392161697, 30.436266800313536 ], [ 77.987361593103898, 30.436325054209465 ], [ 77.987364739512543, 30.436328912524022 ], [ 77.987416797556818, 30.436387545721875 ], [ 77.987460779493134, 30.43642958486009 ], [ 77.987478298258765, 30.436445392510745 ], [ 77.987507458065963, 30.436469409504117 ], [ 77.987544753622828, 30.436499170131857 ], [ 77.987551529360843, 30.436504178461607 ], [ 77.987588964110714, 30.436533899031435 ], [ 77.98764148366547, 30.436569661791655 ], [ 77.987689628829585, 30.436600333015793 ], [ 77.987736823166031, 30.436628694530174 ], [ 77.987786819633257, 30.436655290780532 ], [ 77.987839708731514, 30.436681607236036 ], [ 77.987891392799739, 30.436705670541517 ], [ 77.98794455935446, 30.436727172487874 ], [ 77.987999398731048, 30.43674774065904 ], [ 77.98805686712447, 30.436767559846931 ], [ 77.988109496000845, 30.43678279461238 ], [ 77.988166658457303, 30.436797886743303 ], [ 77.988223239734566, 30.436811327836519 ], [ 77.988280605034632, 30.436821985527427 ], [ 77.988339362548146, 30.43683140961134 ], [ 77.988348062158963, 30.436832771854991 ], [ 77.988401713978831, 30.436839725609897 ], [ 77.988455711011639, 30.436844248061998 ], [ 77.988515320556132, 30.436847885094895 ], [ 77.988588440000143, 30.436850112993117 ], [ 77.988632609675705, 30.436849300654831 ], [ 77.988692312223677, 30.436847103635021 ], [ 77.98875083003081, 30.436843516598397 ], [ 77.988809013888542, 30.436836920231567 ], [ 77.988826718374241, 30.436835287072004 ], [ 77.988884261907387, 30.436830258392842 ], [ 77.988932332336802, 30.436824377340042 ], [ 77.988967565816935, 30.436819531856916 ], [ 77.989045732779971, 30.436804885788025 ], [ 77.989090833155316, 30.436794849699975 ], [ 77.989170030130694, 30.436774289096267 ], [ 77.989192087300111, 30.436767725039768 ], [ 77.989209998856438, 30.436762235847556 ], [ 77.989246211031215, 30.436750148044265 ], [ 77.989273965228548, 30.436740364962187 ], [ 77.989325172813565, 30.436720910099222 ], [ 77.989375101028372, 30.436699100885054 ], [ 77.989430945349895, 30.436673054677197 ], [ 77.989458054215802, 30.436659955526988 ], [ 77.989511905032586, 30.436631087760144 ], [ 77.989563630616232, 30.436599436287413 ], [ 77.98961346577498, 30.436566929051931 ], [ 77.989656530912399, 30.436537261031003 ], [ 77.989686279312409, 30.436514784692879 ], [ 77.989700592329839, 30.436503549617431 ], [ 77.989750436920701, 30.436461719969241 ], [ 77.989781552906393, 30.43643380679347 ], [ 77.989830269438357, 30.436386929722001 ], [ 77.98984703608474, 30.436369160790608 ], [ 77.989875580990386, 30.436338111615289 ], [ 77.989926582125435, 30.436277646139818 ], [ 77.989951724966488, 30.436245080975741 ], [ 77.989988036001549, 30.436194514912938 ], [ 77.989998150819517, 30.436178981187343 ], [ 77.990028201513709, 30.436131745980486 ], [ 77.990064704932848, 30.436068648015411 ], [ 77.990089456569137, 30.436021327838478 ], [ 77.990109365994357, 30.435980642786884 ], [ 77.9901284016467, 30.435938928647719 ], [ 77.990136927687729, 30.435919599463777 ], [ 77.990153878345325, 30.435879808338893 ], [ 77.990155252922037, 30.435876562427087 ], [ 77.990715000190846, 30.43454688621706 ], [ 77.990729934752167, 30.434511261966843 ], [ 77.990737186065132, 30.434493381386094 ], [ 77.990771992275143, 30.434404583127215 ], [ 77.990786428011305, 30.434364749987228 ], [ 77.990802483560728, 30.434316573866003 ], [ 77.990815068085439, 30.434275146505971 ], [ 77.990828287616154, 30.434227013404911 ], [ 77.990835900155375, 30.43419704067519 ], [ 77.990838798031447, 30.434184628652847 ], [ 77.990843656110187, 30.434162388630934 ], [ 77.99084526355432, 30.434154272188838 ], [ 77.990853905097438, 30.434109411121799 ], [ 77.990861921897817, 30.434059113530285 ], [ 77.990867811411945, 30.434012520484419 ], [ 77.990872742584742, 30.433958632852818 ], [ 77.990875715030853, 30.43390628182939 ], [ 77.990876972712812, 30.433861945849348 ], [ 77.990876896724714, 30.433851055163661 ], [ 77.990876192188196, 30.433800531169073 ], [ 77.990873976743302, 30.433751611644642 ], [ 77.990870108211311, 30.433701172675018 ], [ 77.990867036982536, 30.433671643205127 ], [ 77.990878749498648, 30.433625860643918 ], [ 77.990890602166473, 30.433547840881356 ], [ 77.990894562541968, 30.43346922284945 ], [ 77.990890600502908, 30.433390604879538 ], [ 77.990878746221981, 30.433312585301362 ], [ 77.990866815186621, 30.433262350673171 ], [ 77.990864949597338, 30.43325549129273 ], [ 77.990862791561625, 30.433247596777644 ], [ 77.990856662100782, 30.433225035261433 ], [ 77.990844888650301, 30.433178650179169 ], [ 77.990843971151506, 30.433172215119573 ], [ 77.990843463025882, 30.433169033577787 ], [ 77.990843051401185, 30.433165655263092 ], [ 77.990845249055155, 30.433161868668055 ], [ 77.990846216918285, 30.433158431592364 ], [ 77.990847501213977, 30.433155066938564 ], [ 77.990849091401685, 30.433151802032707 ], [ 77.990850976294638, 30.433148659934215 ], [ 77.990853146110084, 30.433145656365443 ], [ 77.990855131999936, 30.433142160216828 ], [ 77.990859216101171, 30.433139001368001 ], [ 77.990866446872175, 30.433133760861129 ], [ 77.9908700603131, 30.433131330804439 ], [ 77.990884156923016, 30.433122091597529 ], [ 77.990930235009074, 30.433092635990509 ], [ 77.991772364534839, 30.432560102864823 ], [ 77.991789381260816, 30.432549334863577 ], [ 77.991800726168051, 30.432542053180409 ], [ 77.991889268451956, 30.432484412762815 ], [ 77.991930863280515, 30.432455869230122 ], [ 77.992004581057998, 30.43240257516727 ], [ 77.992038314520073, 30.432377029761302 ], [ 77.992059407544104, 30.432360348649521 ], [ 77.992091956010256, 30.432333468970594 ], [ 77.992148667013794, 30.432284566656396 ], [ 77.992184041488159, 30.432252525344037 ], [ 77.992212470451875, 30.432225474178995 ], [ 77.992235529403246, 30.432202780078352 ], [ 77.992273530317135, 30.432164091851153 ], [ 77.992278260041829, 30.432159242098198 ], [ 77.99229345968871, 30.432143172707935 ], [ 77.992329210573445, 30.432104475488639 ], [ 77.992341943594482, 30.432090409637755 ], [ 77.992373246443336, 30.432055115452048 ], [ 77.992511471745118, 30.432027597384934 ], [ 77.99257350780816, 30.432013490347973 ], [ 77.992634423543365, 30.431996099467238 ], [ 77.992718322414149, 30.431965984735729 ], [ 77.992798873095836, 30.431929648093945 ], [ 77.992840704568692, 30.431906554592256 ], [ 77.99287966796885, 30.43189879749578 ], [ 77.99298105696667, 30.431878613290362 ], [ 77.993082437169392, 30.431858429636858 ], [ 77.993183830659433, 30.431838244536866 ], [ 77.99322835003926, 30.431829381326256 ], [ 77.993290158160377, 30.431867782264153 ], [ 77.993374702617672, 30.431920308123015 ], [ 77.993459249444101, 30.431972836453856 ], [ 77.993543790570385, 30.432025359621893 ], [ 77.993628336988778, 30.432077887699069 ], [ 77.993712887628689, 30.432130417399126 ], [ 77.993797431641553, 30.432182942360573 ], [ 77.993881983603075, 30.432235473260203 ], [ 77.993925239069483, 30.432262344814784 ], [ 77.993969903650139, 30.432289979229186 ], [ 77.99399023087004, 30.432302241655282 ], [ 77.994080042239048, 30.432355057051428 ], [ 77.994113438594781, 30.432373897609697 ], [ 77.994141514728724, 30.432389081726416 ], [ 77.994160114214054, 30.432398907864187 ], [ 77.994183638334135, 30.432411044958538 ], [ 77.994195695315682, 30.432417171035429 ], [ 77.994216175625397, 30.432427152113259 ], [ 77.994267895917616, 30.43245169630838 ], [ 77.994323102295752, 30.43247607296232 ], [ 77.994378745655368, 30.432498861149124 ], [ 77.994447051093289, 30.432524290555794 ], [ 77.994503080501602, 30.432543125714826 ], [ 77.994523537445829, 30.4325497893951 ], [ 77.994541864043313, 30.432555402253723 ], [ 77.994547500086412, 30.432557077267983 ], [ 77.994588848536949, 30.432568536632818 ], [ 77.994647411007904, 30.43258360776365 ], [ 77.994731482024363, 30.432601979498717 ], [ 77.994794260565314, 30.432613311599308 ], [ 77.994825781931269, 30.432618563429212 ], [ 77.994879790570792, 30.432625555420909 ], [ 77.994943456143687, 30.432632323481865 ], [ 77.995029905851169, 30.432638359259609 ], [ 77.995094002439473, 30.432640511278972 ], [ 77.995134304000146, 30.432641187575324 ], [ 77.995180729687974, 30.432640290015787 ], [ 77.995244810275921, 30.432637810993288 ], [ 77.995331221466472, 30.432631333768132 ], [ 77.995393495025581, 30.432624390705652 ], [ 77.995441418068012, 30.432618061429171 ], [ 77.995459959096451, 30.432615078116552 ], [ 77.995495815407978, 30.432609017062493 ], [ 77.995538217477389, 30.43260105123343 ], [ 77.99556803472916, 30.432594883179096 ], [ 77.995628596823352, 30.432580670540919 ], [ 77.995688368301245, 30.432564953404526 ], [ 77.995742130552969, 30.432549419395247 ], [ 77.99577022379998, 30.432540158610575 ], [ 77.995829841229551, 30.432519647437726 ], [ 77.995909045608784, 30.432489028884167 ], [ 77.995966484965166, 30.432464288683345 ], [ 77.99602363679368, 30.432437717033043 ], [ 77.996042472582971, 30.432428063195136 ], [ 77.996097336856451, 30.432399264971774 ], [ 77.996169562284749, 30.432357695445109 ], [ 77.996222340470666, 30.432324493201488 ], [ 77.996279913886028, 30.432285529481948 ], [ 77.996301896454682, 30.432269087121586 ], [ 77.996364368545656, 30.432221025795823 ], [ 77.996426167122578, 30.432169379794924 ], [ 77.996456601103958, 30.432141757622109 ], [ 77.996499091468777, 30.43210075524355 ], [ 77.99653952229724, 30.432059254057062 ], [ 77.996579658738966, 30.432015222776929 ], [ 77.996615177578576, 30.431973660552689 ], [ 77.996640245838577, 30.431943012639149 ], [ 77.99665903272458, 30.431918999516991 ], [ 77.996672141771938, 30.431901824884253 ], [ 77.996686713669931, 30.431882251788043 ], [ 77.996701779584313, 30.431861396101976 ], [ 77.996730864346475, 30.431819885906695 ], [ 77.99674257460714, 30.431802749217294 ], [ 77.996745662523736, 30.431798082352888 ], [ 77.996772990264333, 30.431756494166482 ], [ 77.99678116436111, 30.431743818376109 ], [ 77.996806896096075, 30.431703150198839 ], [ 77.9968091815511, 30.431699518379371 ], [ 77.996818178849125, 30.431685142399676 ], [ 77.996859062005356, 30.431619778487882 ], [ 77.996908630387296, 30.431540529094701 ], [ 77.996958739347477, 30.431460416985399 ], [ 77.997021981232265, 30.431515610362734 ], [ 77.997094049393127, 30.431580014657609 ], [ 77.997101305308462, 30.431586447568879 ], [ 77.997176455295502, 30.43165242598894 ], [ 77.997199990826715, 30.431672444702738 ], [ 77.997240513852532, 30.431705836922038 ], [ 77.9972688923432, 30.431728370684272 ], [ 77.997310365406236, 30.431760099899972 ], [ 77.997328956456172, 30.43177398854878 ], [ 77.997334010021746, 30.431777674053482 ], [ 77.99735432118392, 30.431792091804564 ], [ 77.997399297301328, 30.431823204024919 ], [ 77.997440767202434, 30.431850448423656 ], [ 77.997488897375703, 30.431880456644453 ], [ 77.997490925866686, 30.431881655846258 ], [ 77.997461242347399, 30.431893723374746 ], [ 77.997394299250814, 30.431923543148596 ], [ 77.997342339536772, 30.43194878694889 ], [ 77.99733093077289, 30.431954411927595 ], [ 77.997288983408367, 30.431976557705429 ], [ 77.997240059630983, 30.432003778497805 ], [ 77.997199247589947, 30.432027686360161 ], [ 77.99715302876136, 30.432056165149621 ], [ 77.997123849448002, 30.432074816076113 ], [ 77.997079938581052, 30.432103919866602 ], [ 77.997061658831072, 30.432116317905109 ], [ 77.997019634939335, 30.432145480698711 ], [ 77.997011901222194, 30.432150900318131 ], [ 77.996979257878166, 30.432174000920629 ], [ 77.996929794221529, 30.432209095816685 ], [ 77.996849303615534, 30.432266206270473 ], [ 77.996768812946996, 30.432323315059282 ], [ 77.996688325313556, 30.432380423404179 ], [ 77.9966078311639, 30.432437534662835 ], [ 77.996527338546343, 30.432494645834627 ], [ 77.996446849385052, 30.432551753554069 ], [ 77.9963755332342, 30.432602423947817 ], [ 77.996366320885272, 30.432608883366594 ], [ 77.996362785032247, 30.432611326783618 ], [ 77.996313366285818, 30.432645219226249 ], [ 77.996259870128981, 30.432679631344737 ], [ 77.996205498856341, 30.432712266393889 ], [ 77.996148510677003, 30.432744128438802 ], [ 77.996096683837479, 30.432771239749332 ], [ 77.996087497381083, 30.432775900127371 ], [ 77.995997719693577, 30.432821443343148 ], [ 77.995907939363207, 30.432866988406868 ], [ 77.995836536539286, 30.432903210619475 ], [ 77.995830927900755, 30.43290603575711 ], [ 77.995766381015585, 30.43293710839988 ], [ 77.995707540281515, 30.432963284775969 ], [ 77.99564774188417, 30.432987775297047 ], [ 77.995587048702134, 30.433010553923321 ], [ 77.995525523034374, 30.433031597639424 ], [ 77.995463237821653, 30.433050881433896 ], [ 77.995400262084317, 30.433068383694515 ], [ 77.995336648153668, 30.433084089769888 ], [ 77.995272477442782, 30.433097980467902 ], [ 77.99520781793197, 30.433110039730469 ], [ 77.995141292091844, 30.43312048318084 ], [ 77.995095022589837, 30.433126683420806 ], [ 77.99508099260467, 30.433128316160438 ], [ 77.995075482525337, 30.433128879804503 ], [ 77.995011590249518, 30.433135117266072 ], [ 77.994936605864595, 30.43314036800707 ], [ 77.994846794918715, 30.43314505594795 ], [ 77.994786590439972, 30.433148198497104 ], [ 77.994740261762544, 30.433150670690576 ], [ 77.994719894244213, 30.433151931593603 ], [ 77.994613573212945, 30.433159422525922 ], [ 77.994585893034085, 30.433161695569897 ], [ 77.994575020132388, 30.433162715560744 ], [ 77.994540694774372, 30.433166436615675 ], [ 77.994439615676924, 30.433178875503994 ], [ 77.994405217889195, 30.433183618518687 ], [ 77.99437373285879, 30.43318886365812 ], [ 77.994264569799753, 30.433208564483447 ], [ 77.994197142978649, 30.433222780367384 ], [ 77.994089602857841, 30.433248772140384 ], [ 77.994023433314212, 30.433266844738913 ], [ 77.993918410112698, 30.433298900464987 ], [ 77.993908218713514, 30.433302062841836 ], [ 77.993858717602919, 30.433318928175321 ], [ 77.993772748201195, 30.433350438912274 ], [ 77.993740998905736, 30.433362620958402 ], [ 77.993722655026247, 30.433369978897904 ], [ 77.993686638898751, 30.433385161093138 ], [ 77.993588638492554, 30.433428511743141 ], [ 77.993541450827408, 30.433450733106735 ], [ 77.99352792738388, 30.43345761698296 ], [ 77.993432091870488, 30.433507245596889 ], [ 77.993373746881915, 30.433539794296802 ], [ 77.993281940243889, 30.433594844886489 ], [ 77.993226240036421, 30.433630680674337 ], [ 77.993138869267497, 30.433690907247044 ], [ 77.993117797418691, 30.433705826312138 ], [ 77.993086036601966, 30.433729886586622 ], [ 77.993003488697809, 30.433795024150054 ], [ 77.992953769474582, 30.433836967347769 ], [ 77.992876413433535, 30.43390672490963 ], [ 77.992830027477126, 30.433951446965377 ], [ 77.992757984535913, 30.434025744390834 ], [ 77.992715370342495, 30.434072805978172 ], [ 77.992649402032399, 30.43415085556008 ], [ 77.992610294046571, 30.434200516481678 ], [ 77.992550630610069, 30.434281984085896 ], [ 77.992528051293689, 30.434314290761808 ], [ 77.992518006381232, 30.434329714341555 ], [ 77.992472929922755, 30.43440054303149 ], [ 77.992456682233694, 30.434427110729043 ], [ 77.992448336134061, 30.434441325670445 ], [ 77.992445118409847, 30.434446852892325 ], [ 77.992441884369782, 30.434452455869785 ], [ 77.992429800368257, 30.434474108205887 ], [ 77.992386814768636, 30.434553824899933 ], [ 77.992377018938896, 30.434572544404812 ], [ 77.992353297223815, 30.434619284605322 ], [ 77.992339695583823, 30.434646125514195 ], [ 77.99232182783139, 30.43467772351077 ], [ 77.992291892122182, 30.434695028790113 ], [ 77.992264197823246, 30.434710703118082 ], [ 77.992258859772704, 30.434713744618822 ], [ 77.992201628019501, 30.434746572370717 ], [ 77.992170650714698, 30.434765046558763 ], [ 77.992123819886061, 30.434794069344893 ], [ 77.992073250282445, 30.434827478334601 ], [ 77.99202625139695, 30.43486054310188 ], [ 77.992013263472074, 30.434869832435272 ], [ 77.991957781620613, 30.434913206566936 ], [ 77.991912110638765, 30.434951575317246 ], [ 77.991874691538058, 30.434984668736096 ], [ 77.991839282689057, 30.435019383336179 ], [ 77.991831217451335, 30.435027815480939 ], [ 77.991789757332256, 30.435071701228953 ], [ 77.991751577978178, 30.435114689030716 ], [ 77.991716449556051, 30.435159587667879 ], [ 77.991689193356976, 30.435196785487104 ], [ 77.991666485877531, 30.435229266824901 ], [ 77.991634361711803, 30.435281345468876 ], [ 77.991614399458967, 30.435316423328249 ], [ 77.991592004105485, 30.435358463667992 ], [ 77.99157212783561, 30.43540144443325 ], [ 77.991556469521854, 30.435437994317969 ], [ 77.99155417696052, 30.435443398448978 ], [ 77.991537805144787, 30.435485584869202 ], [ 77.99152385469209, 30.435528419703015 ], [ 77.991512249313914, 30.43556774061452 ], [ 77.991495605491068, 30.435634597356707 ], [ 77.991490390076834, 30.435662836534281 ], [ 77.991483702661938, 30.435703129482281 ], [ 77.991477228270071, 30.43575129488568 ], [ 77.991473750237461, 30.435799692171326 ], [ 77.991472091806017, 30.435840374158349 ], [ 77.991471442936088, 30.435872209848878 ], [ 77.991474154440169, 30.43593728178001 ], [ 77.991477543012437, 30.435977883806462 ], [ 77.991482741990225, 30.436023811949173 ], [ 77.991490644942289, 30.436069449584888 ], [ 77.991491602577682, 30.436074085099083 ], [ 77.991500001172923, 30.436114136163948 ], [ 77.991511481163045, 30.436161592314246 ], [ 77.991525887404933, 30.436208445381983 ], [ 77.991539198041963, 30.436247485482379 ], [ 77.991559317406455, 30.436300419194193 ], [ 77.991576621309832, 30.436338857174992 ], [ 77.991594690005343, 30.436376432305909 ], [ 77.991617589429211, 30.436420666039741 ], [ 77.991643198405669, 30.436463769819664 ], [ 77.991665816173764, 30.436499448975471 ], [ 77.991676690039839, 30.436516177890613 ], [ 77.991724885308059, 30.436581804468208 ], [ 77.991751792159391, 30.43661517364141 ], [ 77.99180767619066, 30.43667834769602 ], [ 77.991820693078139, 30.436691530403923 ], [ 77.991851577019403, 30.43672220558685 ], [ 77.991889492121928, 30.436757881129726 ], [ 77.991929565261231, 30.436791739337163 ], [ 77.991964070295438, 30.436819364521082 ], [ 77.992001374967316, 30.436847830998079 ], [ 77.992050200314466, 30.43688122933764 ], [ 77.992087927439712, 30.436905486514174 ], [ 77.992133755620074, 30.4369333288499 ], [ 77.992154113733847, 30.436944332426261 ], [ 77.992159266751415, 30.436947737933604 ], [ 77.992231056340088, 30.436996123512881 ], [ 77.992307649774432, 30.43703840548174 ], [ 77.992388204654887, 30.437074742095103 ], [ 77.992472107899061, 30.437104856802986 ], [ 77.992541796456564, 30.437124457967588 ], [ 77.992612903548519, 30.437139763143559 ], [ 77.992662153971992, 30.43714878222362 ], [ 77.992696634565306, 30.437154571811273 ], [ 77.99277272467036, 30.437163703867274 ], [ 77.992822807124284, 30.437168089906894 ], [ 77.992875080113237, 30.437171518213066 ], [ 77.992927486000156, 30.437172661948484 ], [ 77.992934574017269, 30.437172641038988 ], [ 77.992984911480349, 30.437172344036387 ], [ 77.99304083779495, 30.437170710803994 ], [ 77.993096582026226, 30.437166475924879 ], [ 77.993146591477569, 30.437161499880059 ], [ 77.993208601433309, 30.437153684811289 ], [ 77.993256900771883, 30.437145279535702 ], [ 77.993306005190377, 30.437135681450709 ], [ 77.993360247528457, 30.437123742799574 ], [ 77.993413671030709, 30.437109295496132 ], [ 77.993459310381851, 30.437095776380172 ], [ 77.993478621046734, 30.437089871804854 ], [ 77.993535667904638, 30.437070210694603 ], [ 77.993561690083538, 30.437060462613506 ], [ 77.993604214084399, 30.437043539985229 ], [ 77.993645817451366, 30.437024978540936 ], [ 77.99369769374681, 30.437000540346357 ], [ 77.993720976964468, 30.43698923448753 ], [ 77.993761672278438, 30.436967784949385 ], [ 77.993801192616019, 30.436944744781922 ], [ 77.993849357797373, 30.436915255563566 ], [ 77.993917784181221, 30.43686955799588 ], [ 77.993922373827743, 30.436866201290389 ], [ 77.993957361896364, 30.436840462112489 ], [ 77.994007689674405, 30.436800918308879 ], [ 77.994038808687193, 30.436774814139032 ], [ 77.994077671268428, 30.436740427131834 ], [ 77.994105956240134, 30.436714025968978 ], [ 77.994134569756127, 30.436686185821724 ], [ 77.994160441698767, 30.43665994066723 ], [ 77.994166357610609, 30.436653885698259 ], [ 77.994180010747371, 30.436639486887582 ], [ 77.994203888672246, 30.436613767741481 ], [ 77.994215165435236, 30.436601401764083 ], [ 77.994237458352089, 30.436576511625777 ], [ 77.994241027042847, 30.436572504000079 ], [ 77.994251194783459, 30.436561019109707 ], [ 77.994304882712939, 30.436500321671343 ], [ 77.994368168812855, 30.436428773012967 ], [ 77.994431453983196, 30.436357225275099 ], [ 77.994494739874398, 30.436285676852624 ], [ 77.994558028460148, 30.436214125384051 ], [ 77.994621316046164, 30.436142573914946 ], [ 77.994684601473196, 30.436071024886733 ], [ 77.99474788497092, 30.435999479170537 ], [ 77.994811172556936, 30.435927927701432 ], [ 77.994874457727107, 30.435856378963653 ], [ 77.994937742897278, 30.435784830226051 ], [ 77.995001028067449, 30.435713281488272 ], [ 77.995064315653465, 30.435641730019167 ], [ 77.995127596303519, 30.435570185261493 ], [ 77.995152321325193, 30.435542231871668 ], [ 77.995179318331608, 30.435512067766854 ], [ 77.995222209211079, 30.435507876094068 ], [ 77.995274652130234, 30.435502884053509 ], [ 77.995378070686627, 30.435493039334514 ], [ 77.99548148166383, 30.435483194336808 ], [ 77.995584892640849, 30.435473350339368 ], [ 77.995688304161092, 30.435463505290148 ], [ 77.995791714138207, 30.435453661292531 ], [ 77.995895127649206, 30.435443816053773 ], [ 77.995971513376105, 30.435436544270242 ], [ 77.995976017100602, 30.435436106923017 ], [ 77.996005153363257, 30.435433221896933 ], [ 77.99602654111402, 30.435430909505232 ], [ 77.99613349307171, 30.435418370392551 ], [ 77.996167243302409, 30.435413924013996 ], [ 77.996204338984668, 30.43540849620344 ], [ 77.996204089153579, 30.435412772738477 ], [ 77.99620242455552, 30.435469146725556 ], [ 77.996202083972321, 30.435492210848967 ], [ 77.996203597956452, 30.435540850883367 ], [ 77.996205816579959, 30.435576457900613 ], [ 77.996211504553969, 30.435633749017708 ], [ 77.996216903142567, 30.435673311059883 ], [ 77.996225514555661, 30.435724017593255 ], [ 77.99622688372159, 30.43573060344281 ], [ 77.9962352743227, 30.43577012250763 ], [ 77.99625074028792, 30.435831045445969 ], [ 77.996266179786844, 30.435883198563527 ], [ 77.99628670462414, 30.435943667105523 ], [ 77.996306039172325, 30.43599405424958 ], [ 77.996315642225781, 30.436017955207593 ], [ 77.996326500030932, 30.436042671835271 ], [ 77.996348465633062, 30.436090550995463 ], [ 77.996366697111085, 30.436127830883795 ], [ 77.996390372759549, 30.436173370053385 ], [ 77.996393511369803, 30.436179155182383 ], [ 77.996356953834137, 30.436177021448305 ], [ 77.996286992000122, 30.43617498203842 ], [ 77.996275220173061, 30.436175039714062 ], [ 77.996224909636169, 30.436175532709573 ], [ 77.996173525431189, 30.436177136592288 ], [ 77.996122295297269, 30.436180937033139 ], [ 77.99604508699494, 30.436188332966427 ], [ 77.995978704332373, 30.436196574929095 ], [ 77.995934087024665, 30.436204266518505 ], [ 77.995877890504687, 30.436215065422854 ], [ 77.995827332838189, 30.436225937501735 ], [ 77.995816900923842, 30.436228422480003 ], [ 77.995763025263813, 30.436242624951024 ], [ 77.995704575717099, 30.436259542805519 ], [ 77.995678349941244, 30.436267472227261 ], [ 77.995607647439613, 30.436292349540803 ], [ 77.995548824833804, 30.436315257351385 ], [ 77.995501899865886, 30.4363347677962 ], [ 77.995456158921172, 30.436356286151121 ], [ 77.995399725232872, 30.436384440195194 ], [ 77.995355303757307, 30.436407933064533 ], [ 77.995312803836924, 30.436433002461936 ], [ 77.995260405027182, 30.436465580221981 ], [ 77.995198138291244, 30.436507476608785 ], [ 77.995179001437009, 30.436521736735731 ], [ 77.99513061851161, 30.436558683484503 ], [ 77.995092437328594, 30.436589343033713 ], [ 77.995056072615213, 30.436621618102553 ], [ 77.995012188571266, 30.436662566849879 ], [ 77.994977559042511, 30.436696554485163 ], [ 77.994945292155208, 30.436731608617738 ], [ 77.994906518995421, 30.436775948375026 ], [ 77.994877489639435, 30.436810843736648 ], [ 77.994850413181553, 30.436846898625145 ], [ 77.994819297937312, 30.436890575417106 ], [ 77.994803588385963, 30.436913370941152 ], [ 77.994770273907847, 30.436967547039959 ], [ 77.994740107521125, 30.437020902827125 ], [ 77.99472029708997, 30.437058051835439 ], [ 77.994702451535247, 30.437095941182211 ], [ 77.994680231107964, 30.437146359019227 ], [ 77.994674511830112, 30.437159648529875 ], [ 77.994655479532241, 30.43720941152591 ], [ 77.994638139067533, 30.437259589395413 ], [ 77.994621708789069, 30.437313047007084 ], [ 77.994608305303103, 30.437362736904614 ], [ 77.9945979457394, 30.437405869351029 ], [ 77.994587638245704, 30.437454739271406 ], [ 77.994586493393314, 30.437460264400382 ], [ 77.994581515918696, 30.43748707746504 ], [ 77.99457348842661, 30.437534901402561 ], [ 77.994570206221525, 30.437556239863692 ], [ 77.99456368673701, 30.437602866812927 ], [ 77.994562352197249, 30.437612879543661 ], [ 77.994557014116864, 30.43765499905918 ], [ 77.994550797916517, 30.437704820884068 ], [ 77.994539617398488, 30.437794442451125 ], [ 77.994528435440913, 30.437884068541496 ], [ 77.994523006119564, 30.43792758926914 ], [ 77.994521609135347, 30.437930511566211 ], [ 77.994494299128107, 30.43800556205861 ], [ 77.994474641884992, 30.438082389415175 ], [ 77.994464857846168, 30.438142062455729 ], [ 77.994463864409539, 30.438150023297847 ], [ 77.99445268043722, 30.438239665535658 ], [ 77.994442783452655, 30.43831900169037 ], [ 77.994441290853899, 30.438331021435392 ], [ 77.994439449128365, 30.438347227276861 ], [ 77.994434183592446, 30.43839828123561 ], [ 77.994430178717082, 30.438464458682777 ], [ 77.994429154114641, 30.438521186674681 ], [ 77.994429026647893, 30.438535293848421 ], [ 77.994432654818894, 30.438610546723819 ], [ 77.994436497400613, 30.438650322753933 ], [ 77.994441521543322, 30.438691135278493 ], [ 77.994448683092187, 30.438731707520414 ], [ 77.994450138490649, 30.438738698784871 ], [ 77.994458782080855, 30.438779303851735 ], [ 77.994471883133187, 30.438831976695067 ], [ 77.994488590350485, 30.438883877773524 ], [ 77.994502655992108, 30.438923015878903 ], [ 77.994518356825452, 30.438963329067779 ], [ 77.994536318899776, 30.43900313157982 ], [ 77.994547118719126, 30.439025486657965 ], [ 77.994570058278356, 30.439069608641542 ], [ 77.994595695643824, 30.439112601158467 ], [ 77.994622454371324, 30.439154667342603 ], [ 77.994632603623614, 30.439170254706713 ], [ 77.994670892615673, 30.439223371691124 ], [ 77.994713342852066, 30.439274058625241 ], [ 77.994749918718853, 30.439314685851802 ], [ 77.994773261533993, 30.439339682459075 ], [ 77.994815922932318, 30.439381080561976 ], [ 77.994861441815388, 30.439420126985492 ], [ 77.994904968854598, 30.439455234218347 ], [ 77.994945101953405, 30.439485972718447 ], [ 77.994988817642778, 30.439516063876102 ], [ 77.995034332285144, 30.439544081019729 ], [ 77.99508371649263, 30.4395727852358 ], [ 77.9951431321428, 30.439604864174061 ], [ 77.995184901013474, 30.439624670389041 ], [ 77.995227671415449, 30.439642800972297 ], [ 77.995281671770755, 30.439664380150031 ], [ 77.995361594495904, 30.43969289446645 ], [ 77.995436571489222, 30.439713793182985 ], [ 77.995493828956612, 30.439727705304396 ], [ 77.995543698471181, 30.439738678097381 ], [ 77.995594132782301, 30.439747502457823 ], [ 77.995655805899403, 30.439755283796242 ], [ 77.99571488243258, 30.439761178849398 ], [ 77.995774334722256, 30.439765619687318 ], [ 77.99583398300021, 30.439767101589563 ], [ 77.995879845691462, 30.439766225806029 ], [ 77.995939254236745, 30.439763955785413 ], [ 77.996006951260725, 30.43975944867606 ], [ 77.996074165224726, 30.439751127457502 ], [ 77.996103067580606, 30.439746345720895 ], [ 77.996161315083611, 30.439735967628732 ], [ 77.996235262471913, 30.439720330558249 ], [ 77.996307693530397, 30.439700053465533 ], [ 77.996319858816065, 30.439696142250714 ], [ 77.996375480226476, 30.439677917095995 ], [ 77.996451526858394, 30.439649963152657 ], [ 77.996524776081614, 30.439616872638151 ], [ 77.996576374358554, 30.439591257436636 ], [ 77.996579374777141, 30.439589762176009 ], [ 77.996647782784933, 30.439552397319023 ], [ 77.996712637229408, 30.43951054432684 ], [ 77.996758470343963, 30.439478495100811 ], [ 77.996773853920857, 30.439467525720207 ], [ 77.996825109737699, 30.439427682952012 ], [ 77.996873213590149, 30.439384991298244 ], [ 77.996893441438701, 30.439364991951532 ], [ 77.996935212366751, 30.439447260661598 ], [ 77.996977187432492, 30.439529745396907 ], [ 77.997019163438267, 30.439612230979005 ], [ 77.997061137563961, 30.439694712866991 ], [ 77.997103112629688, 30.439777197601945 ], [ 77.997145628617403, 30.439860744326328 ], [ 77.997153091704433, 30.439875117686963 ], [ 77.997197588067479, 30.439958862004577 ], [ 77.997212266359654, 30.439985343345608 ], [ 77.997261109757602, 30.440069905688869 ], [ 77.99727688091923, 30.44009612734909 ], [ 77.997328905370992, 30.44017927070831 ], [ 77.997342518146255, 30.440200347635358 ], [ 77.997345658996323, 30.440205028950604 ], [ 77.997400800504394, 30.440286650324442 ], [ 77.997418525691756, 30.440311927533035 ], [ 77.997476726258256, 30.440391938919884 ], [ 77.997495399665254, 30.440416700653881 ], [ 77.997556596292043, 30.440495015051869 ], [ 77.997576188239307, 30.440519222890448 ], [ 77.997640258928328, 30.440595691297698 ], [ 77.997659982211601, 30.440618466079403 ], [ 77.997721214982462, 30.44068689545961 ], [ 77.997730997390946, 30.44069765779712 ], [ 77.997736577663005, 30.440703702062475 ], [ 77.997801561941586, 30.440774091491871 ], [ 77.997866551002659, 30.440844485018257 ], [ 77.99793153661723, 30.440914876894585 ], [ 77.997996530495428, 30.440985276721708 ], [ 77.998061523120754, 30.44105567410865 ], [ 77.998126510865006, 30.441126066208799 ], [ 77.998191500049529, 30.441196460951989 ], [ 77.99825649267467, 30.441266858338754 ], [ 77.998321482859282, 30.441337253082121 ], [ 77.998386473043723, 30.441407647825311 ], [ 77.99845146322869, 30.441478042569035 ], [ 77.998516453413302, 30.441548437312402 ], [ 77.998519000134536, 30.441551195817826 ], [ 77.998442750415634, 30.441565694063986 ], [ 77.998393116826847, 30.441577019964736 ], [ 77.99834732598994, 30.441588446132837 ], [ 77.998302186559968, 30.441601675920769 ], [ 77.998261642925215, 30.441615299365186 ], [ 77.998214188260476, 30.441632241223058 ], [ 77.998151214554937, 30.441656872134413 ], [ 77.998090011115821, 30.441685195226906 ], [ 77.998045321374846, 30.441707580186215 ], [ 77.997986435088606, 30.441739390911113 ], [ 77.997930125408487, 30.441774530066343 ], [ 77.997889500528132, 30.441801707871416 ], [ 77.997856552981929, 30.441824690171924 ], [ 77.997820317432087, 30.44185229970596 ], [ 77.997785597317304, 30.441881334424767 ], [ 77.997749502312089, 30.441912951223191 ], [ 77.997692139147205, 30.441967488953434 ], [ 77.997658745844859, 30.442003831531093 ], [ 77.997627821715469, 30.442039325337209 ], [ 77.997590833047695, 30.442084611528539 ], [ 77.997557127374961, 30.442131782301605 ], [ 77.997551813132404, 30.442139853236814 ], [ 77.997526608887668, 30.442178594064249 ], [ 77.997494566144269, 30.442231926923622 ], [ 77.997466695150578, 30.44228699089798 ], [ 77.997447658808127, 30.442328290759111 ], [ 77.997436192971492, 30.442354326774943 ], [ 77.997419246774513, 30.442398125661772 ], [ 77.997404910632994, 30.442442618809959 ], [ 77.997392379216734, 30.442485745714496 ], [ 77.997376692149089, 30.442549331521693 ], [ 77.997367548637357, 30.442603999132221 ], [ 77.997361746176807, 30.442648185087027 ], [ 77.997356742057022, 30.442699088054379 ], [ 77.997355071868412, 30.44275015484784 ], [ 77.997355280509154, 30.442768221522929 ], [ 77.997356308037084, 30.44281268453096 ], [ 77.99736000882254, 30.442872725740653 ], [ 77.997368317814619, 30.442932419945787 ], [ 77.997376158364162, 30.442976370006622 ], [ 77.997379754483475, 30.442995205417365 ], [ 77.99739150027483, 30.443044757217184 ], [ 77.997406433511344, 30.443093660587959 ], [ 77.997420948114382, 30.443136317697448 ], [ 77.997441235630049, 30.443189740867158 ], [ 77.997468950651793, 30.443249078653576 ], [ 77.997489881336534, 30.443289684803663 ], [ 77.997513126904494, 30.443331817530481 ], [ 77.997538857954851, 30.443372851415571 ], [ 77.997554751276354, 30.443395904112567 ], [ 77.997581726064979, 30.443433739292889 ], [ 77.997620143593863, 30.443483811174108 ], [ 77.997662325732009, 30.443531554263945 ], [ 77.997694018641809, 30.443565050456609 ], [ 77.997701612079339, 30.443572983082188 ], [ 77.99773625279559, 30.443606979760371 ], [ 77.997772821773481, 30.443639424964761 ], [ 77.99779878078246, 30.443661327106906 ], [ 77.997855890132428, 30.443706068270924 ], [ 77.997869306126958, 30.443715657961032 ], [ 77.99789674419425, 30.443734939096831 ], [ 77.997936918166133, 30.443761790619615 ], [ 77.997978554351292, 30.443786914312785 ], [ 77.998012274497256, 30.443806221458889 ], [ 77.998065700671503, 30.443834843667137 ], [ 77.998096716210085, 30.443849754572714 ], [ 77.998131807414339, 30.443865953702396 ], [ 77.998213458422427, 30.443899783879633 ], [ 77.998254645708002, 30.443914980006479 ], [ 77.998306448088883, 30.443932689915219 ], [ 77.998327219812239, 30.443939025797615 ], [ 77.99836756112316, 30.443950916899762 ], [ 77.9984196693337, 30.443964967344659 ], [ 77.998457836644789, 30.443974315426257 ], [ 77.998485378916541, 30.443980709591099 ], [ 77.998510515126455, 30.443986226639606 ], [ 77.998520909592898, 30.443988458849223 ], [ 77.998544053588247, 30.443993319679894 ], [ 77.998583540636716, 30.444001641324778 ], [ 77.998623839068159, 30.444009929838476 ], [ 77.998629505161347, 30.444012135111596 ], [ 77.998642820026831, 30.44402152080453 ], [ 77.998674058429444, 30.444040328962938 ], [ 77.998690457439778, 30.444050325414249 ], [ 77.998724409363362, 30.444071040231133 ], [ 77.998729652936575, 30.444074218607096 ], [ 77.998763126067516, 30.444094375757178 ], [ 77.998782535503878, 30.444105785118101 ], [ 77.998872162890279, 30.444157202506847 ], [ 77.998900923347946, 30.444173120507099 ], [ 77.998992387792853, 30.444221932883995 ], [ 77.999011509677544, 30.444231894457783 ], [ 77.999040416827995, 30.444246590572686 ], [ 77.99904491159505, 30.444248862602894 ], [ 77.999107624062447, 30.44428038093395 ], [ 77.99919762607469, 30.444325613066301 ], [ 77.999224069247674, 30.444338902705201 ], [ 77.999196154760767, 30.444395438623548 ], [ 77.999155231824091, 30.444478320885491 ], [ 77.999114308887044, 30.444561203147433 ], [ 77.999073385950183, 30.444644085409553 ], [ 77.999032461972732, 30.444726969779143 ], [ 77.998991844919374, 30.444809233201884 ], [ 77.998988195472933, 30.444816693264674 ], [ 77.998947592853, 30.44490072683109 ], [ 77.998913625714039, 30.444894293114064 ], [ 77.998860999720335, 30.444887449768618 ], [ 77.998796994296271, 30.444880570830488 ], [ 77.998745194640861, 30.444876139730557 ], [ 77.99869320411662, 30.444873957366934 ], [ 77.998628725709821, 30.444872649378727 ], [ 77.998604357000104, 30.444872402241661 ], [ 77.99852471141682, 30.44487504570613 ], [ 77.998460405003826, 30.44487932066767 ], [ 77.998409679312445, 30.444883777690688 ], [ 77.998358211734867, 30.444890543192624 ], [ 77.998293663733264, 30.444900522184124 ], [ 77.998242676157503, 30.444909550281327 ], [ 77.998192272968851, 30.44492077470041 ], [ 77.998131452464136, 30.44493573257002 ], [ 77.998059660370259, 30.444955851356656 ], [ 77.998052648732241, 30.444958087219529 ], [ 77.998015346009723, 30.444970114117229 ], [ 77.997953903037597, 30.444991880514802 ], [ 77.9979131963116, 30.445007631384389 ], [ 77.997853108332208, 30.445032915015577 ], [ 77.997813353566514, 30.445051030870172 ], [ 77.997777423118563, 30.445068195498113 ], [ 77.997750851721918, 30.445081947605832 ], [ 77.997699213972027, 30.445109583392647 ], [ 77.997638672200424, 30.445144574854108 ], [ 77.997589981376251, 30.445174899630754 ], [ 77.997542485013142, 30.445206310030546 ], [ 77.997497094124938, 30.445238154806074 ], [ 77.997483046599129, 30.445248187534499 ], [ 77.997461412792035, 30.445264359073096 ], [ 77.997418884854596, 30.445297041851358 ], [ 77.997394019623115, 30.445316783455265 ], [ 77.997353867651057, 30.445349714238343 ], [ 77.997338951480899, 30.445362194136525 ], [ 77.997300682488472, 30.445394856925443 ], [ 77.997295326347697, 30.445399461672427 ], [ 77.997274583441111, 30.445417424340935 ], [ 77.997230998938164, 30.445455267205244 ], [ 77.99722001311045, 30.445456808196223 ], [ 77.997179225464834, 30.445460655539289 ], [ 77.997169725849517, 30.445461521187642 ], [ 77.997162491934546, 30.445462202528315 ], [ 77.997067861789574, 30.445471405445499 ], [ 77.997034916410882, 30.445475071395354 ], [ 77.996968066007454, 30.445483451320019 ], [ 77.996936354190993, 30.445487860194884 ], [ 77.99693035585814, 30.445488792273121 ], [ 77.99688579524836, 30.445495833210376 ], [ 77.996849384736947, 30.445502169727288 ], [ 77.996793960211363, 30.445512709633835 ], [ 77.996753468634509, 30.445521148673347 ], [ 77.996697491099013, 30.445533846561954 ], [ 77.996643910682295, 30.445547339852528 ], [ 77.996555093381403, 30.445571961639804 ], [ 77.996516082314486, 30.445583518846018 ], [ 77.996496682683429, 30.44558964420224 ], [ 77.996475675736846, 30.445596500272085 ], [ 77.996424635108596, 30.445613705126693 ], [ 77.996402991993378, 30.445621243562169 ], [ 77.996353144344354, 30.445639170412218 ], [ 77.996344609825655, 30.445642278315308 ], [ 77.996309500069486, 30.445655223207222 ], [ 77.996252198462827, 30.44567815170419 ], [ 77.996196605740053, 30.44570404657426 ], [ 77.996130832163416, 30.445740351576642 ], [ 77.996122294737546, 30.445744030477382 ], [ 77.996055784696694, 30.445742929560158 ], [ 77.996033331996188, 30.445742378306537 ], [ 77.996017670596729, 30.445742095937742 ], [ 77.995981526929469, 30.445741679941616 ], [ 77.995967698000172, 30.445741600361895 ], [ 77.995876960073133, 30.445745032859914 ], [ 77.995818457504839, 30.445751706031796 ], [ 77.995772955173337, 30.44575319499879 ], [ 77.995726093607146, 30.445755646187376 ], [ 77.995698141861695, 30.445757657169157 ], [ 77.995660200737674, 30.445760994083901 ], [ 77.995604526239418, 30.445766785031712 ], [ 77.995553002406226, 30.445773280366115 ], [ 77.995497113898537, 30.445781567292105 ], [ 77.995491945647458, 30.445782345235148 ], [ 77.995446056871131, 30.445790280998128 ], [ 77.995390717343682, 30.445800976903445 ], [ 77.995347769372984, 30.445810259725601 ], [ 77.99530083298275, 30.445804905868332 ], [ 77.995210095000104, 30.445801473370135 ], [ 77.995119357017643, 30.445804905868332 ], [ 77.995029309586982, 30.445815177239641 ], [ 77.994940638005261, 30.445832209315125 ], [ 77.994854017099257, 30.445855872473668 ], [ 77.994770106090797, 30.445885986629104 ], [ 77.994689543580179, 30.445922322600492 ], [ 77.994643716743454, 30.445946633708285 ], [ 77.994632141937103, 30.445953509774224 ], [ 77.994557638488175, 30.445985318561828 ], [ 77.994511079309973, 30.446006478958818 ], [ 77.994450534645765, 30.446035707727201 ], [ 77.9944367269418, 30.446042493614787 ], [ 77.994408107799188, 30.446057344329756 ], [ 77.994361658022541, 30.446082332137134 ], [ 77.994321059245408, 30.446105324578152 ], [ 77.994269910450157, 30.446135788350457 ], [ 77.994227770369406, 30.446162254391904 ], [ 77.994178159520644, 30.446195082155167 ], [ 77.994140858954268, 30.446220959637547 ], [ 77.994137596170987, 30.446223341591203 ], [ 77.994089941266253, 30.446258276349401 ], [ 77.994051055812633, 30.446288259300456 ], [ 77.994005475850614, 30.446325214055801 ], [ 77.993968382117899, 30.446356831416086 ], [ 77.993924990098677, 30.446395713170968 ], [ 77.993889743298709, 30.446428919248323 ], [ 77.99384864922213, 30.4464696320054 ], [ 77.993834812385387, 30.446483626354723 ], [ 77.993815378313968, 30.446504306183595 ], [ 77.993776683180826, 30.446546747944989 ], [ 77.993745450421159, 30.446582823354138 ], [ 77.99370925223306, 30.446626887122417 ], [ 77.993680141619762, 30.446664266922117 ], [ 77.993646530378157, 30.44670984269958 ], [ 77.993622214926106, 30.446744507620114 ], [ 77.993619607596642, 30.446748443145619 ], [ 77.993588667304181, 30.446795417934478 ], [ 77.993564009968267, 30.446835127522451 ], [ 77.993535817628072, 30.446883383324828 ], [ 77.993513478881226, 30.446924115819893 ], [ 77.993488140496851, 30.446973463637992 ], [ 77.993468486986387, 30.447014423099059 ], [ 77.993446659574872, 30.447063267939054 ], [ 77.993439218778619, 30.44708043499794 ], [ 77.99342962327556, 30.44710431201759 ], [ 77.993411313847631, 30.447152014881116 ], [ 77.993403141791362, 30.447174263686581 ], [ 77.99340063272534, 30.44718141366781 ], [ 77.993393638452972, 30.447202241535063 ], [ 77.993386365381767, 30.44722491231374 ], [ 77.993359531143994, 30.447250284422775 ], [ 77.99330423937657, 30.447312715215222 ], [ 77.993255438085384, 30.447379083663915 ], [ 77.993213498685876, 30.447448884672088 ], [ 77.993178740373025, 30.447521587018631 ], [ 77.993154499769545, 30.447586921552858 ], [ 77.993136062211576, 30.447653663703864 ], [ 77.993016509678725, 30.448172966777829 ], [ 77.993010064513257, 30.448200501683562 ], [ 77.992991125486554, 30.448223848567277 ], [ 77.9929632656292, 30.448258112171498 ], [ 77.992950660788466, 30.448273971153714 ], [ 77.992885795385646, 30.448357476730745 ], [ 77.99286052539243, 30.448391643233794 ], [ 77.992825370107354, 30.448441614997943 ], [ 77.992812736135974, 30.448460063738612 ], [ 77.99280152717634, 30.448477318823439 ], [ 77.992767854829651, 30.448530511591496 ], [ 77.992740571695862, 30.448576716047047 ], [ 77.992708720265213, 30.448634713821097 ], [ 77.992679989668289, 30.448692072711712 ], [ 77.992651051135468, 30.448755809500181 ], [ 77.992641574829861, 30.448777495077959 ], [ 77.992621723483339, 30.448829633109273 ], [ 77.992596173789252, 30.448904302916677 ], [ 77.992583651269868, 30.448944240474294 ], [ 77.992573256224873, 30.448984633636176 ], [ 77.992558272571799, 30.44904986852087 ], [ 77.992554068914458, 30.449069277677285 ], [ 77.992544296399217, 30.449128849544369 ], [ 77.992535250643073, 30.44920125247371 ], [ 77.992531118440937, 30.449243652861266 ], [ 77.992529298749517, 30.449286174909016 ], [ 77.992528154968099, 30.449359731900092 ], [ 77.9925280604986, 30.449371874846829 ], [ 77.992531461397718, 30.449444732762085 ], [ 77.992538318625918, 30.449518055815847 ], [ 77.992543393493733, 30.449560071505797 ], [ 77.992550795049553, 30.449602137884266 ], [ 77.99256565702467, 30.44967487762543 ], [ 77.992575353707764, 30.449716581175554 ], [ 77.992587309084016, 30.449757842247447 ], [ 77.992609918412995, 30.449828748418692 ], [ 77.99263511264796, 30.449897056548867 ], [ 77.99264049476281, 30.449909579027743 ], [ 77.992670713179024, 30.449978326249703 ], [ 77.992689269983472, 30.4500177231502 ], [ 77.992709950599618, 30.450056318017236 ], [ 77.99274751012365, 30.450122292281865 ], [ 77.992779587356779, 30.450174281944218 ], [ 77.992795042776834, 30.450196718353393 ], [ 77.992839608425783, 30.450259334651495 ], [ 77.992866359531831, 30.450295009494308 ], [ 77.992895022359676, 30.450329551880859 ], [ 77.992946197145855, 30.45038825220173 ], [ 77.99297942130049, 30.45042439847224 ], [ 77.99300900681088, 30.450453642411244 ], [ 77.993066336741904, 30.450507904743649 ], [ 77.993100340960723, 30.450538603257424 ], [ 77.993135978233767, 30.450567878370958 ], [ 77.993198954312163, 30.450617220702956 ], [ 77.993228054770029, 30.450639185535575 ], [ 77.993274795746629, 30.450671235881952 ], [ 77.993342855969516, 30.450715219201872 ], [ 77.993382902163248, 30.450739846824479 ], [ 77.993424244247677, 30.450762810978258 ], [ 77.993496783607085, 30.45080104327452 ], [ 77.99351731659786, 30.450811587830859 ], [ 77.993582969029617, 30.450841773888069 ], [ 77.993659343513059, 30.450873917150343 ], [ 77.993704012786324, 30.450891601125161 ], [ 77.993749594921184, 30.450907440392303 ], [ 77.993829124511393, 30.45093320661115 ], [ 77.99383770063254, 30.450935948004574 ], [ 77.993922606718613, 30.450959211089543 ], [ 77.99400458439446, 30.450978372257307 ], [ 77.994094979025618, 30.450995804925238 ], [ 77.994100486132382, 30.450996633033842 ], [ 77.99418418286993, 30.451009018144735 ], [ 77.994232763845616, 30.451015189340733 ], [ 77.994281626625209, 30.451019369285302 ], [ 77.994366297398358, 30.451024869335139 ], [ 77.994444140000056, 30.45102739403168 ], [ 77.994464449432243, 30.451027222397773 ], [ 77.994549342213574, 30.451025787384598 ], [ 77.994598410590314, 30.451023954097476 ], [ 77.994647324578551, 30.451020117998038 ], [ 77.994730068325694, 30.451011919924174 ], [ 77.994792569989812, 30.451004056924145 ], [ 77.99481581099289, 30.451000270174031 ], [ 77.994881346560973, 30.450988923072995 ], [ 77.994954703492525, 30.450973809360224 ], [ 77.995015437990489, 30.450959264233166 ], [ 77.995072830425471, 30.450943962937824 ], [ 77.99514830300761, 30.450921757747071 ], [ 77.995169612292429, 30.450915264007126 ], [ 77.995253527364298, 30.450885149363014 ], [ 77.995334093600292, 30.45084881282639 ], [ 77.995410697831701, 30.450806530947059 ], [ 77.995482757046474, 30.450758625522898 ], [ 77.99554972282499, 30.450705461150971 ], [ 77.995611085515918, 30.450647442452325 ], [ 77.995666378113796, 30.450585010992501 ], [ 77.995715179813374, 30.450518641920308 ], [ 77.995736892580425, 30.450482504416829 ], [ 77.995767053585141, 30.450489401103784 ], [ 77.99579076655823, 30.450494566097195 ], [ 77.995897695461295, 30.450516703292383 ], [ 77.995945908235512, 30.450525644682767 ], [ 77.996004773748865, 30.450535304768831 ], [ 77.996017739871803, 30.45053735898767 ], [ 77.996053501199214, 30.450542268309153 ], [ 77.996113816738443, 30.45054961937522 ], [ 77.996175212811551, 30.450555498944052 ], [ 77.996237900383306, 30.450559875983583 ], [ 77.996311987537851, 30.450562753160302 ], [ 77.996373278102297, 30.450563240164872 ], [ 77.996382826000058, 30.450563278095952 ], [ 77.996415105987097, 30.450562844443727 ], [ 77.996422734057191, 30.450562639441845 ], [ 77.996466433609783, 30.450560667936042 ], [ 77.996528268174629, 30.450556747900546 ], [ 77.99661379444656, 30.450548233997896 ], [ 77.996678421019993, 30.450539441919187 ], [ 77.996697708127186, 30.45053665698779 ], [ 77.996763150324625, 30.450524770559415 ], [ 77.996827146863367, 30.450511274440526 ], [ 77.996910488346771, 30.45049047758047 ], [ 77.996972990831907, 30.450472406424876 ], [ 77.996999506653452, 30.450464394065921 ], [ 77.99705405112887, 30.450445669805557 ], [ 77.997114601547068, 30.450423153617709 ], [ 77.997192810432125, 30.450390664762548 ], [ 77.997250986771249, 30.450363860547878 ], [ 77.99728271294191, 30.450348622886434 ], [ 77.997325819892637, 30.450325835058454 ], [ 77.997381218143602, 30.45029492782275 ], [ 77.99745210968868, 30.45025165507079 ], [ 77.997504346844607, 30.450216860820642 ], [ 77.997539010179921, 30.450192734582924 ], [ 77.997570856763431, 30.450168610306303 ], [ 77.997619570819865, 30.45013016804857 ], [ 77.997681205793612, 30.450077295302744 ], [ 77.997726055748998, 30.450035475044555 ], [ 77.997760901254679, 30.450001289509796 ], [ 77.997782391793805, 30.449978346852244 ], [ 77.997823069649556, 30.449933436600727 ], [ 77.997873737910609, 30.449872423723843 ], [ 77.997909958670519, 30.449824735485951 ], [ 77.997941893012978, 30.449779890971538 ], [ 77.997954568200626, 30.44976031109071 ], [ 77.997986082871506, 30.449710176873221 ], [ 77.998024369028855, 30.44964272182936 ], [ 77.99805095661965, 30.449590487637987 ], [ 77.998076691736273, 30.449535018565985 ], [ 77.998082614227386, 30.449520537781591 ], [ 77.998104091749553, 30.449466568621961 ], [ 77.998128926140978, 30.449394559032736 ], [ 77.998145282603119, 30.449338753908304 ], [ 77.998151324284763, 30.449314387004431 ], [ 77.998163777391397, 30.44932077036334 ], [ 77.998174181340573, 30.449326032718691 ], [ 77.998267026677681, 30.449372277788687 ], [ 77.998278348817522, 30.44937783580993 ], [ 77.998371011330207, 30.449422663164913 ], [ 77.998382414705702, 30.449428099041729 ], [ 77.998475717239046, 30.449471919391211 ], [ 77.998487188856657, 30.449477227083985 ], [ 77.998581116410392, 30.449520034427611 ], [ 77.998592683034317, 30.449525226113092 ], [ 77.998687220607991, 30.449567011450771 ], [ 77.998698839180761, 30.449572067856199 ], [ 77.998793752772599, 30.449612733186857 ], [ 77.998802479197508, 30.449616366926033 ], [ 77.998785084267922, 30.449640757820138 ], [ 77.998775100873019, 30.44965608226212 ], [ 77.998744948566411, 30.449703439054741 ], [ 77.998715311693545, 30.449753634259533 ], [ 77.998688633328598, 30.449802530069956 ], [ 77.998662680262413, 30.44985421727576 ], [ 77.99863957884493, 30.449904461107078 ], [ 77.998628452321228, 30.449929758132352 ], [ 77.998617404596359, 30.449957446173546 ], [ 77.99859847614519, 30.450007503032293 ], [ 77.998585460235603, 30.450044600624491 ], [ 77.998578523033672, 30.450066016571906 ], [ 77.998570230121899, 30.450093244450347 ], [ 77.998560870804127, 30.450126040378986 ], [ 77.998550357316631, 30.4501669341637 ], [ 77.998540016864581, 30.450212070083946 ], [ 77.998535913753656, 30.450231040704931 ], [ 77.998530597209481, 30.45025988583264 ], [ 77.998523201747986, 30.45030465377506 ], [ 77.998518621072776, 30.450336382906382 ], [ 77.998516444888921, 30.450353984889365 ], [ 77.998513138657358, 30.450386156655593 ], [ 77.998508968120731, 30.450437035622766 ], [ 77.998506662245774, 30.450478933519474 ], [ 77.998505234707508, 30.450529625508214 ], [ 77.998504924959022, 30.450551618846564 ], [ 77.998504952277074, 30.450558161561379 ], [ 77.998505311820054, 30.450601161564226 ], [ 77.99850576664663, 30.450622075805587 ], [ 77.99850764407941, 30.450675504820399 ], [ 77.998507991434622, 30.450684056305963 ], [ 77.99850954645332, 30.450717780193823 ], [ 77.998512298400428, 30.450775930054217 ], [ 77.998516562426545, 30.4508660016897 ], [ 77.998520825468376, 30.450956073655053 ], [ 77.998525089606744, 30.451046147662684 ], [ 77.998529049673692, 30.45112981019523 ], [ 77.998530651976694, 30.451174846659743 ], [ 77.998500628856164, 30.451216850203853 ], [ 77.998453102551139, 30.451282231915631 ], [ 77.998444451107673, 30.45129413918902 ], [ 77.998437707971846, 30.451303547623052 ], [ 77.998380618514418, 30.451384304240445 ], [ 77.99836681703286, 30.451404407941904 ], [ 77.998354127465063, 30.451424009601222 ], [ 77.998307807981163, 30.451497696281624 ], [ 77.998286839994705, 30.45153286909331 ], [ 77.99827743187349, 30.451549538026921 ], [ 77.998263159132463, 30.451575895435976 ], [ 77.998239019772612, 30.4516224112629 ], [ 77.998218870136341, 30.451663987510056 ], [ 77.998196718724259, 30.451713098347941 ], [ 77.998188097310461, 30.451732894217418 ], [ 77.998176975658765, 30.451760777286427 ], [ 77.998154084112329, 30.451821360115492 ], [ 77.998139461284765, 30.451863511004671 ], [ 77.99812725891924, 30.451902073912205 ], [ 77.998118314851354, 30.451932392748358 ], [ 77.998105103380325, 30.451980651647279 ], [ 77.998098757264515, 30.452005373275757 ], [ 77.998087424793908, 30.452052641188541 ], [ 77.998084097965673, 30.452067110716516 ], [ 77.998071332537492, 30.45212511589904 ], [ 77.998063749684576, 30.452160165775464 ], [ 77.998053266455528, 30.452208644118404 ], [ 77.998044588868879, 30.452248771268717 ], [ 77.998033921825453, 30.452298096087436 ], [ 77.998025427288113, 30.452337375675018 ], [ 77.998006265663122, 30.452425980285778 ], [ 77.997987103705583, 30.452514585435484 ], [ 77.997967941552119, 30.452603192490511 ], [ 77.99794877959441, 30.45269179863995 ], [ 77.9979296176367, 30.452780404789568 ], [ 77.997910456552788, 30.452869006898862 ], [ 77.997899972408746, 30.452917483848072 ], [ 77.997891293098135, 30.452957618970498 ], [ 77.997872131763572, 30.453046222238509 ], [ 77.997852970188319, 30.453134826619586 ], [ 77.997847414279519, 30.453160516957087 ], [ 77.997846612147825, 30.453164269831365 ], [ 77.997832894491296, 30.453229216725273 ], [ 77.99783170830699, 30.453234936776727 ], [ 77.997829434242504, 30.453246552578914 ], [ 77.997820402751927, 30.453294585508903 ], [ 77.997815799664409, 30.453321645824847 ], [ 77.997808314155307, 30.453370807766387 ], [ 77.997804454913492, 30.453399751908936 ], [ 77.997800841582887, 30.453431315880639 ], [ 77.997797035745108, 30.4534756731187 ], [ 77.997792906980749, 30.4535478190863 ], [ 77.997791629633639, 30.453592478846101 ], [ 77.997791694099575, 30.453602524852794 ], [ 77.997792375535639, 30.453655574858072 ], [ 77.997794255594769, 30.453700640694645 ], [ 77.997797942043249, 30.453752824723654 ], [ 77.997802419794041, 30.453797755516252 ], [ 77.997809112251829, 30.45384971556869 ], [ 77.997816176019541, 30.453894393890355 ], [ 77.997825857492401, 30.453945998965413 ], [ 77.997828187737738, 30.453957915152206 ], [ 77.997835490623501, 30.453990318921118 ], [ 77.997848137116591, 30.45404144001834 ], [ 77.997860316816158, 30.454085292999675 ], [ 77.997875897334538, 30.454135803117897 ], [ 77.997890587765099, 30.454179062149453 ], [ 77.997909062313397, 30.454228834287687 ], [ 77.997921861053598, 30.454261196341701 ], [ 77.997926231399632, 30.454271407063214 ], [ 77.997946949994301, 30.454318931215472 ], [ 77.997958207291973, 30.454343645662139 ], [ 77.997963482201371, 30.454354744700449 ], [ 77.997973904757515, 30.454375904438589 ], [ 77.997995098432241, 30.454417455590796 ], [ 77.998010484630512, 30.454446240898445 ], [ 77.998033625327693, 30.454487610062184 ], [ 77.998049131740913, 30.454514202972813 ], [ 77.998099270179026, 30.454596771321594 ], [ 77.998104486186918, 30.454605251151055 ], [ 77.998109344271526, 30.454613048734078 ], [ 77.998154400959322, 30.454685349039909 ], [ 77.998203829641099, 30.454764666691378 ], [ 77.998230071451417, 30.454806776830576 ], [ 77.998253269853024, 30.454844001845114 ], [ 77.998302698102606, 30.454923316198776 ], [ 77.998352133746096, 30.455002645021398 ], [ 77.998401569925335, 30.45508197209946 ], [ 77.998451006159641, 30.455161300265718 ], [ 77.998473755016121, 30.455197803162424 ], [ 77.998500435018514, 30.45524061559691 ], [ 77.998527091864489, 30.455283391831198 ], [ 77.998539080054485, 30.45530294926527 ], [ 77.998570540173617, 30.455357295174554 ], [ 77.998597529832125, 30.455408000329474 ], [ 77.998624389643922, 30.455463148364945 ], [ 77.998635422033317, 30.455487487654285 ], [ 77.998643960901063, 30.455507272493474 ], [ 77.998666792818753, 30.455564328451299 ], [ 77.998687740637351, 30.45562280265278 ], [ 77.998693619822134, 30.455640620059352 ], [ 77.998710228508642, 30.455692137159271 ], [ 77.998738220682384, 30.455778962350575 ], [ 77.998758462599852, 30.45584174888317 ], [ 77.998766209370189, 30.45586577883169 ], [ 77.99879420079732, 30.455952603809475 ], [ 77.998803054422709, 30.455980066892305 ], [ 77.998817057272433, 30.456024056341722 ], [ 77.998827384393991, 30.456058944495954 ], [ 77.998829583915096, 30.456068008477164 ], [ 77.998833332110266, 30.456084086268174 ], [ 77.998835225959439, 30.456105473238768 ], [ 77.998836511504436, 30.456130366231857 ], [ 77.998835648507125, 30.456174628244401 ], [ 77.998834471468385, 30.456200558680688 ], [ 77.998834016268063, 30.456210204973164 ], [ 77.998832077176871, 30.45625028719888 ], [ 77.998827720413388, 30.456340351206332 ], [ 77.998824568884388, 30.456405485835401 ], [ 77.998823362405034, 30.456430420268941 ], [ 77.998819005295871, 30.456520492418679 ], [ 77.998814647471718, 30.456610557674733 ], [ 77.998810290609299, 30.456700624727215 ], [ 77.998807991215912, 30.456748142423127 ], [ 77.998805932656893, 30.456790692634659 ], [ 77.998801574596143, 30.456880763781999 ], [ 77.998797217647734, 30.456970831606842 ], [ 77.998793249541365, 30.457052843880259 ], [ 77.998792839492481, 30.457061343672596 ], [ 77.998792413049415, 30.457071414668899 ], [ 77.998789064059537, 30.457164655642419 ], [ 77.998788561328695, 30.457193577954786 ], [ 77.998788664813205, 30.457240390064708 ], [ 77.998789378697978, 30.457272088591534 ], [ 77.998791321216657, 30.457317448606833 ], [ 77.998792647882723, 30.457340478388648 ], [ 77.998793520755171, 30.457352533395419 ], [ 77.998795891382059, 30.457379023235607 ], [ 77.998801284850842, 30.457429611277806 ], [ 77.998807368014511, 30.45747440704206 ], [ 77.99881591548089, 30.457526162108604 ], [ 77.998821236073212, 30.457555033065251 ], [ 77.998824573865647, 30.457570629788986 ], [ 77.998836096350303, 30.457621949877964 ], [ 77.998847307093754, 30.457665979510526 ], [ 77.998861775601739, 30.457716737620952 ], [ 77.998875515726155, 30.457760237733975 ], [ 77.998892894262283, 30.457810304864861 ], [ 77.998909130688702, 30.457853164765378 ], [ 77.998929377257923, 30.457902417915381 ], [ 77.998931825614292, 30.457908309168378 ], [ 77.998948056551598, 30.457944499743714 ], [ 77.998971118158082, 30.457992813911314 ], [ 77.998992210461807, 30.45803405133066 ], [ 77.999018031109472, 30.458081306514249 ], [ 77.999041472547603, 30.458121572552042 ], [ 77.999069987239892, 30.458167650749655 ], [ 77.99908592553254, 30.458192460388442 ], [ 77.999095723511502, 30.458206853032852 ], [ 77.999126861251355, 30.458251639242615 ], [ 77.999154817732219, 30.45828966603322 ], [ 77.999188499522731, 30.458333048252992 ], [ 77.999218628555326, 30.45836983388762 ], [ 77.999254771398, 30.458411703115171 ], [ 77.999286983169924, 30.458447135663445 ], [ 77.999325497066707, 30.458487387896458 ], [ 77.999329503599412, 30.458491549753806 ], [ 77.999359695331904, 30.45852136459489 ], [ 77.999399153285253, 30.458558643823661 ], [ 77.999418114405927, 30.458576087113141 ], [ 77.999422807403562, 30.458580291139423 ], [ 77.999437458240905, 30.458593155082578 ], [ 77.99946916124361, 30.458620439258208 ], [ 77.999503656165203, 30.458648799999164 ], [ 77.999555513228202, 30.458689526273073 ], [ 77.99958555259937, 30.458712225679161 ], [ 77.999595460422555, 30.458719338061844 ], [ 77.999680614623045, 30.458779701485614 ], [ 77.999697836386261, 30.458791647856618 ], [ 77.999732982440321, 30.458815502433776 ], [ 77.99978246518765, 30.45884899655201 ], [ 77.999864465500849, 30.458904499357562 ], [ 77.999946463908387, 30.458960001196598 ], [ 78.000028465772701, 30.459015505051976 ], [ 78.000066350567565, 30.45904114737775 ], [ 78.000110459478222, 30.459071003385016 ], [ 78.000192463144657, 30.459126507783605 ], [ 78.000274460934364, 30.45918200820422 ], [ 78.000356453946566, 30.459237506391243 ], [ 78.000438466385717, 30.459293017404097 ], [ 78.000457748897489, 30.459306068082856 ], [ 78.000506887384361, 30.459339626322954 ], [ 78.00051927042864, 30.459346626188175 ], [ 78.00052175213078, 30.459348749203183 ], [ 78.000524082705979, 30.459350966029728 ], [ 78.000531787891617, 30.459358208710317 ], [ 78.000535413295594, 30.459361893822621 ], [ 78.000554979809166, 30.459388377232219 ], [ 78.000577517513847, 30.45941702894309 ], [ 78.000605842321946, 30.459453069866402 ], [ 78.000619945145743, 30.459470565989353 ], [ 78.0006841038186, 30.459548189399275 ], [ 78.000715624069016, 30.459584368462576 ], [ 78.000755174936842, 30.45962746870595 ], [ 78.000772605195493, 30.45964595565108 ], [ 78.000786953166667, 30.459660454477397 ], [ 78.000824270097723, 30.459697365697966 ], [ 78.000858363968376, 30.459729486910501 ], [ 78.000900181948751, 30.45976702114702 ], [ 78.000937257817341, 30.459798675819858 ], [ 78.000981286853232, 30.459834432056585 ], [ 78.001020141459335, 30.459864441055249 ], [ 78.001066179550364, 30.459898247289328 ], [ 78.001070146472443, 30.459901145553001 ], [ 78.001106717400958, 30.459926536931601 ], [ 78.001154647546315, 30.459958307160537 ], [ 78.001196777159365, 30.459984812499439 ], [ 78.001246481357455, 30.460014467721006 ], [ 78.001290071220723, 30.460039106573031 ], [ 78.001341423469938, 30.460066572785092 ], [ 78.001367809325217, 30.460080223719697 ], [ 78.001386396261466, 30.460089301529312 ], [ 78.001439269559029, 30.460114509729639 ], [ 78.001485475124454, 30.460135252982798 ], [ 78.001539736467251, 30.460158141169433 ], [ 78.00158710839176, 30.460176868750874 ], [ 78.001642621776583, 30.460197377922125 ], [ 78.001690996898446, 30.460214024578089 ], [ 78.001748463327758, 30.460232372734151 ], [ 78.001752418822349, 30.460233627795272 ], [ 78.001808421568086, 30.460249744373034 ], [ 78.001888363209474, 30.46027059055417 ], [ 78.001937859596381, 30.460282353188948 ], [ 78.001973300893738, 30.460289967256013 ], [ 78.002006055187422, 30.460296519720895 ], [ 78.002062029668465, 30.460306895813059 ], [ 78.002093026659395, 30.46031221698696 ], [ 78.002148296143673, 30.460320952064865 ], [ 78.0021543618072, 30.460321894654161 ], [ 78.002168337446875, 30.46032394460477 ], [ 78.002243668113735, 30.460334537699527 ], [ 78.002248052583766, 30.460335145938853 ], [ 78.002277757297122, 30.460339210489504 ], [ 78.002380526822449, 30.460353274373251 ], [ 78.002483318410668, 30.460367341139136 ], [ 78.002586107481619, 30.460381406697454 ], [ 78.002688888384156, 30.46039547200122 ], [ 78.002781362555055, 30.460408106140466 ], [ 78.002791028172339, 30.460409460695157 ], [ 78.002863354553313, 30.460419983279738 ], [ 78.002871236640473, 30.460420258011442 ], [ 78.002876866152448, 30.460421833032267 ], [ 78.002880004579211, 30.460422882219138 ], [ 78.002896138774346, 30.460428404443061 ], [ 78.002902673461264, 30.460431082009318 ], [ 78.002955852293979, 30.460453184987255 ], [ 78.002963938270852, 30.460456577110993 ], [ 78.00304165995469, 30.460489207002137 ], [ 78.003115329600362, 30.460520136329681 ], [ 78.003132421464827, 30.46052731185581 ], [ 78.003187216832529, 30.460550508250304 ], [ 78.003198378489728, 30.460555430510414 ], [ 78.003214532976727, 30.460562851394233 ], [ 78.003219929679361, 30.46056552434516 ], [ 78.003247453712021, 30.460580833884752 ], [ 78.003266333576619, 30.460592947027241 ], [ 78.003284246513715, 30.460606127146281 ], [ 78.003301100242965, 30.46062030691493 ], [ 78.003316822259904, 30.460635424012192 ], [ 78.00333135186888, 30.460651420885707 ], [ 78.003347705974505, 30.460670912428842 ], [ 78.003351780443268, 30.460677327879413 ], [ 78.003355434573251, 30.460682559166106 ], [ 78.003359805377585, 30.460689480266776 ], [ 78.003368197025679, 30.460703417475319 ], [ 78.003381502845414, 30.460730662918376 ], [ 78.003392083931814, 30.460753162899987 ], [ 78.003404658785158, 30.460779779430123 ], [ 78.00342612640128, 30.460825408317636 ], [ 78.003465403201758, 30.460908891761971 ], [ 78.003504679260786, 30.460992371504734 ], [ 78.003543954319554, 30.461075851247674 ], [ 78.003583230159379, 30.461159330524676 ], [ 78.003622505437519, 30.461242810733555 ], [ 78.003661781496547, 30.461326290476674 ], [ 78.003701056887309, 30.461409770924828 ], [ 78.003727451367681, 30.46146587111723 ], [ 78.003740334040216, 30.461493252993019 ], [ 78.003775141213538, 30.461567233906859 ], [ 78.003780025999973, 30.461577612670663 ], [ 78.003784569139881, 30.461587110344777 ], [ 78.003826468444714, 30.461673310648383 ], [ 78.00384143148672, 30.461702626825069 ], [ 78.003865971139334, 30.461748485000104 ], [ 78.003884410207206, 30.46178119621997 ], [ 78.003911461889345, 30.461826827409286 ], [ 78.00393430337148, 30.461863270253051 ], [ 78.00395869314292, 30.461900136419349 ], [ 78.003960342362888, 30.461902620131251 ], [ 78.003992081565613, 30.461947202370308 ], [ 78.004033191292436, 30.462001361640265 ], [ 78.004075118836369, 30.4620526168606 ], [ 78.004113329682411, 30.462096040099471 ], [ 78.004143768966387, 30.462129002429936 ], [ 78.004154378362415, 30.462139782594608 ], [ 78.004195255280266, 30.462180662837444 ], [ 78.004239362957421, 30.462222085397581 ], [ 78.004283106947014, 30.46226067464298 ], [ 78.00433013528432, 30.462299646567157 ], [ 78.004376576345635, 30.462335792811022 ], [ 78.004403173692182, 30.46235580029256 ], [ 78.004426313287667, 30.462372136662328 ], [ 78.004475270419874, 30.462405699901272 ], [ 78.004527535256784, 30.462439284396989 ], [ 78.004578816457752, 30.462470132626915 ], [ 78.004633394279125, 30.462500819894043 ], [ 78.004685527539323, 30.462528166106271 ], [ 78.004704225257186, 30.462537744425031 ], [ 78.004725803898637, 30.462548242792362 ], [ 78.004750936041404, 30.462560131887049 ], [ 78.004779761946622, 30.462573265594148 ], [ 78.004810825136332, 30.462586885704521 ], [ 78.004838903361062, 30.462598742112821 ], [ 78.004862248512822, 30.462608227190611 ], [ 78.004896497803344, 30.462621495856776 ], [ 78.004941025112473, 30.462637918993938 ], [ 78.004981788490568, 30.462652081775463 ], [ 78.005027195826585, 30.462666902901301 ], [ 78.00503819995842, 30.462670433478198 ], [ 78.00506400843129, 30.462678240132721 ], [ 78.005118007850442, 30.46269388826742 ], [ 78.005139318957106, 30.462699843926497 ], [ 78.005159136114443, 30.46270517897268 ], [ 78.005171859711368, 30.462708527309577 ], [ 78.005206752992351, 30.46271749938759 ], [ 78.005221173931105, 30.462721109655053 ], [ 78.005292271511905, 30.4627384288065 ], [ 78.005296337468721, 30.462739411560111 ], [ 78.005327233793153, 30.462746820845741 ], [ 78.005360120588122, 30.462754708672666 ], [ 78.005386309759672, 30.462761076121634 ], [ 78.005393282184258, 30.462767337477512 ], [ 78.005404384342569, 30.462777617898293 ], [ 78.005407525792336, 30.462780514015417 ], [ 78.00546360974883, 30.462831990336046 ], [ 78.005484621627645, 30.462850724936938 ], [ 78.005542877627846, 30.462901184260769 ], [ 78.005568143381609, 30.462922342160201 ], [ 78.00559279440256, 30.462942299292504 ], [ 78.005630442996676, 30.462971332548481 ], [ 78.005717764169546, 30.46303545799228 ], [ 78.005721772025638, 30.463038386220251 ], [ 78.005780793510581, 30.463078247462025 ], [ 78.005875470847485, 30.463137576898145 ], [ 78.005942111512553, 30.463176044808424 ], [ 78.00604177300211, 30.46322889621754 ], [ 78.00606479151844, 30.463240753340646 ], [ 78.006111629568863, 30.463262814024237 ], [ 78.006215685199635, 30.463308874396464 ], [ 78.006288335351485, 30.463338038108088 ], [ 78.006396168108608, 30.463377035434878 ], [ 78.006441180332601, 30.463392261384445 ], [ 78.006471211838246, 30.463401283054967 ], [ 78.00658218670381, 30.463432985328307 ], [ 78.006659138514067, 30.46345215993421 ], [ 78.006772596467499, 30.463476381147689 ], [ 78.006840934958277, 30.463488880222531 ], [ 78.0068510234874, 30.463490376974232 ], [ 78.006966295506174, 30.463506974122598 ], [ 78.007045737771207, 30.463515708324582 ], [ 78.007160460815953, 30.463524454403821 ], [ 78.007219389772786, 30.46352749171449 ], [ 78.007276388297086, 30.463529026728384 ], [ 78.007308744000085, 30.463529462301562 ], [ 78.007313957502433, 30.463529450995228 ], [ 78.007374361058893, 30.463529188992897 ], [ 78.007407373468951, 30.46352859226543 ], [ 78.00751195143053, 30.463525264235312 ], [ 78.007520344231466, 30.463524967775566 ], [ 78.007523766532316, 30.463524834909403 ], [ 78.007627743737117, 30.463520794241692 ], [ 78.007731711826892, 30.46351675488884 ], [ 78.007763176588895, 30.463515531665184 ], [ 78.007835663868718, 30.463512715159755 ], [ 78.007939626713267, 30.463508675010917 ], [ 78.008043584286838, 30.463504635066894 ], [ 78.008134582324743, 30.463501098969967 ], [ 78.008140692868466, 30.463500862004498 ], [ 78.008169909604689, 30.463500011991105 ], [ 78.008178257752292, 30.463503365656539 ], [ 78.008196094630392, 30.463510887133669 ], [ 78.008203423971977, 30.463513980507759 ], [ 78.008265265604763, 30.46353991718048 ], [ 78.008280877777835, 30.463546326576338 ], [ 78.008331469109663, 30.463566652743754 ], [ 78.008358373692587, 30.463577064099265 ], [ 78.008411457058912, 30.463596830264148 ], [ 78.008450782635308, 30.463610657994931 ], [ 78.008506694046091, 30.463629177151983 ], [ 78.008522435452136, 30.463634265352955 ], [ 78.008559007228683, 30.463645134637449 ], [ 78.008617957691683, 30.463661601779588 ], [ 78.008683802912159, 30.463677944438192 ], [ 78.008745892431989, 30.463691457556994 ], [ 78.008818798559176, 30.463704941193068 ], [ 78.008825634599702, 30.463705965053354 ], [ 78.008889748165359, 30.463715377137444 ], [ 78.008970194386421, 30.463724410695878 ], [ 78.009023093867839, 30.46372854373308 ], [ 78.009069814096065, 30.463731278177217 ], [ 78.009116629000189, 30.463732190273394 ], [ 78.009125922680155, 30.463732154345156 ], [ 78.009207788434324, 30.46373152133933 ], [ 78.009257770693011, 30.463730094513917 ], [ 78.009307616224632, 30.463726590475435 ], [ 78.009355138655422, 30.463722252436174 ], [ 78.009423124467418, 30.463714075893176 ], [ 78.009467747860398, 30.463707403833471 ], [ 78.00947145744469, 30.46370684319287 ], [ 78.009535115776799, 30.46369533333225 ], [ 78.009581074164302, 30.463685717247433 ], [ 78.009657011625066, 30.463667164590067 ], [ 78.009718771109874, 30.463649862440665 ], [ 78.009754498566252, 30.4636392293523 ], [ 78.009795945117332, 30.463625286231863 ], [ 78.009853322522559, 30.463604752059634 ], [ 78.009893189882632, 30.463589631909169 ], [ 78.009909377988961, 30.463583139855874 ], [ 78.009939241456394, 30.463570659520887 ], [ 78.009981126714322, 30.463552437372829 ], [ 78.010024161911062, 30.46353260899247 ], [ 78.010075920195291, 30.463507397792942 ], [ 78.010086208872764, 30.463502319309352 ], [ 78.010113119867441, 30.463488387824231 ], [ 78.010162365105899, 30.463462014620699 ], [ 78.010187796933039, 30.463447949420139 ], [ 78.010211146663011, 30.46343461932258 ], [ 78.010226254423387, 30.463431717892551 ], [ 78.010312890725245, 30.463408054382288 ], [ 78.010378124167545, 30.463385297133581 ], [ 78.010413515057223, 30.463371326120789 ], [ 78.010416800744153, 30.463370543618371 ], [ 78.010424814981249, 30.463368643006969 ], [ 78.010429461400847, 30.463368613016559 ], [ 78.010441239387262, 30.463370252042008 ], [ 78.010450973311862, 30.463371228482803 ], [ 78.010481802076285, 30.463377639288556 ], [ 78.010495324071272, 30.463380338263732 ], [ 78.010498581469633, 30.463382503520595 ], [ 78.010575195539744, 30.463424785318569 ], [ 78.010655772123187, 30.463461121785205 ], [ 78.010739697972568, 30.463491236371407 ], [ 78.010826334347982, 30.463514899881314 ], [ 78.010915021878716, 30.463531932216679 ], [ 78.010976484198039, 30.463539690981154 ], [ 78.011038371191347, 30.4635442614663 ], [ 78.011084630615557, 30.463546476486467 ], [ 78.011140814749339, 30.46354785061288 ], [ 78.011211673198403, 30.463547925956167 ], [ 78.011276086675977, 30.463546233061454 ], [ 78.011348312337702, 30.463542394026764 ], [ 78.011418518043129, 30.463536589558746 ], [ 78.011498700763497, 30.463527577477532 ], [ 78.011545540101949, 30.463521371218025 ], [ 78.01156145532434, 30.463518829579304 ], [ 78.011620560839305, 30.463508978491536 ], [ 78.01166846783839, 30.46349997591685 ], [ 78.011732193375764, 30.463486632799128 ], [ 78.011772080846342, 30.463477553110661 ], [ 78.011833242344778, 30.463462502979208 ], [ 78.011867509214298, 30.46345351656333 ], [ 78.011874057670298, 30.463451692206842 ], [ 78.011934557476351, 30.463468216887666 ], [ 78.012023244964993, 30.46348524922303 ], [ 78.012113308625345, 30.463495520753856 ], [ 78.012204063000212, 30.463498953305699 ], [ 78.012294817375064, 30.463495520753856 ], [ 78.012299528611095, 30.463494983449433 ], [ 78.013017856637489, 30.463470631239762 ], [ 78.013088158706537, 30.463466179286822 ], [ 78.013157951984184, 30.463457617226783 ], [ 78.013246639447786, 30.463440584891242 ], [ 78.01333327575729, 30.463416921381157 ], [ 78.013417201543078, 30.463386806794599 ], [ 78.013497778065243, 30.463350470327608 ], [ 78.013571863306112, 30.463309717590601 ], [ 78.013965230165908, 30.463072609872608 ], [ 78.013978500450875, 30.463072030694303 ], [ 78.013983922047373, 30.463071781792959 ], [ 78.014073492868718, 30.463067466753788 ], [ 78.014085427105954, 30.463066832262928 ], [ 78.014192993090347, 30.463060576206278 ], [ 78.014205971634098, 30.463059750763808 ], [ 78.014313596616262, 30.463052319696491 ], [ 78.014326566310032, 30.463051353474366 ], [ 78.014434075288108, 30.463042757396739 ], [ 78.014447022070243, 30.463041651506426 ], [ 78.014554399043334, 30.463031892418311 ], [ 78.014567345765428, 30.463030644760334 ], [ 78.014674573733089, 30.463019722661908 ], [ 78.014687487476408, 30.463018336360523 ], [ 78.014794549437838, 30.463006254251699 ], [ 78.014807441326454, 30.463004728356911 ], [ 78.014914320281392, 30.462991488237865 ], [ 78.014927201288756, 30.462989821263218 ], [ 78.015033880236388, 30.46297542413404 ], [ 78.015046714682256, 30.46297362085296 ], [ 78.015153178621787, 30.462958070713828 ], [ 78.015160872059496, 30.462956921295135 ], [ 78.015166014367054, 30.462956124287164 ], [ 78.015272245298306, 30.4629394211379 ], [ 78.015285026994007, 30.46293733990316 ], [ 78.015391007916179, 30.462919488744031 ], [ 78.015403774919989, 30.462917266436715 ], [ 78.015509490832628, 30.462898268267988 ], [ 78.015522216556221, 30.46289590937926 ], [ 78.015627649458622, 30.462875768200757 ], [ 78.0156403408415, 30.462873271571898 ], [ 78.015745474733322, 30.462851990383886 ], [ 78.015758131583112, 30.462849355998376 ], [ 78.015862950463614, 30.462826937800767 ], [ 78.015875574924024, 30.462824165055356 ], [ 78.015980061792433, 30.462800612848593 ], [ 78.015992628314649, 30.462797707533671 ], [ 78.016096768170854, 30.462773026317667 ], [ 78.01610930485846, 30.462769982002644 ], [ 78.016213079701757, 30.462744174777487 ], [ 78.016225561146612, 30.462740997584934 ], [ 78.016328954976288, 30.462714069350891 ], [ 78.016341398829169, 30.462710754806697 ], [ 78.016444396644957, 30.462682708563857 ], [ 78.016456797926381, 30.462679257718381 ], [ 78.01655938272765, 30.462650097466923 ], [ 78.016571718702025, 30.46264651679623 ], [ 78.016673874488433, 30.462616248536509 ], [ 78.016686165263053, 30.462612532331743 ], [ 78.016787876033888, 30.462581160063582 ], [ 78.016794739709383, 30.462579019490175 ], [ 78.016800098689842, 30.46257731536711 ], [ 78.016901349444822, 30.462544845090864 ], [ 78.016913539587577, 30.462540860510199 ], [ 78.017014313325916, 30.46250729522578 ], [ 78.017026424725614, 30.462503185805776 ], [ 78.017126550446136, 30.462468586514166 ], [ 78.017137578570853, 30.46246471222199 ], [ 78.017219598150788, 30.462435423976206 ], [ 78.01722458849332, 30.46243362884363 ], [ 78.017241879633929, 30.462427363233555 ], [ 78.017337869175577, 30.4623925820629 ], [ 78.017433872909606, 30.462357796111892 ], [ 78.017529880559081, 30.462323008379908 ], [ 78.017625884292755, 30.462288221429166 ], [ 78.017721888807856, 30.462253434832984 ], [ 78.017817893544816, 30.462218647156245 ], [ 78.01791389349431, 30.462183862576584 ], [ 78.01800989800941, 30.462149074980314 ], [ 78.018105900743521, 30.462114289029483 ], [ 78.018201908392641, 30.462079500297587 ], [ 78.018297911126581, 30.462044713346668 ], [ 78.018393913860351, 30.462009926395748 ], [ 78.018489918375266, 30.461975138799655 ], [ 78.018585920109473, 30.461940351848558 ], [ 78.018681921062253, 30.461905565543166 ], [ 78.018777925576813, 30.461870777947073 ], [ 78.018873932226199, 30.461835989215178 ], [ 78.01896993496014, 30.461801201264169 ], [ 78.019065936693991, 30.461766414313249 ], [ 78.01916193617916, 30.46173162753961 ], [ 78.019257942942943, 30.46169683876597 ], [ 78.019353947810998, 30.461662049679514 ], [ 78.019449950544939, 30.461627261728683 ], [ 78.019545949144586, 30.461592474913477 ], [ 78.019641950878437, 30.461557687962735 ], [ 78.019737957527639, 30.461522898230751 ], [ 78.019833964176669, 30.461488108498589 ], [ 78.019929965910706, 30.461453319547847 ], [ 78.020025964510708, 30.46141853273264 ], [ 78.020121965244641, 30.461383744781632 ], [ 78.020217970112171, 30.461348955695353 ], [ 78.020313973627353, 30.461314166098905 ], [ 78.020409974361286, 30.461279378148074 ], [ 78.020505973894771, 30.461244589994561 ], [ 78.020601976829255, 30.461209801246323 ], [ 78.020697983478286, 30.46117501051425 ], [ 78.020793985993024, 30.461140220918157 ], [ 78.020889984946166, 30.461105432612587 ], [ 78.020985986679847, 30.461070643661667 ], [ 78.021081989194755, 30.461035854065397 ], [ 78.021177989928702, 30.461001065114477 ], [ 78.021273990662635, 30.460966276163557 ], [ 78.021369996311222, 30.460931485431662 ], [ 78.02146599882667, 30.460896694835302 ], [ 78.021561993645705, 30.460861907665535 ], [ 78.02165799751296, 30.460827117579168 ], [ 78.021754003162428, 30.460792325847006 ], [ 78.021850001568993, 30.460757536739411 ], [ 78.021946000496015, 30.460722748081057 ], [ 78.022042006145142, 30.460687956348895 ], [ 78.022138007660146, 30.460653165752536 ], [ 78.022234005612844, 30.460618376447233 ], [ 78.022330006346778, 30.460583586496401 ], [ 78.022426007861782, 30.460548795899864 ], [ 78.02252200759564, 30.460514005949211 ], [ 78.022618007329669, 30.460479215998202 ], [ 78.022714011978522, 30.460444424266218 ], [ 78.022810011712195, 30.460409633315297 ], [ 78.022906011446224, 30.460374843364466 ], [ 78.023002011180068, 30.460340052413546 ], [ 78.023098010914097, 30.460305262462715 ], [ 78.02319401556295, 30.460270469730641 ], [ 78.023290017077954, 30.460235678134371 ], [ 78.023386015811894, 30.460200887183451 ], [ 78.023482015545753, 30.46016609623253 ], [ 78.023578014279508, 30.460131305281788 ], [ 78.023674014013366, 30.460096514330868 ], [ 78.023770014528637, 30.460061722734419 ], [ 78.023866011481061, 30.460026932429205 ], [ 78.023962016129914, 30.459992139697132 ], [ 78.02405801664537, 30.459957347100595 ], [ 78.024154015379125, 30.459922556149674 ], [ 78.024250014113065, 30.459887764198843 ], [ 78.02434601284665, 30.4598529732481 ], [ 78.024442011644538, 30.459818181274176 ], [ 78.024538010314714, 30.459783390346349 ], [ 78.024634015744809, 30.459748595968481 ], [ 78.024730013478475, 30.459713804017827 ], [ 78.024826010430914, 30.459679012712524 ], [ 78.024922010946, 30.459644220116164 ], [ 78.025018008680206, 30.459609428165155 ], [ 78.02511401232897, 30.459574634432993 ], [ 78.025210011014948, 30.459539841137104 ], [ 78.025306002881678, 30.45950505131275 ], [ 78.025402006530442, 30.45947025758041 ], [ 78.025498006045623, 30.459435463983962 ], [ 78.025594003779474, 30.45940067203313 ], [ 78.02569000642815, 30.459365877301057 ], [ 78.025786004162171, 30.459331084350136 ], [ 78.025881996151995, 30.459296293481106 ], [ 78.025977994714879, 30.459261501229715 ], [ 78.026073997363554, 30.459226706497642 ], [ 78.026170000012229, 30.459191911765569 ], [ 78.026265999527226, 30.459157117169031 ], [ 78.026361991346349, 30.459122325999441 ], [ 78.0264579890802, 30.459087533048699 ], [ 78.026553990729312, 30.459052738316448 ], [ 78.026649988463163, 30.459017944365439 ], [ 78.02674598519657, 30.458983151414696 ], [ 78.026841982930421, 30.458948357463864 ], [ 78.026937981445698, 30.458913563867416 ], [ 78.027033983094285, 30.458878768135254 ], [ 78.027129979828402, 30.458843974184422 ], [ 78.027225971647511, 30.458809182014743 ], [ 78.027321968381102, 30.458774389064001 ], [ 78.027417974944328, 30.458739591550508 ], [ 78.027513966875887, 30.458704798340417 ], [ 78.027609963497738, 30.458670004430086 ], [ 78.027705960231501, 30.458635210479077 ], [ 78.027801963661062, 30.458600414101387 ], [ 78.027897957003404, 30.458565620017506 ], [ 78.027993956129208, 30.458530825199635 ], [ 78.028089951862711, 30.458496030248892 ], [ 78.028185948596828, 30.458461236297882 ], [ 78.028281949245326, 30.458426439565631 ], [ 78.028377941064264, 30.458391646396397 ], [ 78.028473938579623, 30.458356851799859 ], [ 78.028569939228291, 30.458322055067431 ], [ 78.028665934961793, 30.458287260116688 ], [ 78.028761930695993, 30.458252465165767 ], [ 78.028857931344675, 30.458217668433516 ], [ 78.028953932257494, 30.45818287060543 ], [ 78.029049917897012, 30.45814807931345 ], [ 78.029145918545865, 30.458113282581021 ], [ 78.029241913277858, 30.458078486993454 ], [ 78.029337911795082, 30.458043691033563 ], [ 78.029433912676282, 30.458008892854469 ], [ 78.029529902262695, 30.457974100131988 ], [ 78.029625901911459, 30.457939302399648 ], [ 78.029721897644947, 30.457904506448816 ], [ 78.029817892378716, 30.457869710497985 ], [ 78.02991388811256, 30.457834914547153 ], [ 78.030009884628015, 30.457800117950615 ], [ 78.030105879361955, 30.457765321999783 ], [ 78.030201874095354, 30.457730526048952 ], [ 78.030297873743947, 30.457695728316612 ], [ 78.030393869787233, 30.457660930891226 ], [ 78.030489869235623, 30.457626133231184 ], [ 78.030505938401006, 30.457620308151032 ], [ 78.030570904812635, 30.457597134407575 ], [ 78.030650576638564, 30.457569744500876 ], [ 78.030729770971789, 30.457543646948135 ], [ 78.030809378534826, 30.457518533882553 ], [ 78.030889388664548, 30.457494411058104 ], [ 78.030969802846883, 30.457471276105839 ], [ 78.031050585451311, 30.457449139370727 ], [ 78.031131712781757, 30.457428007805074 ], [ 78.031213186282244, 30.457407882058316 ], [ 78.031294993438308, 30.457388763567881 ], [ 78.031377104743271, 30.457370659616831 ], [ 78.031459498776556, 30.457353574819077 ], [ 78.031542165054105, 30.457337512464431 ], [ 78.031625094842653, 30.457322473062174 ], [ 78.031708259832754, 30.457308462088992 ], [ 78.031791649628261, 30.457295481664257 ], [ 78.031857232576584, 30.457286108380419 ], [ 78.031877963491524, 30.457329467948622 ], [ 78.031919905836943, 30.457399269443339 ], [ 78.031968710965231, 30.457465638445544 ], [ 78.032024007447646, 30.457528069839643 ], [ 78.032085374449977, 30.457586088477004 ], [ 78.032152344933351, 30.457639252792976 ], [ 78.032224409210741, 30.457687158166689 ], [ 78.032301018824327, 30.457729440001433 ], [ 78.03238159072086, 30.457765776499865 ], [ 78.032409526822292, 30.457775801227758 ], [ 78.032482224401633, 30.458134448844252 ], [ 78.032494398749918, 30.458185647745726 ], [ 78.032599354992016, 30.458570274548489 ], [ 78.03261508181896, 30.45862120935988 ], [ 78.03263421699063, 30.458671261132206 ], [ 78.032668977859657, 30.45874396386564 ], [ 78.032710920810999, 30.458813765345436 ], [ 78.032759726644144, 30.458880134333075 ], [ 78.032815023925565, 30.458942565713674 ], [ 78.032862210398605, 30.4589880573611 ], [ 78.032912846817226, 30.459030674413743 ], [ 78.033171349127798, 30.459233941779527 ], [ 78.033201863875689, 30.459257014621475 ], [ 78.033273929343594, 30.459304919983285 ], [ 78.033350540222827, 30.45934720180755 ], [ 78.033431113450561, 30.459383538296922 ], [ 78.033515035804612, 30.459413652901954 ], [ 78.033601668572061, 30.459437316426605 ], [ 78.033690352409224, 30.45945434877245 ], [ 78.033780412361608, 30.459464620309671 ], [ 78.033871163000072, 30.459468052863645 ], [ 78.033961913638549, 30.459464620309671 ], [ 78.034051973591104, 30.45945434877245 ], [ 78.034140657428267, 30.459437316426605 ], [ 78.034227290195545, 30.459413652901954 ], [ 78.034311212549767, 30.459383538296922 ], [ 78.034391785777316, 30.45934720180755 ], [ 78.034468396656735, 30.459304919983285 ], [ 78.034540462124639, 30.459257014621475 ], [ 78.034592974321185, 30.45921613544019 ], [ 78.034642168146917, 30.459172267525023 ], [ 78.034663776248351, 30.459150858964055 ], [ 78.034697737429596, 30.459118461523946 ], [ 78.034724752295503, 30.459092429700316 ], [ 78.034780049661478, 30.459029998321139 ], [ 78.034828855569415, 30.458963629334921 ], [ 78.034870798584876, 30.458893827856901 ], [ 78.034905559507195, 30.458821125125066 ], [ 78.034932873798112, 30.458746074457164 ], [ 78.034936289677418, 30.45873272573397 ], [ 78.03500508995792, 30.458730123410991 ], [ 78.035095149234749, 30.458719851872527 ], [ 78.035183832406673, 30.458702819524728 ], [ 78.035270464524146, 30.458679155997412 ], [ 78.03532001843233, 30.458662275740398 ], [ 78.035410412061978, 30.458629147463743 ], [ 78.035468764710913, 30.458605898458 ], [ 78.035525351695966, 30.458579576899556 ], [ 78.035601961974621, 30.458537295070141 ], [ 78.03565094576355, 30.458504732944878 ], [ 78.035701058245891, 30.458510448441221 ], [ 78.035791808000099, 30.458513880995728 ], [ 78.035882557754292, 30.458510448441221 ], [ 78.035972616828985, 30.458500176902401 ], [ 78.036061299802128, 30.458483144554069 ], [ 78.036147931725267, 30.458459481026043 ], [ 78.036231853261484, 30.458429366416571 ], [ 78.036312425704068, 30.458393029921869 ], [ 78.036389035836876, 30.458350748091387 ], [ 78.036461100602594, 30.458302842722471 ], [ 78.036478461072278, 30.458289061261166 ], [ 78.036562871284431, 30.458334288539621 ], [ 78.036651372824394, 30.458381708429858 ], [ 78.036739877541905, 30.458429129558215 ], [ 78.036828379082039, 30.458476548448363 ], [ 78.036916879621913, 30.458523967338333 ], [ 78.037005383400086, 30.458571387427522 ], [ 78.037093884940234, 30.45861880631767 ], [ 78.037182386480367, 30.458666225207818 ], [ 78.03727088802016, 30.458713644097788 ], [ 78.037359389560294, 30.458761062987936 ], [ 78.037447897515747, 30.458808485315156 ], [ 78.037536395724871, 30.458855900884938 ], [ 78.037624895180457, 30.45890331865829 ], [ 78.037713403135911, 30.458950740985511 ], [ 78.037801907913988, 30.458998160074788 ], [ 78.037890408216015, 30.459045577765718 ], [ 78.037978909755793, 30.459092995655599 ], [ 78.038067414534055, 30.459140415744965 ], [ 78.038155921251573, 30.459187835873234 ], [ 78.038244423791625, 30.45923525376347 ], [ 78.038332922154211, 30.45928266941532 ], [ 78.038421426932302, 30.459330089504508 ], [ 78.038509934649724, 30.459377509632777 ], [ 78.038598434951567, 30.459424926323617 ], [ 78.038686922848754, 30.459472336368396 ], [ 78.03869149574885, 30.459474786571104 ], [ 78.038695987601258, 30.459477179745651 ], [ 78.038782882028727, 30.459523213102155 ], [ 78.038792053043608, 30.45952801555357 ], [ 78.038884175512194, 30.459575696924954 ], [ 78.038893603434815, 30.459580518602589 ], [ 78.038986330921659, 30.45962737396982 ], [ 78.038990324722505, 30.459629381773698 ], [ 78.038995832887096, 30.459632117404443 ], [ 78.039089124392106, 30.459678123767251 ], [ 78.039098675617524, 30.459682776438388 ], [ 78.039192521140166, 30.459727929796596 ], [ 78.039202138563994, 30.45973249991528 ], [ 78.039296528104273, 30.459776794268709 ], [ 78.039306190447022, 30.459781271720541 ], [ 78.039401113004473, 30.459824703069014 ], [ 78.039410824048005, 30.459829089874422 ], [ 78.039506269622649, 30.459871654217761 ], [ 78.039516048116212, 30.459875958682101 ], [ 78.039612004707507, 30.459917649020216 ], [ 78.039621826882581, 30.459921860566528 ], [ 78.039718285490622, 30.45996267389933 ], [ 78.039728157575098, 30.459966795348468 ], [ 78.039825106199345, 30.46000672667569 ], [ 78.039835026756336, 30.460010757457621 ], [ 78.03993245539661, 30.460049802779263 ], [ 78.03994243348572, 30.460053746441371 ], [ 78.040040332141828, 30.460091900757167 ], [ 78.040050347701765, 30.460095749383829 ], [ 78.040148703373106, 30.4601330086936 ], [ 78.040158770763412, 30.460136767873056 ], [ 78.040257574450067, 30.460173128176802 ], [ 78.040267676835128, 30.460176791695002 ], [ 78.040366917536645, 30.460212249992455 ], [ 78.040377080284443, 30.460215826948787 ], [ 78.040476746000479, 30.460250377239948 ], [ 78.040486943922815, 30.460253858630768 ], [ 78.040587023652918, 30.46028749791537 ], [ 78.040597256547272, 30.460290883900552 ], [ 78.040697739291346, 30.460323609178506 ], [ 78.040708026174698, 30.46032690594723 ], [ 78.040808905623848, 30.460358713382316 ], [ 78.040819214928547, 30.460361910835463 ], [ 78.040920470699248, 30.460392796099942 ], [ 78.040930827781196, 30.460395902257407 ], [ 78.041032453564711, 30.460425862514793 ], [ 78.041042845279577, 30.460428873327547 ], [ 78.041144830075837, 30.460457905577929 ], [ 78.041155273851629, 30.460460825891165 ], [ 78.041257605660078, 30.460488925134097 ], [ 78.041268063782624, 30.460491744469618 ], [ 78.041370731602825, 30.460518909705367 ], [ 78.041381231864648, 30.460521635737567 ], [ 78.041484223696244, 30.460547862965779 ], [ 78.041494748254706, 30.460550491058722 ], [ 78.041598053097616, 30.46057577827975 ], [ 78.041608622543194, 30.460578313497297 ], [ 78.041712229396779, 30.460602656710609 ], [ 78.041722820492254, 30.460605093405899 ], [ 78.041826717355988, 30.460628490611317 ], [ 78.04183734066693, 30.460630831294164 ], [ 78.041941515540628, 30.460653279491776 ], [ 78.041952173452515, 30.460655524543565 ], [ 78.042056615335923, 30.460677020733282 ], [ 78.042067275831528, 30.460679163660185 ], [ 78.04217197372401, 30.460699707842007 ], [ 78.042182687792049, 30.460701758836404 ], [ 78.042287629693263, 30.460721346010242 ], [ 78.042298354854992, 30.460723296726986 ], [ 78.042403528764751, 30.460741925892574 ], [ 78.042414277565356, 30.460743778794761 ], [ 78.042519672482868, 30.460761447952276 ], [ 78.04253045213737, 30.460763204149774 ], [ 78.04263605506253, 30.460779910298772 ], [ 78.042642295959567, 30.460780880591596 ], [ 78.042646838308471, 30.460781565465975 ], [ 78.042752639240931, 30.460797308606811 ], [ 78.042763453548417, 30.460798867039482 ], [ 78.042869439487376, 30.460813644171889 ], [ 78.042880266319614, 30.460815103118097 ], [ 78.042986426264974, 30.460828913242164 ], [ 78.042997274998626, 30.460830273980175 ], [ 78.043103596950047, 30.460843115095546 ], [ 78.043114467701628, 30.460844377488581 ], [ 78.043220939658397, 30.460856247595434 ], [ 78.043231810456874, 30.460857409211659 ], [ 78.043338420418621, 30.460868308309994 ], [ 78.043349314387015, 30.460869371690311 ], [ 78.043456051353488, 30.46087929777995 ], [ 78.043466945193089, 30.460880260688814 ], [ 78.04357379716356, 30.46088921376958 ], [ 78.043584723370884, 30.460890078957501 ], [ 78.043691677345265, 30.460898056029659 ], [ 78.043702605175994, 30.460898820882907 ], [ 78.04380965115395, 30.46090582194628 ], [ 78.043820577488987, 30.460906486501091 ], [ 78.043927701469599, 30.46091251155568 ], [ 78.043938651354864, 30.460913077254457 ], [ 78.044045843337983, 30.460918124300083 ], [ 78.044056781880499, 30.460918589360961 ], [ 78.04416402986557, 30.460922659397891 ], [ 78.044174979101044, 30.46092302492168 ], [ 78.044282270087805, 30.460926116949647 ], [ 78.044293241784956, 30.46092638299692 ], [ 78.044400563773053, 30.460928495016102 ], [ 78.044411513326139, 30.460928660589257 ], [ 78.044518855314948, 30.460929794599654 ], [ 78.044529816019107, 30.460929860407635 ], [ 78.044638034504132, 30.460930016035324 ], [ 78.044648127655506, 30.460929981254967 ], [ 78.044755473644315, 30.460929157247438 ], [ 78.044766423119597, 30.460929023308001 ], [ 78.044873753107694, 30.460927221291687 ], [ 78.044884725003627, 30.460926986957357 ], [ 78.044992026990826, 30.460924204932081 ], [ 78.045002976576598, 30.460923871078958 ], [ 78.045110238562387, 30.460920111044896 ], [ 78.045121187755228, 30.460919677204377 ], [ 78.045228398739141, 30.46091493916153 ], [ 78.045239336695985, 30.460914405778237 ], [ 78.04534648467768, 30.460908690726516 ], [ 78.045357434427586, 30.460908056491807 ], [ 78.045464506406248, 30.460901363431123 ], [ 78.045475422924781, 30.460900631035823 ], [ 78.045582406900238, 30.460892962966444 ], [ 78.045593321861261, 30.460892130519088 ], [ 78.04570020783315, 30.460883487441013 ], [ 78.045711123617338, 30.460882554491118 ], [ 78.045817898585227, 30.460872936404346 ], [ 78.04582879226426, 30.460871904892759 ], [ 78.045935444227609, 30.460861313797292 ], [ 78.045946326946691, 30.46086018277899 ], [ 78.046052843905144, 30.460848619674916 ], [ 78.046063714404482, 30.460847389220955 ], [ 78.046170085357602, 30.460834855108363 ], [ 78.046180935194897, 30.460833526215989 ], [ 78.046287147142223, 30.460820023094701 ], [ 78.046297983186108, 30.460818594952475 ], [ 78.046404026127291, 30.460804123822758 ], [ 78.046414841678413, 30.460802597307843 ], [ 78.046520702612824, 30.460787160169698 ], [ 78.046530089145975, 30.460785752221096 ], [ 78.046637174168964, 30.460769131704755 ], [ 78.046647942689788, 30.460767409479903 ], [ 78.046753405609962, 30.460750045325167 ], [ 78.046764177465377, 30.460748220756049 ], [ 78.04686942237754, 30.460729894593062 ], [ 78.046880147223078, 30.460727976199085 ], [ 78.046985164127051, 30.460708692027847 ], [ 78.046995877890978, 30.460706673544689 ], [ 78.04710065478622, 30.460686432365467 ], [ 78.047111336168228, 30.460684317726514 ], [ 78.047215861054397, 30.46066312253922 ], [ 78.04722652083359, 30.460660909647661 ], [ 78.047330781710315, 30.460638762452472 ], [ 78.047341415273678, 30.46063645217961 ], [ 78.047445402140625, 30.460613354976527 ], [ 78.04745599535741, 30.460610950544318 ], [ 78.047559695214119, 30.460586907333518 ], [ 78.047570280761136, 30.460584401171307 ], [ 78.047673270603923, 30.460559511953686 ], [ 78.047681054993234, 30.460557602453928 ], [ 78.047731762619946, 30.460544977877166 ], [ 78.047785491427845, 30.460531476258144 ], [ 78.047885430710295, 30.460506360177018 ], [ 78.047985374904897, 30.460481242861501 ], [ 78.048085316760933, 30.460456125882249 ], [ 78.048185258278224, 30.460431009239617 ], [ 78.0482852024723, 30.460405891924101 ], [ 78.048385149655275, 30.460380773606186 ], [ 78.048485092511214, 30.460355655627023 ], [ 78.048585034366894, 30.460330538647948 ], [ 78.048684977223019, 30.460305420668785 ], [ 78.048784919078884, 30.460280303689711 ], [ 78.048884867261592, 30.460255184371707 ], [ 78.04898481045646, 30.460230066056102 ], [ 78.04908474752699, 30.460204949279532 ], [ 78.049184688502663, 30.460179832772969 ], [ 78.049284648799059, 30.460154710159113 ], [ 78.04931222707188, 30.460147778423039 ], [ 78.049370384625675, 30.460133431971901 ], [ 78.049453587381123, 30.460113844186285 ], [ 78.04953565308486, 30.460095611607994 ], [ 78.049618017716071, 30.460078394847354 ], [ 78.04970065950441, 30.460062198759861 ], [ 78.049783557606659, 30.460047027155088 ], [ 78.049866695595071, 30.460032883443642 ], [ 78.049950062355322, 30.460019769339706 ], [ 78.050033638616426, 30.46000768768403 ], [ 78.05011002510841, 30.459997567829031 ], [ 78.050124760981902, 30.45999571785055 ], [ 78.05014890775324, 30.459992560845581 ], [ 78.050201330993033, 30.459986635471434 ], [ 78.050285427496846, 30.459977666572922 ], [ 78.050369654343854, 30.459969740641366 ], [ 78.05045446185828, 30.459962820653406 ], [ 78.050538426439346, 30.459957020731974 ], [ 78.050623017055813, 30.459952225278339 ], [ 78.050707636816085, 30.459948478843355 ], [ 78.050792309930998, 30.45994577961407 ], [ 78.050877013103829, 30.459944128541725 ], [ 78.050961738249839, 30.459943526272735 ], [ 78.051046464338924, 30.459943972020529 ], [ 78.051131171604482, 30.459945466589264 ], [ 78.051215852867543, 30.45994800933217 ], [ 78.051300476828004, 30.459951599021426 ], [ 78.051388151225879, 30.459956407307995 ], [ 78.051413464240682, 30.459958008427765 ], [ 78.051467808302021, 30.459961783955922 ], [ 78.051553881483315, 30.459968647335653 ], [ 78.051638132701939, 30.459976418128374 ], [ 78.051722249782173, 30.459985231187812 ], [ 78.051806209664065, 30.45999508340179 ], [ 78.051889998060901, 30.460005974192814 ], [ 78.051973601580741, 30.460017900783551 ], [ 78.05205699536684, 30.460030860090423 ], [ 78.052140168422127, 30.460044850717036 ], [ 78.052223103498719, 30.460059869119558 ], [ 78.05230578536505, 30.460075913119109 ], [ 78.052388195205069, 30.460092978163065 ], [ 78.052470307071701, 30.460111059573034 ], [ 78.052552117042239, 30.460130156969054 ], [ 78.052633608583932, 30.460150265294548 ], [ 78.052714750344975, 30.460171377324006 ], [ 78.052795539065926, 30.460193493140206 ], [ 78.052875965626271, 30.460216608904442 ], [ 78.052956421537004, 30.460240842973239 ], [ 78.053035567814092, 30.460265791965089 ], [ 78.053114808872962, 30.46029188201592 ], [ 78.053193572367888, 30.4603189367438 ], [ 78.053271883240171, 30.460346963525584 ], [ 78.053349722028386, 30.46037595575962 ], [ 78.053427076018977, 30.460405908753483 ], [ 78.053503926137068, 30.460436814900813 ], [ 78.053580261202271, 30.460468670078331 ], [ 78.053656062183222, 30.46050146579665 ], [ 78.053731310297451, 30.460535194524017 ], [ 78.053805999358076, 30.460569853557171 ], [ 78.053880110052901, 30.460605433069485 ], [ 78.053953627974607, 30.460641927130236 ], [ 78.054026533706548, 30.460679324752657 ], [ 78.054098809543959, 30.460717618610342 ], [ 78.054170449660731, 30.460756804731535 ], [ 78.054241441229792, 30.460796876490424 ], [ 78.054311767095641, 30.46083782313028 ], [ 78.054381404559251, 30.460879632125479 ], [ 78.054450344891634, 30.460922298614843 ], [ 78.054518576699564, 30.460965815383521 ], [ 78.054586086533206, 30.461010173337808 ], [ 78.054652857076249, 30.461055361532328 ], [ 78.054718872778665, 30.46110136892187 ], [ 78.054784122373377, 30.461148188899454 ], [ 78.05484859604546, 30.461195813040884 ], [ 78.054912279513559, 30.461244231989557 ], [ 78.05497515854195, 30.461293433167622 ], [ 78.05503721393832, 30.461343403384564 ], [ 78.055098442778984, 30.461394139631945 ], [ 78.055158828883989, 30.461445628236437 ], [ 78.055218358967082, 30.461497858395834 ], [ 78.055277025327385, 30.461550822920689 ], [ 78.055334807547098, 30.461604502950888 ], [ 78.055391699686993, 30.461658894592656 ], [ 78.055447689755752, 30.461713984259706 ], [ 78.055502767207329, 30.461769763976019 ], [ 78.05555691906082, 30.461826217328056 ], [ 78.055610129816799, 30.461883331973159 ], [ 78.055662397893244, 30.461941103511823 ], [ 78.055713709595679, 30.461999518270542 ], [ 78.055764049953879, 30.462058556921132 ], [ 78.055813409251144, 30.462118211790443 ], [ 78.055861784533775, 30.46217847589384 ], [ 78.05590916005896, 30.462239331823735 ], [ 78.055955528937119, 30.462300768670278 ], [ 78.056000875456903, 30.462362767359839 ], [ 78.056045196843826, 30.462425324063833 ], [ 78.056089069630644, 30.462489278471292 ], [ 78.056122610039495, 30.462539603811631 ], [ 78.056133063404786, 30.46255548736335 ], [ 78.056184607553107, 30.462633804682735 ], [ 78.056236148441471, 30.462712118568422 ], [ 78.056287693690251, 30.462790438559804 ], [ 78.05633923820308, 30.462868756433235 ], [ 78.056390779882634, 30.462947070001665 ], [ 78.05644232297864, 30.463025386722418 ], [ 78.056493867491653, 30.463103704596026 ], [ 78.056545410587844, 30.463182020316868 ], [ 78.056596952267213, 30.46326033388512 ], [ 78.056648497515994, 30.463338653876679 ], [ 78.056700044644344, 30.463416974204502 ], [ 78.056751586125287, 30.46349528747113 ], [ 78.056803129640343, 30.463573602309122 ], [ 78.056854671900766, 30.463651917759957 ], [ 78.056906218794978, 30.463730237732154 ], [ 78.056957760509874, 30.46380855135423 ], [ 78.057009306758573, 30.463886870346055 ], [ 78.057060850854668, 30.463965186066719 ], [ 78.057112394950948, 30.464043501787561 ], [ 78.057163939047058, 30.464121817508403 ], [ 78.057215483143153, 30.464200133229067 ], [ 78.057267029391852, 30.464278452220714 ], [ 78.057318574488221, 30.464356767941734 ], [ 78.057370118584146, 30.464435083662398 ], [ 78.057421663680159, 30.464513399383062 ], [ 78.057473207776439, 30.464591715104081 ], [ 78.057524752872624, 30.464670030825101 ], [ 78.057576296968548, 30.464748346545765 ], [ 78.057627844217336, 30.464826665537057 ], [ 78.05767938931352, 30.464904981258076 ], [ 78.057730934409534, 30.464983296978918 ], [ 78.057782479505548, 30.465061612699582 ], [ 78.057834024601746, 30.465139928420601 ], [ 78.05788556969793, 30.465218244141443 ], [ 78.05793711836354, 30.465296565285502 ], [ 78.057988664459458, 30.465374880006078 ], [ 78.05804020598589, 30.465453190303702 ], [ 78.058091753234848, 30.465531509295172 ], [ 78.05814330148354, 30.465609828286642 ], [ 78.058194846843875, 30.465688142889622 ], [ 78.058246391939704, 30.465766457610375 ], [ 78.058297938771574, 30.465844774449078 ], [ 78.058349484867861, 30.46592309016992 ], [ 78.058401032380601, 30.466001408043528 ], [ 78.058452578476704, 30.466079722764281 ], [ 78.058504123155814, 30.466158036332356 ], [ 78.058555670668738, 30.466236354205787 ], [ 78.058607218917601, 30.466314672197345 ], [ 78.058658766013792, 30.466392987918365 ], [ 78.058710312109724, 30.46647130263894 ], [ 78.058761857788738, 30.466549616206837 ], [ 78.058813405301663, 30.466627934080446 ], [ 78.058864954550259, 30.466706252071827 ], [ 78.058916499493691, 30.46678456452204 ], [ 78.058968045589793, 30.466862879243148 ], [ 78.059019594838574, 30.466941198234441 ], [ 78.05907114193441, 30.467019512955016 ], [ 78.05912282332531, 30.467098032708027 ], [ 78.059121543348823, 30.467102695096369 ], [ 78.059101880263981, 30.467179522109564 ], [ 78.059097945539605, 30.467200260995018 ], [ 78.059043531680061, 30.467509534410429 ], [ 78.059005453455754, 30.467681863402749 ], [ 78.059002708865592, 30.467694794122 ], [ 78.058990850421765, 30.467772813288594 ], [ 78.058986886990766, 30.467851430843726 ], [ 78.058989679493351, 30.467917455057378 ], [ 78.058998043432936, 30.467983125117524 ], [ 78.05902457382966, 30.468138858323943 ], [ 78.059029235951726, 30.468163800808465 ], [ 78.059048897655273, 30.468240628115471 ], [ 78.059076214595095, 30.468315678674305 ], [ 78.059110978888583, 30.468388381300269 ], [ 78.05915292597173, 30.468458182676681 ], [ 78.059201736613119, 30.468524551566443 ], [ 78.0592570393421, 30.468586982854671 ], [ 78.059304745708246, 30.468632938136029 ], [ 78.059355972896952, 30.468675955867095 ], [ 78.059631257193473, 30.46889177764319 ], [ 78.059637623545001, 30.469097060522952 ], [ 78.05964252244371, 30.469163510185968 ], [ 78.059653066786183, 30.469229465782863 ], [ 78.059672728703603, 30.469306293077079 ], [ 78.059700045940971, 30.469381343623656 ], [ 78.059734810612824, 30.469454046237718 ], [ 78.059776758152665, 30.469523847602762 ], [ 78.059825569325369, 30.469590216481688 ], [ 78.059880872656521, 30.469652647759791 ], [ 78.059942247259173, 30.469710666289505 ], [ 78.060009226037252, 30.469763830506533 ], [ 78.060081299240125, 30.469811735791428 ], [ 78.060157918342298, 30.469854017547657 ], [ 78.060238500218219, 30.469890353978588 ], [ 78.060322431579991, 30.469920468535125 ], [ 78.060325444226308, 30.469921413812049 ], [ 78.060902634580302, 30.470101647351076 ], [ 78.060987809552984, 30.470124722740675 ], [ 78.061074952668989, 30.470141396315729 ], [ 78.061165022453864, 30.470151667836074 ], [ 78.061255783000149, 30.470155100384364 ], [ 78.061346543546421, 30.470151667836074 ], [ 78.061436613331125, 30.470141396315729 ], [ 78.061525306850498, 30.470124363997595 ], [ 78.061611949075981, 30.470100700511669 ], [ 78.061695880592467, 30.470070585956019 ], [ 78.06177646261672, 30.470034249526154 ], [ 78.061853081859937, 30.469991967770813 ], [ 78.06192515519551, 30.469944062487517 ], [ 78.061992134097039, 30.469890898271732 ], [ 78.062053508812667, 30.469832879743617 ], [ 78.062108812245611, 30.46977044846729 ], [ 78.062157623508199, 30.469704079590318 ], [ 78.062199571125305, 30.469634278227229 ], [ 78.062234335861291, 30.469561575615121 ], [ 78.062261653148738, 30.469486525070675 ], [ 78.062281315102581, 30.469409697778413 ], [ 78.062291313489055, 30.469343908150979 ], [ 78.062293889284277, 30.46934160010851 ], [ 78.062342909424402, 30.469294465791616 ], [ 78.062385632788633, 30.469247258276031 ], [ 78.062426059597556, 30.46919939201965 ], [ 78.062458027044201, 30.46915931404298 ], [ 78.062487450106232, 30.469117799630983 ], [ 78.062529397471991, 30.469047998261498 ], [ 78.06256286591929, 30.468978006119727 ], [ 78.062585951426755, 30.468939591267894 ], [ 78.062620715915997, 30.468866888648147 ], [ 78.062648033009651, 30.468791838095708 ], [ 78.062667694823872, 30.468715010795275 ], [ 78.062674852263399, 30.468667914328726 ], [ 78.062688130765693, 30.468614029797667 ], [ 78.062699860645338, 30.468534974189208 ], [ 78.062718410300846, 30.468498849429491 ], [ 78.062737134822868, 30.468457484667564 ], [ 78.062756526633507, 30.468406694015346 ], [ 78.062772408462521, 30.468354996915412 ], [ 78.062793860687222, 30.468275785751207 ], [ 78.062805565704267, 30.468226395807161 ], [ 78.062817158794132, 30.468150945945869 ], [ 78.062821367354388, 30.468074918068897 ], [ 78.062822769171547, 30.467862272074218 ], [ 78.062830522441033, 30.467851729718785 ], [ 78.062872469264292, 30.4677819283358 ], [ 78.062907233342315, 30.467709225703086 ], [ 78.062934550113027, 30.467634175137324 ], [ 78.062954211694546, 30.467557347823213 ], [ 78.062966068468057, 30.467479328466549 ], [ 78.062970030214544, 30.467400710843737 ], [ 78.062966066801664, 30.467322093283098 ], [ 78.062954208412549, 30.467244074111175 ], [ 78.062934545314903, 30.46716724709869 ], [ 78.062907227173909, 30.4670921969422 ], [ 78.062872461913017, 30.467019494814149 ], [ 78.062830514130354, 30.466949694015586 ], [ 78.062781703084482, 30.466883325766556 ], [ 78.062726400265262, 30.46682089516187 ], [ 78.062665026565185, 30.466762877328133 ], [ 78.062598049077096, 30.466709713808324 ], [ 78.062525977538499, 30.466661809200577 ], [ 78.062449360452135, 30.466619528080106 ], [ 78.062374951359914, 30.466585705994529 ], [ 78.062301144211432, 30.46655538168098 ], [ 78.062254728857553, 30.46648486824429 ], [ 78.062228801338406, 30.46644547856344 ], [ 78.062226004446089, 30.466441255980623 ], [ 78.062177193653881, 30.466374887726264 ], [ 78.062121891121905, 30.466312457116604 ], [ 78.062066014673547, 30.466258791734777 ], [ 78.062039118087966, 30.466183295899238 ], [ 78.062005533881617, 30.466112794846598 ], [ 78.061965194607822, 30.466045003337303 ], [ 78.0619454278619, 30.466014974180897 ], [ 78.061893882317889, 30.465936664525959 ], [ 78.061842333149926, 30.465858350364581 ], [ 78.061790783633981, 30.465780034155774 ], [ 78.06177122247631, 30.465750316773619 ], [ 78.061768430041937, 30.465746100932609 ], [ 78.061719619596303, 30.465679732671145 ], [ 78.061664317456902, 30.465617302054913 ], [ 78.061602944511591, 30.465559284210517 ], [ 78.061535967847206, 30.465506120680761 ], [ 78.061463897194642, 30.465458216064132 ], [ 78.061387281050287, 30.465415934935844 ], [ 78.061306702501298, 30.465379599073525 ], [ 78.061222774788163, 30.465349485008328 ], [ 78.061136136637813, 30.465325821920661 ], [ 78.061062639645328, 30.465310822115708 ], [ 78.061010423636745, 30.465231490823594 ], [ 78.060958872579988, 30.465153172273727 ], [ 78.060907325828765, 30.465074859265204 ], [ 78.060855777924857, 30.464996543986143 ], [ 78.060804229021045, 30.464918227706992 ], [ 78.060752683269911, 30.464839915698381 ], [ 78.060701135366017, 30.46476159941923 ], [ 78.060649585309349, 30.464683280869362 ], [ 78.060598036405537, 30.464604964590389 ], [ 78.060546490654218, 30.464526652581778 ], [ 78.060494944903084, 30.464448339573078 ], [ 78.060443397999279, 30.464370024294016 ], [ 78.060391849359604, 30.464291706897004 ], [ 78.060340300038703, 30.464213388465087 ], [ 78.060288753864796, 30.464135075813967 ], [ 78.060237208800586, 30.464056762329914 ], [ 78.060185659479856, 30.463978443898352 ], [ 78.06013411472864, 30.463900131889741 ], [ 78.060082567088884, 30.463821814492551 ], [ 78.060031017768154, 30.463743496060811 ], [ 78.059979473017108, 30.463665184052378 ], [ 78.059927927530296, 30.463586869925994 ], [ 78.059876380626307, 30.463508553646665 ], [ 78.059824832305495, 30.46343023521457 ], [ 78.059773287554279, 30.463351923206137 ], [ 78.059721743067371, 30.463273609079931 ], [ 78.059670194011147, 30.463195289530152 ], [ 78.059618648587758, 30.463116975500402 ], [ 78.059567103355846, 30.463038660242301 ], [ 78.059515556452212, 30.462960343963328 ], [ 78.059464011284263, 30.462882028802216 ], [ 78.059412463227588, 30.462803710252349 ], [ 78.059360917740605, 30.462725396125609 ], [ 78.059309373989649, 30.462647083117442 ], [ 78.059257828085919, 30.462568766838292 ], [ 78.059206282181847, 30.462490450558963 ], [ 78.059154738430706, 30.462412137550618 ], [ 78.059103193527079, 30.462333821271468 ], [ 78.059051645470589, 30.462255501721867 ], [ 78.059000101807911, 30.462177188847637 ], [ 78.058948556815636, 30.462098872434016 ], [ 78.058897015274297, 30.462020562782985 ], [ 78.058845467424746, 30.461942241028392 ], [ 78.058793920104378, 30.461863922596653 ], [ 78.058742377353155, 30.461785609588308 ], [ 78.058690832449528, 30.461707293309335 ], [ 78.058639287545716, 30.461628977030006 ], [ 78.058587742641905, 30.461550660750856 ], [ 78.058536199155085, 30.46147234662465 ], [ 78.058484644005958, 30.461394013779728 ], [ 78.058471937015838, 30.461374708832398 ], [ 78.058469146285518, 30.461370495452353 ], [ 78.058428091456122, 30.461308897554016 ], [ 78.058421466551579, 30.461299100575854 ], [ 78.058366159074936, 30.461218478949679 ], [ 78.058358465762822, 30.461207444703629 ], [ 78.058301695310121, 30.461127320083978 ], [ 78.058293819999051, 30.461116381137874 ], [ 78.058235733572189, 30.4610369675237 ], [ 78.058227684324336, 30.461026134760569 ], [ 78.058168294923391, 30.460947448151341 ], [ 78.058160070976882, 30.460936719999463 ], [ 78.058099390602209, 30.460858775395092 ], [ 78.058090985128374, 30.460848143090811 ], [ 78.058029025780328, 30.460770957490677 ], [ 78.058020441942858, 30.460760425576137 ], [ 78.057957215621798, 30.460684014980064 ], [ 78.057948457758741, 30.460673589055762 ], [ 78.057883977464741, 30.460597969463397 ], [ 78.05787506678935, 30.460587673890114 ], [ 78.057809347522877, 30.46051285830119 ], [ 78.05780024558571, 30.460502648853858 ], [ 78.057733298346847, 30.460428655268021 ], [ 78.057724044525315, 30.460418576470314 ], [ 78.057655885314247, 30.460345418887211 ], [ 78.057646456686058, 30.460335445478623 ], [ 78.057577096503039, 30.460263137898078 ], [ 78.057573900805636, 30.460259822578681 ], [ 78.057567507634488, 30.460253285580006 ], [ 78.057496963479622, 30.460181845001397 ], [ 78.05748721860094, 30.460172117735471 ], [ 78.057415503474303, 30.460101556158623 ], [ 78.057405593247523, 30.460091944643128 ], [ 78.057332722149397, 30.460022278067687 ], [ 78.057322656089056, 30.460012791713051 ], [ 78.057248644019339, 30.459944034138662 ] ], [ [ 78.001852044988865, 30.437784426766132 ], [ 78.001861290908096, 30.43775386117785 ], [ 78.001863477631076, 30.4377635629106 ], [ 78.001876173122668, 30.437814865008281 ], [ 78.001893618474327, 30.437875149058033 ], [ 78.001915813098066, 30.437934249116747 ], [ 78.001923462191868, 30.437951884430756 ], [ 78.00194556077652, 30.438001261592493 ], [ 78.001977310901893, 30.438064845679822 ], [ 78.002014599229341, 30.438126130779128 ], [ 78.002017259599924, 30.438130100218306 ], [ 78.00204714733222, 30.438174434421104 ], [ 78.002085032894996, 30.438226472079908 ], [ 78.002126924285974, 30.438276150842523 ], [ 78.002153404191887, 30.438305404006325 ], [ 78.002175047762549, 30.438328518549138 ], [ 78.00220692998812, 30.43835993296776 ], [ 78.002223746969534, 30.438375748064903 ], [ 78.00226056775044, 30.438408656611369 ], [ 78.002299270233436, 30.438439901989565 ], [ 78.002341461296169, 30.438472268209136 ], [ 78.002362367768811, 30.438487882824159 ], [ 78.002416507507547, 30.438524674953147 ], [ 78.00247333387783, 30.438558287857607 ], [ 78.00249633866008, 30.438570950313757 ], [ 78.002483294582262, 30.43857231144381 ], [ 78.002379999069859, 30.438583090810365 ], [ 78.002276709043727, 30.4385938696044 ], [ 78.002226310029698, 30.438599128814712 ], [ 78.002215010835044, 30.438600307975836 ], [ 78.002180493659978, 30.438603870035639 ], [ 78.00216273532881, 30.438605552870133 ], [ 78.002148948387983, 30.438596604556221 ], [ 78.002121253778881, 30.438577667490261 ], [ 78.002080888697478, 30.438549941787638 ], [ 78.001999353651385, 30.43849393856922 ], [ 78.001917825486899, 30.438437940077865 ], [ 78.001836295887117, 30.438381939913715 ], [ 78.001754765287245, 30.438325939749387 ], [ 78.001673238122848, 30.438269941258032 ], [ 78.001630426306178, 30.438240535143333 ], [ 78.00163304478761, 30.438236638771574 ], [ 78.001645224822013, 30.438217843348934 ], [ 78.001672017543655, 30.438175316164315 ], [ 78.001687104902032, 30.438150455820843 ], [ 78.001700916735317, 30.438126810724118 ], [ 78.001723037358161, 30.438086495515169 ], [ 78.00175781683204, 30.438018841265677 ], [ 78.001782497953187, 30.437966471499731 ], [ 78.001803097541881, 30.437918518348059 ], [ 78.001805715683673, 30.4379123551176 ], [ 78.001820027364403, 30.437875876739415 ], [ 78.001837595925764, 30.437827747607802 ], [ 78.001852044988865, 30.437784426766132 ] ], [ [ 78.001932761357395, 30.436754593549029 ], [ 78.001985299280918, 30.436746682904801 ], [ 78.001976941970341, 30.436776128157614 ], [ 78.001966713247398, 30.436816047937807 ], [ 78.001945097302283, 30.436910475771182 ], [ 78.001941019947296, 30.436929336387539 ], [ 78.001937872289332, 30.436945680166669 ], [ 78.001920992338739, 30.4370385740358 ], [ 78.001918775486089, 30.43705137053708 ], [ 78.001917453222362, 30.437059394766894 ], [ 78.001912956651068, 30.437026713921487 ], [ 78.001904616136841, 30.436976753986276 ], [ 78.001899523261201, 30.436949251388032 ], [ 78.001895879374771, 30.436932295084649 ], [ 78.001884667878329, 30.436882760171056 ], [ 78.001873379002717, 30.436838740008429 ], [ 78.001859324528866, 30.436789752115576 ], [ 78.001851170512381, 30.436764088448296 ], [ 78.001864209945026, 30.436762891473688 ], [ 78.001932761357395, 30.436754593549029 ] ] ] ] } }
]
}
